source_row,actual,LinearRegression,LASSO,Ridge
10314,12.53,11.07198560963687,11.070627520997554,11.07201681736352
10489,6.39,7.297322027189956,7.298458512880965,7.297799666141729
2478,13.43,13.441200974957908,13.442146651712772,13.441561563017967
21996,7.29,7.408903968445419,7.4099736524777216,7.409679042733213
6399,10.39,11.003477818888673,11.003699377579778,11.003369864766226
21025,11.99,10.91469120449686,10.913555834743946,10.914300798960022
22434,12.69,11.009522746063622,11.009616500583812,11.009417142789237
9883,10.99,11.004786180140526,11.00531416360777,11.00475010541265
3061,10.0,11.042666911998243,11.04099988354834,11.04254841080353
17487,9.99,10.913478715909285,10.913141642067982,10.91321394569077
18816,16.29,15.348205436076686,15.344114967424076,15.347045175349376
25744,11.11,10.96143809144338,10.962300831807886,10.961496928347291
9665,13.79,13.406353742803802,13.403679245369268,13.405562824710504
23398,13.55,15.359946912724137,15.359036958540898,15.359426400185974
30278,10.25,11.043253567045337,11.041959605208424,11.04314498892407
18150,12.99,13.588786178314503,13.590622991588873,13.58994474443273
20913,9.63,7.408507637529844,7.4102996225007844,7.409291551829361
20366,13.92,13.454870830664238,13.452498151596885,13.4540632205013
7407,6.62,7.258166198997132,7.2616716506815475,7.25885053612736
13381,11.09,13.4858877160002,13.484981625561305,13.485580057824624
2345,8.49,7.350389141838202,7.3521500554830155,7.350970812843756
9229,10.83,10.901467240538173,10.902660057979705,10.901370848115864
25374,14.96,15.289056611657443,15.287038236584884,15.288022291574984
2623,10.75,10.994351852557891,10.9937250451121,10.99411750674497
31567,13.49,13.482095568974355,13.477557963290558,13.481075907310741
28130,7.29,7.329207390598549,7.330359590657334,7.329799378017674
12748,6.03,7.329594904292683,7.332263480129478,7.330364852974265
12531,7.51,7.43156384490389,7.43269254009864,7.432458787703694
10843,10.65,11.045799160587283,11.044915641156145,11.045839260594615
13987,8.59,7.429360437866474,7.43083064921291,7.430300544419531
25752,11.11,10.990109230210553,10.991203949131219,10.990306069155123
7054,7.14,7.230518016741844,7.233609065317708,7.231038629659678
17282,5.42,7.266394083085539,7.26806620075198,7.266853663482592
27556,10.99,10.940183386877278,10.940725724436644,10.94005423149473
9401,15.27,13.404685546449386,13.407485439844224,13.405169527051234
23190,10.37,10.950968686408029,10.951964801023053,10.950910943974879
7249,14.42,15.336202679387174,15.337323554883689,15.336445689427308
27475,14.84,15.337396933827128,15.33820420431397,15.337616479141449
26025,8.88,11.055668627340296,11.055652419580653,11.05593832661312
1256,10.0,11.04712425298704,11.04781019312751,11.047334009431657
3771,9.63,10.995840620071458,10.995784571418271,10.99566141645345
16487,10.74,11.00491451623535,11.004705872916624,11.004775619354335
2869,12.69,11.04037887629951,11.039248576491103,11.040235515037121
1831,12.42,11.073122342092645,11.072477500140108,11.07326828451587
25386,14.11,15.38555697913833,15.386419049608497,15.385909797797595
7871,8.9,7.37691596470451,7.379172835791257,7.377634326663144
2263,6.62,7.2528560557551796,7.255633511092226,7.253325800847241
9440,10.74,10.896499019360672,10.897846674423082,10.896407668625214
29144,17.93,16.981431968091936,16.976871328232736,16.979429120109394
2674,9.62,11.01775102043935,11.016038082840085,11.01752534194785
31872,20.62,18.51313422707163,18.49823753966337,18.50572483747367
13726,5.79,7.356802217454833,7.3586623792115,7.357634297144385
15452,12.87,13.39308365955927,13.391486806234461,13.392179128569198
9831,15.65,15.337824342115145,15.34005784001936,15.33810003941873
25397,7.68,7.393488165519074,7.394120644778607,7.394088274886468
3671,15.65,15.286158700206432,15.287342808873552,15.286230159633957
2751,11.36,11.03504896433866,11.034428793532928,11.035090140733743
19670,11.49,11.016271946615426,11.015486837030483,11.016033379373916
8810,10.25,11.029054113213338,11.028273889105225,11.02902009841927
110,9.91,10.821223030329502,10.823123672493018,10.82095560608672
21284,5.79,7.309929500270989,7.312399399974051,7.310517491438999
26031,6.54,7.377779814819229,7.380793255825807,7.378745076151595
22018,6.91,7.323627876255879,7.326385030465164,7.324339434263513
7067,13.85,13.504050695152436,13.500585019638654,13.503350690770745
1245,19.91,17.017279138702605,17.017760910557094,17.01669618472883
14199,7.88,7.3441831421524455,7.34615706611755,7.345003250971456
11883,7.88,7.301548091915504,7.304084752084767,7.302185771748221
20747,10.25,11.032564450409842,11.031379568267205,11.032472923807935
11020,11.49,10.87833325617529,10.878638081956792,10.877923054247944
19371,11.49,11.005325199362781,11.004080822513782,11.005135512335439
19575,10.65,11.040502004996988,11.039023918728342,11.040429512872926
12895,10.25,11.073037406866035,11.072175588161773,11.073201396037465
26906,13.92,13.398079670006812,13.398957708559497,13.398293381482354
20342,17.49,15.363751614499654,15.363301789733658,15.36381791587985
17714,16.29,15.337659462593756,15.33870719037376,15.337722562452
21320,12.42,10.925508712216526,10.925865564100235,10.925294969865686
31599,7.88,7.340165428872446,7.342811318528024,7.340973169127468
23274,13.11,13.443747644062473,13.444572168818791,13.44410538028901
30880,10.0,11.02656822880613,11.0273456961544,11.026630199975033
26559,7.29,7.3343530978256375,7.336961248062668,7.335029278086023
16880,10.59,10.985860603318093,10.984648717178917,10.985605286884933
20183,10.0,11.000092337284233,10.999359949208104,10.999958993041654
20980,13.57,13.454980486935089,13.455840300155383,13.455341481685684
27763,9.63,10.954781523925842,10.954428762079118,10.954542822349499
4842,18.25,15.35398706005943,15.350402523147332,15.35296832712272
8947,12.61,13.333263391504868,13.335144040497182,13.333353519597194
19434,15.7,15.38620144291004,15.385642509132591,15.386309387657917
16640,14.26,13.468620191525147,13.47071600659934,13.469147453118728
24116,11.49,10.959689060241713,10.961424160889297,10.959919550850106
28881,7.49,7.369669844083675,7.370569040797704,7.370286417738664
6959,10.99,11.011460420336277,11.011280524449987,11.011284200618631
26098,6.99,7.329807575038839,7.332013308878257,7.330404118935046
24745,7.51,7.412849274174098,7.414235015074852,7.41369226085761
24288,12.68,13.38294010513429,13.385096447567353,13.383252501577392
26654,10.65,10.924115131391604,10.924757252754887,10.923927133102165
16351,5.99,7.375055953285687,7.377039570628903,7.37577468286821
23578,12.53,13.380026590203606,13.377263773706192,13.379075509819323
12880,6.03,7.436605589714635,7.437811164055901,7.437521077791136
11928,15.65,15.351964560949892,15.353164065848452,15.352301957939723
3912,12.42,11.00124853846561,11.000741832828806,11.001055978526267
31931,15.96,13.487717144158513,13.488631216888162,13.488214769590407
3340,7.14,7.275503217943593,7.277501172754079,7.276076421063914
6206,7.9,7.345400698124519,7.347034890932525,7.346079235173509
5458,14.35,13.324749912278348,13.327235062679293,13.324923104571836
28516,7.51,7.483476257416423,7.482615264124483,7.484148008313507
21128,13.57,13.364784389692833,13.366696709822916,13.365134383314796
16316,11.89,11.032251500091464,11.030467064569471,11.031960846793964
31296,9.32,7.350136794900275,7.351875747460416,7.350899444085714
11372,7.88,7.288230578600849,7.290991209103175,7.2888631029476025
12682,8.94,7.475648803340035,7.475396420409939,7.476435322556647
15779,6.03,7.456055437925325,7.457420392253258,7.457062218646259
24434,6.92,7.412241166125237,7.4132632771240425,7.413039030948326
17401,7.9,7.305225353429557,7.306769017739512,7.305795916165156
5452,13.16,13.476975850311835,13.473309556808008,13.476144565312563
27119,11.49,10.915157909853825,10.914243887719623,10.91475226870308
653,16.49,15.417449407407382,15.415030910917654,15.416880286813537
26755,13.06,13.489176237936544,13.491315211432038,13.489930268556996
7350,5.79,7.250672131927099,7.253835454716703,7.251293368532216
16360,8.9,7.385603984223571,7.387376926726138,7.386465984618086
26368,7.9,7.447785872984925,7.4490888086093126,7.448709974663092
9362,9.63,7.327337578726162,7.329362892201638,7.328099323688836
27339,15.96,13.497036514071073,13.49980849694397,13.497840100794853
16980,8.94,7.2769296432068264,7.280453296709008,7.277696805732596
25510,14.46,15.442034737515074,15.43814391371783,15.44124382525008
23718,15.21,15.23816593001577,15.23630116595048,15.237014454848747
27701,14.96,15.418298303793156,15.415319650724221,15.417627889665471
28144,12.42,11.039507972936452,11.037766251627943,11.039307764723237
11303,16.45,17.026460273297623,17.02062262194683,17.02446452737374
21387,14.27,13.522695830627072,13.518131568632644,13.521850022137276
13225,6.03,7.3809290041156865,7.3821565483038905,7.381558733712524
25097,13.16,13.491619820129706,13.493371461194464,13.492299103484221
31874,10.0,10.897845101422028,10.897331937632014,10.897379860859461
21017,6.99,7.281615434077335,7.283525012576278,7.282164423486072
17375,13.16,13.513125157345907,13.514087801290188,13.513717146601188
1762,15.58,15.32762950985473,15.324927648975054,15.326494723184855
25295,14.22,13.505762664476768,13.506796520251818,13.506369447478521
27651,12.99,13.62761281109336,13.625026183619376,13.627620075174772
997,5.79,7.381329720254275,7.382027066805715,7.381985501133556
13184,7.51,7.278467795103985,7.281000298520253,7.279007978264291
32391,8.49,7.432874464517943,7.434377802515613,7.433615247425169
11370,9.91,11.028672132919347,11.02784776695734,11.028643170804436
24929,8.59,7.316150506388837,7.3174041915978565,7.316680850302755
10313,12.53,13.354260353074586,13.355085389821996,13.35433665499578
11422,14.42,15.372250709310567,15.3697252323954,15.371359281460588
3291,9.99,10.924492764206333,10.924296945773225,10.92428821150297
22432,6.92,7.308286813364876,7.309190437647649,7.30876265798532
11971,6.54,7.316446287323165,7.319160660276604,7.317168226695849
18531,13.57,13.547876429889087,13.549325323700742,13.548686096782625
17470,15.58,15.369562973501425,15.364904690433718,15.36837992760097
14771,6.03,7.2729789695131695,7.274239890932788,7.273372360537535
26686,5.79,7.342533815812809,7.344157839320437,7.343227087342491
22466,7.88,7.314301662660318,7.315737254512101,7.314879156880938
14598,12.98,13.411325515812912,13.408150012622686,13.410415034016161
6227,5.99,7.3672507719979174,7.368727050297518,7.367954688183807
11143,8.49,7.390475275844425,7.391970463630146,7.3912876890519525
25368,12.42,10.985046310108068,10.98473032904344,10.984825573040625
9576,6.99,7.3998312577724175,7.401678465699604,7.400539375756286
24293,14.79,13.50161378876711,13.497859958384971,13.500805331105045
19627,10.25,11.037011846896394,11.035359091127422,11.036775809913419
18059,11.48,11.10655313864519,11.106466300279425,11.106680145566553
30581,6.62,7.339758852021302,7.342717129796312,7.340549943164754
1734,12.68,13.432896443130426,13.433573524689571,13.43317692778092
19608,11.97,13.45144566525001,13.447826222741734,13.45050100038123
4691,6.99,7.288187339520229,7.289627008448722,7.288692609804764
7461,10.25,11.066964663389658,11.065538922460785,11.067022374290906
8882,11.11,10.929923394857578,10.93052872239292,10.929781866629197
14067,7.9,7.4544817468791615,7.455394684810352,7.455419902643428
21001,6.03,7.3207017127718075,7.321873985392063,7.321275330435813
22802,11.12,10.884082575581617,10.885069203530787,10.88384242322994
2460,12.73,13.360571185002378,13.359421925810095,13.35988203688137
9161,14.61,15.260415688812214,15.26294381167812,15.260651040664404
21699,15.96,13.465233884406011,13.462154286089056,13.464450079158691
7894,9.67,10.951982330318932,10.95209120006415,10.951964328838208
25509,8.59,7.29557414664985,7.298258885168737,7.296135852605058
971,5.99,7.257006868359493,7.259695095614939,7.257647022560707
26251,7.14,7.292909805150821,7.294513897690841,7.29347354859305
26281,7.49,7.28629535588719,7.288488245730535,7.286760581412659
5010,7.14,7.416051047981565,7.416148535298398,7.4167014415366985
12936,10.59,11.0759001337328,11.074801792760525,11.075972727976067
2918,7.49,7.374969323131594,7.375695085291077,7.3755299220964305
1604,11.78,13.461231429590764,13.457602061717397,13.46032176594577
18062,9.32,7.410852946002585,7.4118599061832615,7.411542154209718
10383,12.09,13.391065205689177,13.394695471974071,13.391769826918054
2919,10.25,11.003172193257512,11.001562694577697,11.002889892889
13449,12.69,10.878231546931149,10.878486119208617,10.877787453054264
23970,12.73,13.395858939195403,13.392463379236904,13.394854888778038
9514,14.74,15.38272693702792,15.379735341899144,15.381725346388738
21853,9.99,11.052188447472153,11.051588411683321,11.05208749420618
8352,15.23,13.487452637773988,13.486584256053604,13.487619520328671
3905,7.43,7.3931317235869205,7.393706475175041,7.3937760969645145
30330,7.49,7.412135911783962,7.413062022228511,7.412893927010208
2203,11.12,10.887027882906958,10.886520448007929,10.886622493813018
31410,10.51,10.97237794847742,10.971235902983654,10.972130613004536
8998,7.88,7.285907838760784,7.288987321527883,7.286605796989063
29772,12.53,13.448686499534752,13.446779140563777,13.447863152521432
18931,12.29,13.349673138020066,13.346641898580373,13.348592008078281
15699,16.0,15.39091339676516,15.391919410138616,15.391404993155511
1635,9.62,11.001214477737609,10.99942227729251,11.000911618649251
24832,11.49,10.921337289676824,10.921444395655225,10.921027367352712
9185,12.92,15.30731455011496,15.309104968971395,15.307452843030497
20755,12.87,13.493208816132547,13.49038592959654,13.492447128713168
5717,7.88,7.388174757413199,7.389279021226237,7.388893887788572
22648,10.62,11.0731638580646,11.071021190815868,11.073095928994316
16033,14.61,15.356414887146839,15.356315088416252,15.356504028344549
16657,11.71,11.034629025525366,11.034788630704714,11.034806754412662
13964,14.91,15.270736920252485,15.271575633117738,15.270750306978345
22870,6.91,7.262182032007299,7.265780900739481,7.2629157233776604
19338,10.78,13.467606518869394,13.46752240267536,13.467859061151243
9721,7.88,7.272063167050696,7.274169478641988,7.272499523456764
9191,12.21,10.99209400114881,10.992488090180018,10.992269569994974
9474,13.57,13.374654268962825,13.37584904931126,13.374875154830393
20633,8.49,7.2964308748724696,7.297214224349927,7.296870194452321
26174,7.29,7.325598255372178,7.326711845269336,7.3261505047545175
26488,10.99,11.024520034294747,11.02405857040543,11.024633291459235
11090,10.65,10.902599001229802,10.90296631801776,10.90223986531393
4281,11.36,10.928190001047572,10.928336076491133,10.928066011627017
9316,7.29,7.267477140691567,7.268812434797252,7.26790416616311
16763,6.03,7.407749591888041,7.408642993891108,7.408479446547496
11171,6.17,7.405175584130674,7.4065904758834415,7.406026986507191
25515,11.26,11.015210408096646,11.015973549305432,11.015280044735333
32290,6.62,7.310679873230591,7.312595117903367,7.311143735905909
15427,7.9,7.381078183391222,7.38109982788623,7.381618795271288
30571,10.38,11.043462342042153,11.042709493750849,11.043465985840793
29089,8.94,7.457725840528621,7.460026544194471,7.458762162331071
14035,5.42,7.261986654451188,7.263585101694733,7.262402391234695
22316,7.74,7.287779903615694,7.289843227976476,7.288427992780777
12440,15.31,15.423388318946646,15.41920868311184,15.422384596507218
10120,11.89,10.898687064421658,10.899078813262324,10.89836132068896
14336,5.42,7.318743229796123,7.320294739965341,7.319383545155267
4838,8.94,7.358099566500356,7.359309887746075,7.358743602094097
32425,10.59,10.949959905445429,10.948356250604649,10.949553148391335
11746,12.61,15.269881275408316,15.270680661580665,15.269898303466283
31456,15.31,15.337920827526899,15.340136035902614,15.338361123748083
13675,6.91,7.270411155429975,7.272981231820047,7.270925342886905
9263,16.45,16.991384203988616,16.986365068133324,16.98926725458127
17155,10.99,11.083717401634342,11.083141512858498,11.083935604458123
21366,14.84,15.375929627761,15.376976468679594,15.376119982197583
11127,7.51,7.381172233138366,7.383486507785465,7.381977019886169
20324,7.51,7.374285708308998,7.37559328984361,7.374984735983386
28774,9.63,10.97590028279509,10.975049197950366,10.975758765731513
5946,9.99,10.999766009871921,10.999741735030373,10.999648723418465
5368,11.49,11.022117481943404,11.022187755664078,11.022067438209884
13035,10.99,10.995604978995045,10.997515018985975,10.996005207842446
19288,10.59,10.999970958904552,10.998994720883001,10.999786926266703
25518,12.21,11.008586645349355,11.009737687626389,11.008802697373667
20022,10.99,11.026818945243678,11.024811562917971,11.026559899256036
11582,6.92,7.277268811048853,7.278941844412308,7.277774746913781
28952,17.04,17.087345862306595,17.080797941374904,17.085371359835303
707,9.99,11.050577826731288,11.051951075493935,11.05097501763223
14471,6.62,7.333548924860809,7.335631036695779,7.334326158578325
21437,12.42,11.0614321826778,11.059890767833515,11.061385696741588
28623,6.99,7.260817483149052,7.264109406550803,7.261452432268955
4143,11.71,11.00012347907966,10.999040303374247,10.999936750101329
15799,11.14,11.076892884242442,11.074488155581484,11.076667439389638
13913,13.92,13.511876628371107,13.509117822324123,13.511360603500325
24919,15.58,15.471215289145572,15.46609814192444,15.470338929279755
7542,9.32,7.395857469887991,7.397069757427317,7.396628380281226
13400,11.71,10.886642809228928,10.886746317042924,10.886185840425949
24769,8.38,7.415379237508416,7.416549606191752,7.416118790327813
10871,14.35,13.547677593490818,13.544454562571673,13.5470966940949
6502,6.03,7.290521625512684,7.293404645827839,7.291189770769794
842,8.9,7.252058860309252,7.25371841178684,7.252496703929662
6589,7.49,7.286558268104195,7.288968064612604,7.28707029317884
10903,11.36,10.869681573674622,10.870612113370974,10.869401929422207
6335,5.79,7.26379268328609,7.265827839572432,7.2641989391873
11879,5.42,7.40551281394478,7.407028261723744,7.406379178895079
14057,13.48,13.524455976844393,13.522095485727169,13.523917855115908
8740,11.71,10.93037264187069,10.931306615257238,10.930225262368666
10104,6.99,7.400508890937946,7.401849301910927,7.401333235675809
20322,15.21,15.366882240043001,15.36689616679837,15.367030863263373
31464,15.96,13.362965011900362,13.363632519787025,13.363028388689017
7281,10.62,11.027120636617486,11.025334972831473,11.026804548683067
7273,10.99,10.964342133113258,10.965290869900484,10.964236542483636
22058,6.99,7.268246512551468,7.269700758604758,7.268642368837119
3587,6.91,7.374357609559255,7.375127781977308,7.374956828266426
25622,7.14,7.28037749971592,7.282756639673251,7.2808072710735345
5726,15.23,13.453329175223397,13.454066082570812,13.453708210739036
25486,13.61,13.368096306300183,13.37055719643389,13.368326722713462
21299,15.23,13.418666665253674,13.420338497471125,13.419067764839408
17081,7.29,7.404115871463131,7.40372066829152,7.404635200875586
14086,5.79,7.389740935859691,7.391608297921311,7.3906891418079015
308,8.49,7.236383870557218,7.2381174769938,7.236791845625218
12600,9.32,7.361923493215663,7.364006467367632,7.362546952864771
10065,11.36,10.92680542180938,10.926961829274095,10.926484251946453
4065,11.71,10.907767018277719,10.907276992552614,10.907467146296804
25993,7.9,7.494360392618619,7.496957622630174,7.495868214538435
14560,8.49,7.278959759975707,7.280023736064535,7.279334746827734
30007,13.11,13.446668609662247,13.444481744539459,13.446090079367693
11051,15.95,15.309670387916885,15.310887596910312,15.309946914775526
13992,7.88,7.4352861376025725,7.4376817571723075,7.436247080743499
7036,7.14,7.3853670901360795,7.386899463362103,7.386107874675751
18848,15.7,15.355337690010066,15.355217832494251,15.355392243870302
29902,12.73,13.51149952762496,13.50847716967344,13.510703902043879
14079,6.17,7.345584045442621,7.3474125404477695,7.346392389262958
10792,6.99,7.375718710458631,7.378197169306004,7.376534092244185
31242,10.65,10.956982317736376,10.956395758625558,10.956839260786639
7845,13.61,13.479587649721005,13.476464664122357,13.478872207526702
32174,7.88,7.42369396020058,7.42651576209839,7.424755849738619
15907,10.65,11.127854857832526,11.12821679918603,11.128356062287653
31167,6.62,7.351946603996413,7.353405010981036,7.352648361031376
18265,11.12,11.062677728930653,11.064702471752609,11.063145986125269
3402,9.91,11.027867087900912,11.027252263225922,11.027885983765831
3921,14.54,15.33782801493551,15.334129678048326,15.336727763847076
17452,11.66,13.464721669429313,13.46722044047481,13.465360270436479
8562,8.63,7.2715014395959745,7.2731668477135845,7.272006731373564
31829,19.13,18.615458530776174,18.605440892511638,18.609641254523748
12342,12.18,10.99077276794742,10.992878310466828,10.991192455309594
3564,16.77,15.35510686613778,15.356052092924605,15.355203366259673
25804,12.87,13.560657650028926,13.555676857018721,13.559882660892004
22397,13.49,13.516099832280402,13.511919387748542,13.515189858898975
13428,14.59,15.400120121441638,15.395255368029625,15.39903872450816
21344,7.51,7.40519059127965,7.406636966395225,7.405854995948327
10800,10.59,11.045095696721862,11.04324199670036,11.044801362730311
4344,12.23,13.458833826459994,13.455391781905877,13.458000533517454
27113,15.37,15.356007199013687,15.35294472893202,15.355162674557853
19437,12.18,10.876542480454322,10.877313927052905,10.876264983406855
22107,10.38,11.026518569738261,11.025635453316255,11.026452931302774
27566,7.29,7.315753565519459,7.317368151164619,7.316322175446418
9580,13.22,13.493869011353588,13.493184925832882,13.494143602563799
14545,14.96,15.361487552605432,15.363080473689486,15.361924152407074
9107,15.96,13.491009767976006,13.48759300571885,13.490252065911724
25847,13.85,13.401281724227328,13.404543582042336,13.401871367856714
13954,11.49,10.894610210054918,10.894197357963343,10.894225713810481
24630,7.66,7.408651716636775,7.4102106946644035,7.40951592402775
12258,6.17,7.27643785543066,7.27777326458188,7.276869625203906
11772,12.68,13.423211334935031,13.421114321603845,13.422577641878501
15626,11.11,11.077146617102443,11.076916486728098,11.077470243532915
19536,7.88,7.41313792086468,7.415335943346157,7.413995542593762
26023,11.58,11.07580641146258,11.074954272994937,11.075932902672978
4763,8.94,7.356946472674941,7.358294929980636,7.35760648197123
18446,13.22,13.546380499510352,13.547620252821394,13.54718876360348
4891,14.84,15.35605087866957,15.352491104161883,15.355016717577758
18844,10.36,10.97387108931513,10.97325860172352,10.973572313438709
9223,11.89,10.910146685783644,10.911136230627369,10.909932332678398
22401,7.49,7.308643497868982,7.310734371798397,7.309365093171085
8827,10.59,11.04012373452225,11.03927294775829,11.040129606924216
10299,14.11,15.395723516644603,15.397022827585747,15.396014901889895
24120,7.49,7.378588591855591,7.378363550086949,7.379021875490879
32480,13.43,13.499795269099131,13.501784030844583,13.500682926896072
24710,16.45,16.99125698875207,16.9906275754658,16.990632321577216
11301,5.42,7.264829552374007,7.267546531437744,7.265353303810761
29528,13.43,13.444561204822852,13.446029684907675,13.444939759472408
9081,11.14,11.043364685191278,11.042304785786575,11.043322041922252
1783,14.22,13.43753923909688,13.438956119644924,13.437839527950878
7579,5.99,7.280622566375633,7.284561526356901,7.281452385613255
5383,11.89,11.044451824257834,11.043409085389023,11.0444166173693
10896,14.59,15.390605078867761,15.387504905343274,15.389737834957824
5812,10.99,11.000770152796932,11.000051911010797,11.000650133458297
19681,13.16,13.386177144892443,13.383808080146547,13.385363966573639
12982,15.21,15.273491561092532,15.271298896751798,15.27234256261508
18573,10.08,11.040533714108753,11.041990015841929,11.040888105951508
6238,13.49,13.460306360080548,13.457536668108313,13.459577804098828
14810,12.84,13.496516344414282,13.493959044890886,13.495998185424085
27394,13.06,13.540640748740373,13.542933770402186,13.541543828748367
18163,7.74,7.357045903140242,7.3588789180326994,7.357674207846946
16196,5.99,7.320528449666852,7.323065403726616,7.321214859746193
18213,9.88,10.986124272039111,10.985435721945885,10.985864616135649
28262,16.02,15.39600235238185,15.391630254651892,15.394977088975267
11529,5.99,7.323678554703248,7.324939510049021,7.3242935099140976
348,10.37,11.036814480096865,11.03629919881448,11.036938446461589
32346,12.42,11.025517381453607,11.025620927750492,11.02564095048019
2058,11.71,11.005358888451816,11.003942537102898,11.005123734855301
24487,7.88,7.3330407613644955,7.336029657001854,7.3339007830827505
22055,6.99,7.285992240342477,7.288984597973754,7.286695708592462
10974,9.32,7.38899342593323,7.389715067934357,7.389658507745342
28139,6.76,7.325397053757694,7.327227404597212,7.326112071741465
20671,11.49,11.02292808584549,11.02177054581546,11.02279876138141
11920,13.06,13.381925768046694,13.384308953650027,13.382212914948001
25366,6.91,7.335476572346849,7.3375248275062095,7.3362880769723375
5989,10.65,11.034781870809983,11.033096130813199,11.034624944770739
25599,12.53,11.025580375536471,11.026254246012389,11.025934376771442
11789,10.62,10.974361094117473,10.974318258967507,10.97438745665724
23226,12.42,10.948716475660145,10.949444223314899,10.948554694605791
3811,12.42,11.006689915465483,11.006463946231682,11.006516796109386
25407,16.49,15.4159543960636,15.417247344482108,15.416337108009344
3994,7.9,7.379670864802718,7.381279894911427,7.380312484328011
4638,7.51,7.2718279726091675,7.274839878652552,7.272451592252211
17133,13.43,13.450964563846004,13.448871332978033,13.450148490817643
24142,7.66,7.284801944194453,7.287407070680143,7.285430867865641
25688,7.51,7.217173297813237,7.220013144732462,7.21757867541544
13941,12.68,13.376178734497145,13.37457782874256,13.375290194454923
13445,6.62,7.327170124884954,7.328757351913738,7.327857943313067
11669,13.85,13.41419487959838,13.411774047656008,13.413451197648886
15120,13.57,13.408581708339828,13.405674511427897,13.407711500544995
11073,14.91,15.357409778837171,15.359344465719078,15.357706104461283
5000,8.9,7.3778504745062365,7.379008413236825,7.378541954391963
8739,9.91,10.916569268235907,10.916694767435738,10.916275193507664
29634,14.59,15.414977691930218,15.412615797081644,15.414202570479944
19138,11.49,11.004118591610906,11.002547220964654,11.003873737801907
12832,11.49,11.00299340920083,11.00141182118997,11.002747253153785
16287,6.62,7.267014141810169,7.269410770867726,7.267505835746463
7574,18.64,16.91368866916454,16.90846279510229,16.911451435998025
22619,8.94,7.395373228891816,7.396915742357957,7.396189843412503
16616,7.51,7.369750817304333,7.371497161161725,7.370352331824415
5470,6.76,7.25701069772248,7.25810000958601,7.25735928743768
19579,9.96,11.043719563223917,11.041774708278403,11.0435186490542
807,10.99,11.098987779411452,11.099343020482273,11.099311751153149
26359,9.63,7.453891687025512,7.456087684094096,7.454833244364641
32039,10.99,11.005616631755288,11.00494649175111,11.005364027181304
21161,10.62,11.016460656057635,11.01532096075715,11.016300720234625
13377,10.39,11.041761988147996,11.042160943767925,11.042107939274507
27630,10.37,10.903834101832848,10.90336546833835,10.90342433955518
21464,5.79,7.400274043810232,7.401413203521279,7.400931003678164
29297,13.06,13.5702917193397,13.571854361414712,13.571230354877654
24636,16.89,15.447228855684468,15.446424317274781,15.447568583178363
10315,12.53,13.375039776367126,13.373719092557664,13.37425138911846
9308,10.99,10.929949469592824,10.929837122805509,10.929815388990297
17134,8.88,11.095146520301205,11.094883975711856,11.0954700977718
10419,10.65,10.992170108918913,10.992227003850559,10.992193039653873
382,15.65,15.458780009827517,15.46092112318047,15.459518955266503
8779,6.17,7.386582704861082,7.3881746557066075,7.387389941260904
12739,5.99,7.4096029574823286,7.411968788549592,7.410497764811929
24420,8.94,7.446524858610686,7.446263487283487,7.447215874968915
5396,5.79,7.2781744948679155,7.279791133947149,7.278693037473451
25623,10.75,11.041341763137076,11.041164853919867,11.041617038299831
29563,11.48,11.058249970719855,11.058898322882165,11.058492346038536
20440,9.25,11.02779611294592,11.02763166444389,11.027683769273246
26770,13.57,13.44930912461263,13.447044173241867,13.448580747150004
5700,14.91,15.37788068983622,15.374823137833882,15.37678783169557
28109,7.49,7.3223340350015516,7.3248618773251,7.3229969125043395
11656,14.96,15.253456354116237,15.250291772770712,15.252218152938983
22622,9.32,7.290123412819177,7.291191160313537,7.290566217745488
30747,14.3,15.410185743599984,15.407209026718744,15.409299829059563
29027,14.17,13.385844728804752,13.387793165198723,13.386110496554661
8758,10.99,11.036690076460037,11.033802595573377,11.03631751072533
19853,10.62,11.062921691806006,11.062391038722199,11.062982261081457
1469,6.54,7.413513898337586,7.4135253016887575,7.414154870013244
17628,18.53,18.489866994502364,18.475432352845978,18.4823976787634
5160,6.91,7.256878555058884,7.260522625491298,7.257596250677876
10567,15.7,15.36411773578706,15.3662712565132,15.364789752358934
10066,6.62,7.356798306402728,7.359087284435782,7.357635492133358
17124,14.22,13.483200892243847,13.481012542783256,13.482539115120787
23637,15.31,15.360510718423573,15.361426667387404,15.36080562005943
16849,9.99,11.038858157587196,11.037721787945502,11.038791970827523
6074,14.27,13.452286759580442,13.449462644294623,13.45153252874007
10677,8.0,7.272982139131421,7.274544488374832,7.273431594601127
9119,11.89,10.9739483780438,10.97407412360412,10.973780832791306
20596,16.29,15.333328328303407,15.330932533273417,15.332298524464285
22689,12.73,13.419549957531437,13.416367171020411,13.418656266915054
10181,6.92,7.2767345965038865,7.279381830756729,7.277305126829322
12598,7.49,7.268479159143618,7.270702804346369,7.268915894964088
14706,11.71,11.006410504215415,11.007705740339535,11.006583133957466
15557,5.79,7.325492232646785,7.327427060493318,7.326189421189868
15421,7.49,7.2763942664589125,7.2779872153244085,7.276826156333952
4653,6.03,7.2749637187866085,7.276364053649209,7.275426756185949
9019,7.51,7.310332020019995,7.313676076262922,7.311114992921193
22054,5.42,7.286136430684686,7.287578629361401,7.2866476118727395
1629,12.53,11.017441041560279,11.016679333759676,11.017405927582468
621,12.21,11.074838201645825,11.074902051155355,11.075162355824904
4262,8.49,7.3844382337532,7.385258511555508,7.385073566527912
30182,12.87,13.394989325303605,13.398644596389039,13.395567758266353
21434,5.42,7.274809997224495,7.27638114968024,7.275283466729093
11709,15.37,15.384046705004666,15.38123827450815,15.383137688847189
25708,6.54,7.473948201420485,7.474645852252786,7.474846100341273
4342,10.38,10.991158660081101,10.990316321657785,10.991009906969822
13885,17.19,17.00214483859685,17.002680968778375,17.00162876956053
6,12.42,11.160006555984884,11.161435304784879,11.160811344453617
22129,7.75,7.290705487683589,7.293032699018656,7.291209652325273
13018,9.63,7.4372698451171955,7.438561901415635,7.438190878369428
1515,12.69,10.898312939988896,10.897867712977082,10.897988763330961
14352,15.23,13.346879357803457,13.348268989803575,13.347019097803202
24821,7.49,7.428813220492926,7.43078228539622,7.429732904433667
12323,10.37,11.016849292635396,11.017313134247456,11.016912084455768
25594,12.53,13.495172093752796,13.493087702276458,13.494557531031614
23049,10.74,10.93741364851504,10.93868268707293,10.937382999371845
12532,12.42,11.044041696426278,11.044484651893352,11.04412842254155
29976,13.22,13.505443972400936,13.501916636060031,13.504716867847971
1926,13.49,13.44464180182407,13.441875801994684,13.443712147881833
20468,15.23,13.45997698828051,13.460763675179805,13.460356341037151
19631,5.42,7.257815354512967,7.260003019499748,7.258355168236279
19147,7.66,7.359469388732017,7.360055852233559,7.360007998458624
7601,11.71,11.035213737133306,11.033742440892693,11.035091759763665
486,14.54,15.476710863235965,15.47375335331791,15.476246352148259
14542,11.11,11.013738366507503,11.014165361116158,11.013908144331618
9768,8.9,7.358917444813073,7.360878924875565,7.359695598093597
23772,9.76,10.975056834277563,10.975953494754464,10.97507983208545
14100,16.45,17.077461870452275,17.0717492333226,17.075653824589555
4791,7.88,7.286421332235866,7.289906419668301,7.287134200666178
10328,14.72,13.522831951073917,13.522100701844025,13.523167878729083
15438,12.73,13.470726667487414,13.473436982915224,13.471407268396433
19755,12.53,13.492985494828208,13.49331091896594,13.493394288038877
27508,7.88,7.446395652522577,7.447811095653035,7.447385227499946
389,11.14,11.128777897679171,11.126467553520627,11.128794843701677
22684,7.51,7.302393680203429,7.304001629512047,7.302954455359843
3969,6.92,7.385720482406506,7.386520490216121,7.3863736622330345
16022,10.65,10.93300943645917,10.933736637081626,10.932852017807729
12148,7.9,7.345051775871309,7.347360023449322,7.3459555235145535
3708,8.63,7.339986683293803,7.342591521487537,7.3406310463051305
15916,15.62,15.483255812894821,15.483466103880684,15.483856970646396
9837,6.62,7.269292485696514,7.272859219967747,7.270038299872936
28374,12.99,13.522169791804846,13.519416534052382,13.521664025716156
28335,11.86,10.990459611340219,10.991266802660661,10.99051186039796
6859,7.68,7.628224132087199,7.600407447175712,7.628410503616442
29042,13.99,13.483800112214997,13.486976332029649,13.484642869368123
27931,10.37,11.008719721058387,11.008809680851085,11.008683336127255
19310,6.17,7.202573253980798,7.20582375079381,7.2030328814976174
13133,20.89,18.48405681762095,18.469452808406196,18.476587057254182
31462,14.26,13.389623962692136,13.386332251497352,13.38856533827036
12854,11.83,10.990058481297808,10.988882221305968,10.989834583562002
9031,13.17,15.349022370479823,15.35080872601593,15.349346756544502
26263,12.84,13.525881897617289,13.523869566850326,13.525393107619195
18703,11.71,11.0187639874679,11.019945275703241,11.018927472477891
3853,16.29,15.333265527549084,15.333669364503132,15.333353349255315
15962,16.0,16.875837747093577,16.875894868086775,16.874795018107065
19182,13.49,13.450447876167246,13.452053494369551,13.450820408444553
14710,9.64,10.923625181233458,10.924186045459463,10.923410176631752
11854,6.92,7.3285345773219595,7.330456581677792,7.329284538435655
18259,9.25,11.156784986087526,11.15589372846182,11.157206052916996
30157,8.59,7.388733613364853,7.3901350178470535,7.389398924760385
21296,7.51,7.26893219174666,7.2723567549761325,7.2696847283507715
26727,14.96,15.27632746238473,15.276942021578508,15.276281408028513
9548,14.46,15.223630441341736,15.225108468743898,15.223485456954602
3320,12.69,11.00972542302576,11.009230101895454,11.009519530679842
31807,6.92,7.455169213955997,7.45463918338639,7.45575843436462
19074,14.72,13.48590954862819,13.482164725089923,13.485086844050198
22725,10.95,11.061246138724314,11.059812263280513,11.061212203360686
26786,6.03,7.3081196443340195,7.31046319956012,7.308646888052981
28948,12.69,11.024650897819448,11.023226498167919,11.024437365078288
32424,6.0,13.517202620231892,13.5150092546035,13.516563711230582
23390,12.18,11.075704534791159,11.075160345519363,11.075787013234066
10294,5.79,7.412583414916043,7.413418092173913,7.413345360830652
12810,11.03,13.469541488704081,13.47080195253162,13.469870574450646
22350,6.92,7.30767887482772,7.309527815339493,7.308315520016572
7464,10.62,11.04245656973812,11.039517106113703,11.042092133935245
12011,10.83,10.958766318822335,10.958686649446705,10.958739240576282
9406,6.03,7.2721761782341465,7.273712281815969,7.27266027872951
3334,7.14,7.279301389810567,7.282655055924509,7.279958457977773
31911,11.12,10.970378203169071,10.971403574170969,10.970204269869388
21050,12.23,13.505673411276238,13.505894739766209,13.506111513350714
14356,15.65,15.416104576343036,15.415113223691176,15.41623616915038
3425,10.0,10.891268759641095,10.891249035660252,10.890989377014273
26840,10.59,11.05143412690833,11.050605563970034,11.05156532834666
23198,14.35,13.41257650805532,13.414282356737893,13.41296206681883
31665,9.91,11.034972904012733,11.033067306589047,11.034757025880095
31384,8.49,7.441357322983682,7.441087380812143,7.442024862006173
26568,5.79,7.294786400758427,7.297985615668023,7.295548499548529
24038,10.65,10.99767423031198,10.997536266590835,10.997671119761886
19759,7.74,7.373332873208051,7.374353404765038,7.373965890904879
6321,5.42,7.2897427714707685,7.292735525641221,7.2903839216493465
19160,6.54,7.414991981200444,7.415156349098163,7.415608746112939
23904,10.25,10.955843117916888,10.955359156753794,10.955709113682275
23739,11.49,11.023663668444977,11.02373245561813,11.023702018565192
20571,13.24,15.408476906416423,15.408513608305931,15.408778686374028
24468,15.45,16.99309948982335,16.989227804960493,16.991227814444066
17432,10.99,11.046175440055553,11.045867078774945,11.046159910268928
31356,15.27,13.454570957313518,13.453127748551555,13.454058304587988
6698,15.95,16.95223979488957,16.947694214140924,16.950287463941617
4126,10.99,10.91257294014186,10.911624595505048,10.912211331663123
23954,11.99,10.924409205151782,10.923340504459334,10.924034345020825
16796,10.99,10.887838023078656,10.888912271368447,10.887648087592321
8370,6.17,7.401251361146769,7.402099261466621,7.401978843204547
28480,6.92,7.313471792895951,7.315177771463367,7.3141227420888555
22599,7.14,7.305606342255296,7.307500333952581,7.306270117249453
30225,11.71,11.01133155401441,11.011193359251681,11.011223832100647
19426,7.9,7.3725810674434475,7.374259002727489,7.373207309843887
13336,13.47,13.467804946673747,13.46421443840189,13.466922866435668
11027,7.4,7.268065610606419,7.2693241521231435,7.268467665575902
25895,6.99,7.313979990999558,7.316014128822309,7.314670041489545
7452,15.23,13.484054758108364,13.484710430620119,13.484490224275595
4936,14.26,13.454070529204078,13.455153192212341,13.454487461621534
14901,10.75,11.051093141579617,11.051827497318559,11.051272996147889
30683,8.49,7.428091137701365,7.430015061999493,7.428896553942985
25670,14.11,15.264721920962915,15.26619397321452,15.264690447713232
28258,8.59,7.304842527095533,7.308008324016415,7.305549074057446
12255,12.84,13.472363786385042,13.470954987617285,13.471773563905916
6784,7.74,7.266342388939538,7.269746811196629,7.267009324109873
19596,11.49,10.906674680958023,10.906820178590461,10.906499015227231
28957,8.49,7.456861432538769,7.456523697241339,7.4575230459444395
9045,7.88,7.345057097294462,7.348546689896057,7.3460547124762465
27086,11.48,11.003814804493643,11.002380683239307,11.003586235517927
14250,9.62,11.051891554551375,11.05145160507563,11.052040563347292
8883,7.29,7.310313400171001,7.312600648089842,7.311083086944152
4993,12.69,10.98920502342176,10.988975778180142,10.989025511235106
9668,13.99,13.480622729176602,13.481476087423365,13.481109672092085
3137,8.49,7.366806826341964,7.368592723272854,7.3674145128733715
27798,9.76,11.014171792635905,11.014706901147143,11.014006523008957
27746,6.62,7.285632493338527,7.287528766744739,7.2861257164427595
28789,15.27,13.38325024557432,13.384125867392473,13.383482731425964
25888,6.03,7.328595604916826,7.331798235191925,7.329480833145938
25216,13.16,13.413045136052212,13.414373834570977,13.41346743835267
13442,7.74,7.404339444850856,7.404202221248427,7.4048900081843305
27478,10.38,11.020614017104212,11.021049351510285,11.020715846219948
26664,11.49,11.0022166291305,11.001804319303645,11.001976804395966
6262,10.28,13.386797773954688,13.383804444233183,13.385840527423158
5499,7.66,7.395195903686566,7.395978052368912,7.395856985503128
22095,5.79,7.366237146975129,7.367832869515509,7.366947618454124
1958,16.29,15.327132420845762,15.324055729565618,15.325922383823652
22263,13.23,13.456228385735724,13.45824815233744,13.456742555179982
981,6.99,7.384941820951143,7.384959901284082,7.385468783634216
18865,12.69,10.97362061767044,10.973023076567653,10.97331415932473
13508,14.22,13.503245622773818,13.49905025425317,13.502442235833362
11570,6.99,7.415210465511047,7.416517334191198,7.416041715565485
15987,7.88,7.27388929497975,7.2754066185876525,7.274345179098494
6984,9.63,11.003831924654467,11.003515904264871,11.003692583606174
15840,16.32,15.436613855068492,15.434220949996064,15.435915521407626
23074,5.79,7.320969949870535,7.323656687045772,7.321675151330929
12691,7.68,7.297524389304626,7.29997152235423,7.2980695483251345
16624,7.51,7.390895031137591,7.391967317105607,7.391607926543537
10447,7.49,7.353950901290673,7.357105528709386,7.354763630614662
4998,12.18,11.019567773452827,11.01847122733541,11.019458175968897
22135,16.32,15.386352900235577,15.386475892144842,15.386561350911919
2369,11.71,10.910359809367824,10.909294069317175,10.909966489363631
22732,7.88,7.409337093074101,7.4103890122649005,7.4101099262590155
24297,11.99,11.05467586512289,11.052960481704647,11.054560630315608
28213,14.54,15.364609757522375,15.362287429309426,15.363729636777514
28155,7.14,7.272617026058843,7.274291877565541,7.273075584107176
31660,16.49,15.412150071958555,15.414935835900982,15.412950722926361
12206,13.99,13.404345127901713,13.405889239969603,13.404758007545539
15355,13.22,13.57220059837669,13.571720280193817,13.572749718117025
8479,14.83,15.397964760604507,15.394050713554407,15.396942267932605
13479,7.88,7.336235870088897,7.338202067743061,7.336813191468118
4222,7.88,7.351497291807409,7.3535638890439285,7.3521367350998865
12054,7.66,7.356000461563347,7.358844143469514,7.356824449034171
13717,11.71,11.055426608313294,11.054423717954503,11.05547883818184
15757,10.99,11.046480791381587,11.047275829094218,11.0467457281923
10214,6.03,7.33923015322361,7.341271032699537,7.340045422855037
18793,10.59,10.888462639805432,10.889128347528276,10.888164556253582
3755,13.72,13.451486470121758,13.448398529683097,13.45067539974016
13423,8.0,7.289914599327638,7.291527234975507,7.290435933952138
29055,15.33,15.368952671855101,15.365413563362848,15.368005607367017
5267,6.54,7.37693272755579,7.377995171485494,7.377607316684747
15362,11.58,11.016504441168738,11.016252013297096,11.016631327207442
31195,12.98,13.383495599322835,13.38549410679787,13.38369910681638
28283,13.06,13.487062838711687,13.489790253273872,13.487789901913386
25177,14.96,15.358421515648818,15.359972458704261,15.358826378686985
24729,13.57,13.42078138693251,13.418632934054681,13.420123609348103
9739,5.99,7.248472370641524,7.251947907807989,7.24914228801717
29700,9.91,10.938480142053251,10.937908022858355,10.938224042869958
5200,14.79,13.368609445588042,13.365540984532227,13.367572857543934
12361,7.9,7.404827133830318,7.406610967799844,7.4057317363393835
27585,16.4,17.042018841511755,17.03781285022768,17.040179257618828
32014,14.96,15.293769830572217,15.290294216722076,15.29262038255171
3707,10.25,10.990847111043339,10.99007770957815,10.990680729483291
7413,10.59,11.029129567537048,11.028982324210823,11.029037736011404
23827,12.17,15.409652296826863,15.409576397440741,15.409946243398295
29916,11.26,11.098610492023571,11.097188407873276,11.098649770663101
25286,6.92,7.423902908983999,7.425448407026677,7.424810285647371
17996,11.83,11.039221980337052,11.039906973918377,11.03934044550812
3775,9.99,11.010245730864382,11.00920370828733,11.010002113126266
3245,12.87,13.451966011468823,13.453347981159299,13.452281797804948
23073,6.91,7.244018576099474,7.246811847804187,7.244412705632529
27215,7.88,7.330781665661085,7.333839729824954,7.331644638562184
27411,9.91,11.226661467173262,11.224576074874541,11.227118879022507
11653,11.71,11.051235292193365,11.050336163537553,11.051267858873178
16909,13.16,13.528826858712536,13.529754770070355,13.529489489978928
15049,8.94,7.344067523900637,7.3458204756819505,7.3448128039654375
20962,7.88,7.432257445573583,7.433157013295255,7.433050585659047
523,21.21,20.290155172051552,20.24317344071553,20.26363720823762
31252,7.51,7.352553588331401,7.354199921830577,7.3533283403933485
18366,6.76,7.22293141135942,7.225909552706451,7.223404734775777
24186,9.91,11.036843878194876,11.037180993809285,11.036878173618232
1843,13.49,13.53589808477632,13.536878105784727,13.536576572233555
24823,6.54,7.307344238558264,7.309400703472841,7.308053062031198
22957,12.42,10.887393219699085,10.888966426518364,10.887289427611272
4781,14.35,13.448503310421085,13.446399832212016,13.447684713674649
6377,6.17,7.243781579124649,7.246475199307792,7.244242312475688
11911,12.99,13.517701444652094,13.518215128561508,13.51823050539707
15890,9.99,10.87146492143223,10.872994538097778,10.871188556255039
16691,9.63,7.333376571146153,7.336539775739496,7.334193119689053
7496,11.99,11.010406799863432,11.010244250119353,11.010304408866848
16982,11.26,11.017366143001695,11.01705182917827,11.01719465309857
7899,6.62,7.378171122838485,7.379344101448859,7.378867642233643
2258,12.54,13.377258873093515,13.374355747044635,13.376293694256896
9825,13.47,13.373599873077211,13.376214321159587,13.373910269752962
31847,7.51,7.297524941311359,7.300449976677024,7.298197123794807
13320,10.75,10.937787358396546,10.93693798085646,10.937469849640749
27944,10.36,10.927074109973834,10.92669160686447,10.926859340520659
47,7.49,7.517313593958547,7.519468042919162,7.518758795704024
18063,6.17,7.3853856850803306,7.388551552948081,7.3863247633731275
21059,9.63,10.991250588362092,10.990205809683125,10.991049354270283
20751,9.88,11.05825701039532,11.056527981121677,11.058168721064844
24216,9.2,11.084596995761611,11.083386949241138,11.084695286881022
6429,11.71,11.045446669548493,11.04429092976156,11.04532817129706
21112,10.62,10.887165738522082,10.887510186031935,10.886794929667033
24813,11.14,10.975147892598683,10.976390876215062,10.97522806173806
3073,7.51,7.433195604829937,7.433608708756922,7.433978772067356
6249,12.09,13.329615584408568,13.332246669875925,13.329853616185865
6023,5.42,7.278215716863923,7.279585245509818,7.278684161090713
1594,5.99,7.263861103163725,7.265421498094663,7.264317297693944
446,6.54,7.330622361635529,7.333033978084363,7.331312196890076
12388,11.58,11.009114699676896,11.009068341906126,11.00917632681909
24531,7.51,7.314979299826926,7.3178351470807,7.315738145793483
10388,17.49,15.35288205289474,15.352107072681857,15.352324352247116
8321,11.86,10.913550675206892,10.915036636750807,10.913551960581813
26306,5.42,7.42222634884625,7.4249459929979125,7.4232727810179995
22099,13.85,13.362866068895755,13.362202010066976,13.362130918981151
2455,5.99,7.379790031065172,7.380401888726952,7.38034470035098
9704,14.27,13.386806600090559,13.386488760369705,13.386089689514657
17062,14.26,13.375271737747276,13.374030940527799,13.37448453876443
583,12.61,15.35476741633906,15.354382094436774,15.354185460551054
22483,13.11,13.467686031113114,13.464849567628441,13.466981741385478
3685,15.33,15.235347116511281,15.234086354832389,15.234446094412823
10268,5.79,7.376934588310967,7.379569645815936,7.3778088013967595
3479,14.59,15.331457295186162,15.33400269016303,15.331865594108521
26185,5.42,7.2941140313950665,7.295709963890121,7.294667840489437
14663,12.53,11.023891673602051,11.024997523865599,11.024192437601362
11776,9.63,7.3431679461617705,7.345089946494495,7.343977913086549
18198,12.53,13.624116435610885,13.625229813930076,13.625079983066948
21280,13.48,13.407254949699826,13.409898729891804,13.407715780963088
19732,13.99,13.482229708428461,13.482293811900018,13.482580503375292
23437,7.66,7.344043547048903,7.3467464019770405,7.3448091923333605
30100,9.25,10.957067640015993,10.95602887739008,10.95681206234994
25722,9.99,10.97987808417653,10.981151771255947,10.979940604235306
24809,7.51,7.375804903685013,7.378497093885947,7.37667501545198
15780,11.99,11.092054936906823,11.091361618351895,11.09226330465974
4409,11.86,15.399997180937056,15.394829694131419,15.398871310830117
28350,12.18,11.053659467858843,11.052590782477635,11.0536130829085
23156,12.53,13.491868323509516,13.492074904065895,13.49226373716837
17872,17.8,18.70896252151116,18.69456878003037,18.702157010441958
4181,10.99,10.984097877170605,10.983239276680358,10.983920891888559
14565,6.99,7.333320005832058,7.3349134504483615,7.334005821485206
14937,11.49,11.118933807627744,11.1188891185921,11.119489854479552
6051,11.99,10.906939256612283,10.906129133732586,10.906549643743983
12670,6.91,7.427277266261526,7.428676161054495,7.428179355227181
30458,7.9,7.429119203791807,7.4299049396562165,7.429888563112104
31799,13.99,13.451210485584323,13.453035330883537,13.45159728146739
16241,9.91,11.052764524166122,11.050074514129104,11.052501347527274
22510,10.99,11.027316417049558,11.026571371438038,11.027289257528752
6188,9.76,10.98451040561723,10.985098535540558,10.98440424338306
22062,9.32,7.4324690557893955,7.432999425904205,7.433196396356782
15268,7.88,7.311786950949491,7.3146620367897945,7.312447489813039
284,13.98,13.456326714430759,13.453271983150223,13.455383129984803
27914,11.49,11.017620804251937,11.01609283777461,11.017441550076693
27716,7.49,7.386387306384954,7.387870694848806,7.38720312048229
16501,9.2,11.008530679054555,11.007579180134073,11.00839487703093
10822,7.88,7.370322156542608,7.372953001573583,7.371141202094935
1202,7.88,7.352414365169581,7.354107876637736,7.353142323902217
31082,12.18,11.005829080688795,11.006029041799442,11.005868398577027
20959,6.03,7.413629734524737,7.415224667807998,7.414405862068011
13804,14.96,15.375293796630352,15.373079662013758,15.37449394903497
4501,6.03,7.2664603858853924,7.268582012063886,7.267038098260108
30350,11.86,10.953596647201339,10.955073416632231,10.953635989620922
3813,14.72,13.50832464240575,13.504094934969682,13.507551109162169
7320,10.51,10.893719079649454,10.894132605712116,10.89334100035413
25319,13.99,13.41012322225189,13.411926828192135,13.410457495972745
7473,11.14,10.92828848146961,10.928473417323614,10.928164306516617
20336,15.62,15.347936250968939,15.344154893976727,15.346846336697162
4339,12.98,13.432831942535437,13.43408613088482,13.433202803618123
6250,11.71,10.988623475811657,10.988736652515438,10.988502711129556
26590,9.63,11.133057404089069,11.133194904361355,11.133719437250928
9826,9.63,7.279584898540326,7.282118159709506,7.280064775363155
20173,13.61,13.46408108711842,13.461039312060318,13.463299295874052
16555,12.99,13.349181951338572,13.3505245379733,13.34935311408092
31951,10.74,10.979079739525435,10.979418184112212,10.978941995473498
15209,8.88,11.019828928346078,11.018097645162463,11.019617632558091
17251,9.83,11.006473153197339,11.00632854807714,11.00636342465575
9289,7.9,7.370685365582823,7.371939684010559,7.3713814044501
2868,6.99,7.377087066759596,7.378588917389919,7.377689048228182
30175,15.95,15.237239501850874,15.23616991341699,15.236236254808617
18385,13.85,13.56182698747149,13.559484318681452,13.561555515832815
240,16.35,17.13292973486096,17.128665595351748,17.131448141986194
27578,21.27,20.223700747186648,20.17786465467833,20.197132252593455
2347,13.16,13.455182249051507,13.456388684919007,13.455503251833305
14926,6.62,7.32202719095231,7.323801085810057,7.322688450480259
7879,7.49,7.275318384256415,7.277561636753117,7.2759375005125415
19677,14.96,15.347008890360913,15.347873236800552,15.34709366953264
9063,13.49,13.498643395650483,13.496226388689161,13.497936777282328
31181,11.83,10.989521188762385,10.990489859952715,10.98965947067093
22188,14.84,15.32465509631693,15.323104825025014,15.324016519007962
5887,13.57,13.371846178976845,13.370417711751951,13.37102984277071
4379,7.51,7.347150351207725,7.349367491426507,7.347807726196613
17434,15.33,15.444056355912057,15.443231436413914,15.444353015318068
16435,11.36,11.068341766561371,11.068660010966239,11.068682275485891
22375,6.62,7.2897431826688734,7.291054334213048,7.290238151514672
24946,18.09,18.5406754539424,18.52897850212555,18.534520919888234
27306,12.84,13.353926406412988,13.357072271233003,13.354311178563623
25312,6.92,7.420254907514531,7.422410613474155,7.4211557883758
16618,10.65,10.900581086654292,10.89972762403324,10.900182124456865
29274,13.47,13.5095584370798,13.504355086433254,13.50857564646147
1667,15.21,15.339139628518476,15.338993440328231,15.339165549437599
11741,11.12,11.046307375912335,11.045411283552648,11.04630223034563
22910,15.96,13.565752105330175,13.565335168435578,13.56633597605624
7556,15.95,16.99927636864247,16.998491201455703,16.998386227398502
13650,10.59,10.931862633988553,10.931201172237634,10.931569791137298
14590,7.51,7.384689474393943,7.385293291568621,7.385275451091937
12851,11.12,10.953218427117545,10.95258440141883,10.953023767307123
10719,8.32,7.37961546220979,7.381484535580678,7.380464668659272
5633,16.11,13.383000273821374,13.384656978312584,13.383369413953474
16951,6.99,7.213024159786843,7.216378004981523,7.213538148923185
22279,7.66,7.297855698109685,7.301325094593206,7.298597107731375
5770,7.49,7.397253852962677,7.398116186903173,7.39795560172715
32440,16.02,15.392988338980135,15.393932772128364,15.39333319968122
18008,10.99,10.998492244329203,10.999819297234229,10.998662317289442
29156,14.27,13.613477080712432,13.614360961894455,13.614482383154595
23084,10.62,11.04485194229785,11.043980716307926,11.044858667355332
15554,6.92,7.346191621706929,7.3475166970436785,7.346861595405758
22272,16.89,15.28055326509029,15.277987546287505,15.279518096413987
15911,7.88,7.244486776845147,7.248110961907304,7.244866509604828
15089,7.51,7.387149326953023,7.3872144271530775,7.387697721662677
25507,13.92,13.591129276006127,13.58695134855913,13.590642987082695
9886,10.65,11.026705181969202,11.025792967070293,11.026669960711633
25365,7.9,7.391702699633179,7.392407580138729,7.392338530364019
12190,7.49,7.299005616338197,7.3014704451834795,7.29961388113077
11234,9.32,7.249314336013544,7.2517360207201005,7.249731591715101
11060,19.91,16.888409222713562,16.8826773105146,16.88599663287547
24661,10.75,11.047304237547134,11.04617007045333,11.047290577307127
25266,16.0,17.01537123450387,17.01520048576403,17.014653875182606
27211,6.54,7.305158815195334,7.308510869030038,7.30599863253006
32191,10.99,11.028033134374787,11.027780116582349,11.027902011871682
16915,7.14,7.264416323130961,7.266095738065535,7.264898025194254
22980,10.59,11.0437428207488,11.046373813946255,11.044429113411216
32428,13.55,15.25798567105916,15.258792092269008,15.257995401869325
5127,12.68,13.475300680190722,13.473126249387747,13.474607036362585
27935,10.59,11.024195871213372,11.022068930255143,11.023913671790478
6322,17.49,15.258891031431762,15.255502950899796,15.25764981055774
16857,6.17,7.355030690703231,7.355953383068303,7.355578849347201
13101,11.89,11.059743945310991,11.059632359761054,11.059811314216745
15959,9.64,10.963311750175356,10.962597668079813,10.963051981622854
21690,13.99,13.528001394728566,13.523066546557475,13.527135455553692
27867,7.74,7.239883415458532,7.243705070518898,7.240318828601216
30385,6.91,7.431312540350494,7.432008643986026,7.432097731642871
18565,8.49,7.382772940206719,7.386617572504221,7.383913525376909
4695,9.99,11.031517260119145,11.030309573335723,11.031414268831323
15031,11.12,10.999788670769552,10.999284665939761,10.999539650181354
20749,6.92,7.403451761716057,7.402582886126684,7.403878973594541
10171,14.79,13.411915275640068,13.413266487170752,13.412318619616745
22119,11.89,11.027120938137742,11.026207871816183,11.027046497259587
28101,7.49,7.323312221135161,7.326277263857159,7.324059487350501
10706,12.42,11.008067446400936,11.007525224258156,11.008048439314752
20988,6.62,7.298410065843954,7.300247475195567,7.298889562920556
14815,15.37,15.366704247489492,15.3645007852726,15.36599712885604
13790,7.29,7.295707050431542,7.297331715718945,7.296252934428474
13813,10.38,10.902881212719972,10.902064114885274,10.902456193553615
6494,9.91,10.986439847951045,10.986639136630814,10.986313896704292
18269,11.36,11.154370408110262,11.153859320417897,11.15487652559655
22857,9.91,10.895475842425512,10.896347053965119,10.89526758202605
25825,12.53,13.401657644391175,13.401535597970053,13.401222151375975
19954,11.86,10.886823329042329,10.888668526126237,10.886802184658364
7359,7.74,7.345876032256821,7.348530836120949,7.346633440638587
8439,16.77,15.369828706554369,15.371175443929072,15.370012206000336
25045,13.48,13.436472198515734,13.434783545890982,13.435871142103775
12750,12.87,13.47969364279297,13.4816515267045,13.480261370295803
7786,15.58,15.295730132661124,15.297355014541191,15.296022705437224
31530,7.51,7.445944827646259,7.447724557392445,7.446969730730898
30244,13.79,13.445933490523423,13.448311230831884,13.446454184971515
5917,8.9,7.326079272513285,7.329158516660127,7.326763660225818
768,14.84,15.235273661518468,15.233089803766806,15.233988707925764
14967,7.29,7.266763910953077,7.269673984131701,7.267301362755506
6515,7.9,7.312554847325897,7.315536685691756,7.313282635917839
27021,10.75,10.894385595607561,10.894940033848208,10.894096452825785
7158,7.14,7.2922578214386355,7.294922680182629,7.2928987283987565
19997,11.99,11.00766518591114,11.006522161281561,11.007480176569523
28070,7.14,7.308363471205007,7.30985263379282,7.308955529327569
22635,5.79,7.454775653089729,7.455010558137888,7.45560078353272
3358,12.73,13.343654274106198,13.346568503416556,13.343936237889613
14374,10.25,10.96496905812205,10.965435972727578,10.964850374523877
27902,15.28,15.342935063456471,15.339286519895685,15.341860526822067
1689,6.99,7.35249260337456,7.3540332376831685,7.353048719397979
30928,14.22,13.44784537444035,13.44569168070763,13.447177603584091
30768,8.9,7.480790511070183,7.4829204269518,7.481939250743746
25899,6.99,7.340600976709341,7.342396048634599,7.341381239399615
30851,16.29,15.339331168586007,15.337022947178058,15.338482269335827
20578,11.71,10.928277325674523,10.92900629391587,10.928251370170965
1896,16.29,15.346107403790144,15.342151178540217,15.344966109205352
9659,13.72,13.472290274898121,13.47020168255202,13.471595580582138
7441,7.66,7.260890969390634,7.265052363576781,7.261584737657885
22211,11.26,10.94250747564548,10.941807129218342,10.942291578290035
16994,15.2,15.344338887677143,15.342559426062541,15.343535100453881
3526,7.74,7.264071866013729,7.267441387754515,7.264737698602496
20218,18.64,17.018085454344178,17.011425245379876,17.015898937322056
6593,7.49,7.396133947164953,7.396986326080001,7.396836192120392
2459,7.49,7.361674486511311,7.363709723927754,7.362262986790158
26805,8.49,7.382669103162976,7.3863725277184855,7.3838881876335005
29313,11.11,11.112339024345776,11.112975314980705,11.112709486467816
11413,11.14,11.070644797725496,11.069557935491037,11.070714755399877
13478,12.53,10.993537617836648,10.992340159037079,10.993321213365213
2551,11.86,11.010356368345462,11.008927343620632,11.01016318847971
22576,11.71,11.039556579144849,11.038513844636386,11.039531024630033
25574,5.79,7.270960046655862,7.273587795300485,7.271459517825973
13033,12.73,13.472167841196566,13.471484083289415,13.471819498080162
30657,8.94,7.363917088783688,7.365265271190706,7.364595057562209
6276,11.12,10.995253242889994,10.995118067750132,10.995119740429256
54,7.9,7.541374177571608,7.543876887370687,7.542815579943517
9190,10.99,10.967910580209377,10.96761001607095,10.967751367884015
27643,7.49,7.225880387871898,7.22882935557818,7.226219308952427
14637,8.59,7.267476476292241,7.269947598446391,7.267946278540385
18871,12.53,13.466500416421464,13.466592816818464,13.466779704669412
21332,9.63,7.409501644091563,7.410495870493113,7.410259058138525
9622,11.26,11.001347789951403,11.001614625032529,11.00130356914385
11103,13.79,13.494111800584529,13.491044278216904,13.493463858681903
16092,7.51,7.378066338499685,7.379359511377494,7.378799880360875
10502,14.65,13.449810843564256,13.447657325712408,13.44915544846334
25813,14.26,13.453184619398144,13.456471722292223,13.4540188662934
21430,14.91,15.372751756103563,15.368754810197645,15.371725889650897
14209,6.62,7.266459426312389,7.2691162957423705,7.266914918042735
3883,7.29,7.369538440798173,7.371454425450612,7.370165965213145
10994,13.06,13.401895263611834,13.402980005865421,13.402218535525215
7040,16.82,16.93735163195056,16.93774012420237,16.936539826723486
3499,12.99,13.468617915757758,13.46641770442026,13.468034040435874
15725,10.91,13.542254757658892,13.543212551001588,13.542979265041797
6964,12.98,13.461040149485626,13.462556358220759,13.46140896956255
6702,11.97,13.45725850723344,13.454781029757815,13.456451939595937
17353,15.27,13.47682603939456,13.476556148968854,13.476980991096948
18591,17.04,17.126604038709353,17.124816687226158,17.126138284890718
19826,14.72,13.495597324897073,13.494565187971906,13.495793602704888
568,8.9,7.447911700038678,7.451052956941042,7.449134333682761
7625,9.62,10.916854356252887,10.9171881768775,10.916543918347596
28661,5.99,7.279107061403701,7.282915841833723,7.27993264562123
3956,5.99,7.253597583572304,7.2566561465033725,7.2541000873709605
32339,8.49,7.4281201083643085,7.428324191881387,7.428756841244049
30670,9.64,10.924966862063616,10.924606600752771,10.924704003424964
25168,10.37,11.061125838816686,11.060351681342937,11.061242749848748
18122,8.49,7.229766000567191,7.231734080959003,7.2300521765508545
572,7.49,7.420143588584861,7.42275188453793,7.421281773227862
17089,12.99,13.340791389435807,13.342327939225761,13.340992679871807
3630,8.9,7.218390397818603,7.22182675396766,7.218950876923629
16488,7.29,7.3723819145151825,7.373338715672243,7.373006932076132
13488,15.7,15.324041019306177,15.32034155514995,15.322897396445558
26641,12.23,13.364634603939539,13.365759030005465,13.36479634480203
21175,14.26,13.476033809481592,13.47243027379973,13.47518921111783
15286,13.99,13.492227932980999,13.490873874258304,13.491811800636881
10518,6.99,7.352989576073278,7.354994469371975,7.3537765957499515
20792,7.29,7.3129377443401,7.315775865145825,7.313822591270284
2086,12.53,13.459992362236722,13.457234592224127,13.459101663013698
113,10.65,11.11838573619438,11.119505812206596,11.118986459413103
30306,7.14,7.457502665077671,7.457652237995499,7.458248934430488
24686,7.14,7.310539458398549,7.311771644664643,7.31110054499798
25185,7.14,7.324631083866813,7.325772564639259,7.3252027227828505
27204,9.99,10.92336223324174,10.92209473902708,10.922892543667576
15483,12.42,11.062641567946944,11.062989800809639,11.062789353546728
224,15.33,15.466707636921655,15.468011141632799,15.467509111675763
8773,9.99,10.921632082003217,10.921172663005903,10.921373674883075
6101,7.49,7.290606416923657,7.293517484489191,7.291310147753408
29646,10.0,11.020557242445989,11.02004010874623,11.020382583174253
9524,16.29,15.280248547286975,15.282528695739334,15.280433479163072
22555,7.51,7.312135060311144,7.314472793430866,7.312734403729991
1697,6.62,7.364536901552718,7.365041063151104,7.365087157399801
5044,9.99,10.99864595640062,10.998357308790073,10.998480790595252
1263,10.62,11.039013924457983,11.038960132438252,11.039183764267346
14864,13.24,15.263366848558451,15.26103604360604,15.26217463777257
4898,7.49,7.377319665140286,7.378306168522719,7.3779927115317046
27028,15.05,15.358107343474304,15.354131485115815,15.357013144157062
13820,13.11,13.403588165566982,13.402067214959036,13.40282992252693
9359,9.32,7.399806972543596,7.400648515363593,7.400532505249999
377,13.98,13.554435840607706,13.552538271983014,13.554252845161926
21000,7.9,7.236367886640316,7.240035237324647,7.23702106138158
23923,7.4,7.287467043620844,7.289502404331488,7.287868673553508
5416,12.21,11.019273718291805,11.017825415172286,11.019100531019879
28417,8.94,7.360301354893219,7.361971303077042,7.361079042341935
30881,5.99,7.3861569708323405,7.388238781362842,7.38702147610889
13836,9.45,11.012664920524385,11.013842836788513,11.012788624150541
10969,6.62,7.326943170544903,7.329501254900526,7.327641946188783
15177,14.7,16.98202679496068,16.97694129256073,16.979800635112582
17392,6.62,7.374633153877011,7.377195296297075,7.375416761701109
10572,6.99,7.37590061419108,7.3788775183114,7.377063428985418
17938,14.42,15.231328720845475,15.234364139063015,15.2314236362919
30362,8.32,7.251742381133622,7.253749260608488,7.2520585793909795
27881,9.01,11.036716165001543,11.037041871949313,11.036696877607802
19604,11.11,11.002789484944548,11.002622247152358,11.002571941621873
12725,10.65,11.042608689584577,11.041682457515757,11.042634276048737
5133,15.27,13.364238604583702,13.361507052905768,13.363242964121536
2962,5.42,7.2640276660417875,7.26678634142315,7.2647315222338875
14036,6.99,7.331650844011649,7.333262353077066,7.3323406603442605
31681,7.51,7.384683713267054,7.385041645149072,7.38529955502216
25541,14.27,13.45831408833969,13.45539309032745,13.457642464518912
14108,14.26,13.519953930624396,13.517747736869111,13.519409171298745
26392,12.09,13.45034924897163,13.451285055408825,13.450789161032361
16984,10.59,10.982580176362362,10.982611169048008,10.982650166448433
28719,5.79,7.324218152634343,7.325625470616855,7.324834825617283
18255,9.25,11.133816244974199,11.13360492714534,11.134270913130225
17998,12.69,10.963591550052564,10.962838600563058,10.96333520825343
19730,10.99,10.911182105748628,10.91152722104151,10.91085484915218
11283,6.62,7.360188126477549,7.363020818520055,7.361061925544206
28065,12.72,13.434397019630406,13.436801776284362,13.434936479470874
14380,16.0,15.363326514607257,15.366166772978012,15.363927676752187
22687,9.88,10.921922035903233,10.922278851541442,10.921691769581875
5727,9.99,10.89722428371918,10.89832793096738,10.897054217712505
17887,10.65,10.882938833973258,10.883364079161588,10.8823993943473
32101,14.61,15.39781561353969,15.399867666954812,15.398336222580621
15021,7.14,7.287130533340138,7.289439220623989,7.287577620595555
18067,14.46,15.404140372739658,15.406442579624464,15.404750290228758
28920,7.14,7.300860305655463,7.303084505072954,7.301368263846305
20416,11.48,10.968973983108565,10.968716102409372,10.968815862551518
18716,5.42,7.254383396450762,7.25618389786885,7.254846564292631
19919,9.62,10.864402002990769,10.864813803907188,10.864026793703225
28953,14.26,13.452146087162058,13.451503751589764,13.45178785081655
18053,10.75,11.146476043268514,11.145960813608076,11.146971236263838
3371,14.26,13.37149313181958,13.369092331442575,13.370597573415948
3516,8.49,7.365415504588231,7.36807620575724,7.366237070555036
10862,7.88,7.265513972841837,7.2678677020221585,7.265983537225227
9338,10.59,11.002707472316906,11.00359500707364,11.003029099153233
5646,9.62,11.050325834603083,11.047201518121458,11.049969640512012
17020,18.64,17.020801711003706,17.018267692901148,17.01980555067858
5588,10.99,11.02307652195205,11.02180359713213,11.022909507219437
2832,7.88,7.387438198924712,7.3882199713888586,7.388077281151799
23270,11.71,11.00855809691435,11.007532268016025,11.008432818176544
1905,6.03,7.364958064862442,7.3664724987831205,7.36553935514839
32016,5.42,7.337648188798926,7.340621115326631,7.338513358578618
31232,19.03,17.093157744855702,17.088632844939827,17.091756716598102
32056,11.49,11.048926920577426,11.048713224930928,11.048889210974489
15515,13.43,13.539400164773145,13.54033330807143,13.540131499739168
15981,11.49,11.164003983686339,11.163190907640026,11.1644737037949
14010,10.65,10.872585979043775,10.873466690024019,10.872286866047872
3293,14.17,13.459292985634889,13.455712002272183,13.458427610524364
23774,9.76,11.015177141015556,11.013859474307521,11.014905918836357
14223,15.27,13.429243916123191,13.426671994179632,13.42851483904024
19501,10.99,10.900464449607519,10.900982291373431,10.90035513655664
10514,12.84,13.453009829835592,13.452291252118982,13.452571813425283
14547,13.49,13.352670510562355,13.349671384184184,13.351532401812133
24937,8.94,7.392531174789968,7.395164052469882,7.393400909942322
7671,7.51,7.329989304064878,7.331943523850829,7.33075427196791
28053,10.74,10.989110253125482,10.989757184093753,10.989091926766713
20201,14.54,15.368824469616541,15.368800244143827,15.368951930991557
3505,12.18,11.066819090612942,11.06549206977667,11.066825663465279
23248,7.43,7.328982989783044,7.3312674886712115,7.3295999657199
29697,12.68,13.494006224427098,13.494439265145221,13.494426203819913
30271,6.92,7.388462162211028,7.390066631402208,7.389264802698006
28682,10.75,10.911674096724033,10.910998801846858,10.911292255845677
4210,6.62,7.359868299944048,7.361851964797894,7.360521505044534
30756,15.33,15.285867648448221,15.28412147840427,15.285017878394026
2434,16.0,17.05152856457608,17.043824525216607,17.049289160731256
30247,9.99,11.030201139689275,11.029953103080311,11.030125199131886
24976,9.32,7.26972049750648,7.271566247347821,7.2702061024255995
4817,11.71,11.016953548819128,11.015902939771689,11.016844526647619
14006,6.03,7.29976265053769,7.301600472509708,7.300356663717826
5450,7.14,7.288022197222321,7.289539917519652,7.28854960656357
27569,8.88,11.056157674377124,11.056809248088289,11.05641504368903
23391,10.99,11.098951653959814,11.097223832113114,11.098971090145856
28145,9.99,11.017413813630203,11.01608914674066,11.017244449747384
21586,16.77,15.264938619819187,15.26788086268856,15.265179675123235
14578,13.49,13.460805594049626,13.4581334910397,13.459907237422142
11840,7.9,7.255302027588075,7.258436747419377,7.255903086895661
313,12.42,11.073894478879492,11.073137887027807,11.07395274906255
26798,6.39,7.367485585069511,7.368749072224979,7.368027519776903
16912,11.97,13.474537374572218,13.471262223284297,13.473767621452316
16107,15.58,15.330866716798827,15.331645291910304,15.330895530301088
9435,13.79,13.515200210157882,13.515621015056851,13.515709145564589
21889,12.68,13.510953197086215,13.50738903421956,13.510228420015189
19665,11.48,11.044314579177769,11.042703197675309,11.04417850543704
19874,15.37,15.276177412872826,15.276155000208753,15.276074406505103
7142,8.49,7.308316404200359,7.312243917412972,7.309216553512184
17281,11.03,13.354505169124716,13.35225930730115,13.353437470729595
9678,13.47,13.4976916976284,13.498554714233869,13.498223857931999
26047,7.51,7.3109900581258715,7.312178452585412,7.311495769535884
16699,7.88,7.359650657901341,7.36159490998185,7.36029646429219
12357,15.68,16.945689603701354,16.94010982975784,16.94348847529243
26898,7.37,7.371255893515554,7.373200346114551,7.372148059729507
9040,7.51,7.293627123795993,7.297735636435069,7.2945824790712
21624,6.17,7.390687948333402,7.392699379919467,7.391403198372666
3773,5.42,7.3450079562096136,7.347187811377044,7.34564395909489
22293,10.36,10.884259355948517,10.883732716044621,10.883878563208711
10012,10.75,10.965853122284713,10.966067566910176,10.96579739352628
25382,12.18,11.120588870618375,11.118930671275383,11.12064079524595
29210,5.99,7.295008746104294,7.297477713349547,7.295633010874915
20845,12.69,10.90258764059808,10.902533467536545,10.90221974847372
26314,5.79,7.32009019269455,7.3218829096706,7.320732069522287
23196,7.29,7.343355916668902,7.3451528481991,7.344038356766197
6325,16.89,15.24571840632587,15.248229699844519,15.245824682056561
29226,16.45,17.05950453325225,17.059851852987336,17.059159781667653
24859,10.38,11.083236237672747,11.081925007246536,11.083319498573008
17011,10.08,11.03025425640485,11.02861844794434,11.029979636993358
30167,9.99,11.003751210267882,11.003326342844382,11.003675870534657
23421,11.71,11.06746345458318,11.0667698906354,11.067392092384859
31474,13.49,13.415760445397494,13.416444215217073,13.416051966423124
23330,10.38,11.074330815342261,11.071227747336017,11.074053316733131
7869,7.49,7.3122894725471035,7.314077525087242,7.312965851534005
5957,16.77,15.344862243571061,15.341034477600449,15.343781172963435
20731,12.53,11.027533255514255,11.02638965738541,11.027413714978646
15492,7.49,7.2855667781437585,7.2869190532861055,7.285992603977587
19019,5.79,7.355819418293986,7.357868522574307,7.356403793504971
28529,7.88,7.311235274944772,7.313068967008892,7.31188876213274
20444,14.65,13.432464303573742,13.433909215197664,13.432858395061686
28716,7.49,7.460611032857868,7.461315915734227,7.461565066207808
23167,13.72,13.424145466888469,13.426486026115796,13.424507280223287
31266,9.63,7.273803297714704,7.2763713071293425,7.274287206194949
1355,10.46,10.916673313058764,10.915243757648252,10.916232515989453
16475,13.49,13.350806151478022,13.35204520452712,13.350986842567313
24017,13.48,13.47693941854017,13.479374434546997,13.477511403492413
26209,7.68,7.299394676179044,7.3004883762552755,7.2998274285780145
7018,10.65,11.030973744363362,11.030720071821126,11.030868626956506
31900,14.17,13.462552109186966,13.464324876919669,13.463034097714042
21034,5.79,7.438057110596984,7.438926021335841,7.43890502598506
25242,14.65,13.589436503058867,13.589555950928519,13.590217104139453
1723,16.02,15.341729677642162,15.3375855948547,15.340538940142736
27747,11.83,11.034151683483605,11.034226129164125,11.034155036441959
17948,11.83,11.142627930175482,11.141985795534213,11.142966426608105
27988,11.83,10.984103836227657,10.985790045319352,10.98438555939336
19839,7.14,7.371540700746332,7.372988407236279,7.372197965717617
20488,13.23,13.42105566875524,13.42354019666465,13.421522555010315
31334,13.48,13.360309410195075,13.361410025891495,13.360408609310515
22303,7.88,7.382664157950126,7.38472367689659,7.383408127433734
6240,7.51,7.36694041438888,7.368357976959594,7.36765621463534
16996,12.42,11.050400549235555,11.049631580910193,11.050467465880406
309,17.27,15.558714870108165,15.559254659893297,15.559650829339216
2618,10.25,11.006402859502938,11.005243187259266,11.006225013991038
27872,12.73,13.342424433930919,13.341768820849353,13.341302738714624
10262,7.9,7.43293678312585,7.433969761864815,7.433795460451039
11285,6.03,7.293178339402913,7.294968066180083,7.2937349819284005
12355,7.37,7.414284198350701,7.413812574928957,7.414803823477237
1280,12.69,11.079819682828084,11.079451396464712,11.080077411140016
10647,14.65,13.379237624955788,13.377598875801947,13.378393921231893
23457,7.49,7.2638908873382,7.266206307704319,7.264297354232075
12471,11.83,11.044843946913314,11.044149356952069,11.044918534171725
18981,17.58,15.429945051758475,15.427401827182862,15.429227163062372
29293,11.14,10.896632435911629,10.897173481378655,10.896444941240215
7131,8.59,7.308053139400275,7.3102141649750525,7.3087709500131615
16945,7.49,7.353952142361004,7.356896743497735,7.354768493210614
25176,9.2,11.006690265026185,11.007166698095665,11.006723229489811
7347,13.98,13.49586700784458,13.4931607043278,13.495103529456362
20250,10.75,11.008372437761633,11.008324147080438,11.008304710473954
4009,10.25,10.93099988513846,10.930422377005227,10.930779393285208
25543,12.42,10.961784858822483,10.961596463086082,10.96169889344
3725,14.35,13.447400995515487,13.44454960867462,13.446608619150231
31787,13.48,13.51413048041075,13.516871659484785,13.514960628011066
24945,9.91,11.093077148664737,11.092467776191958,11.093132075454724
8025,11.34,13.451616981287533,13.45390545836258,13.452075257511465
7858,11.49,10.892421737403955,10.892900235706273,10.892113359805284
21171,14.54,15.323176732914144,15.320478430373832,15.322315280415364
29424,5.42,7.362414332882601,7.363600397886951,7.362923802730775
26692,6.54,7.31985159582369,7.3231645942193,7.320728161166894
10853,14.27,13.459758004215642,13.46189890801325,13.460283643306944
7470,21.74,18.543623279020338,18.532906529815314,18.537486975188948
26211,11.58,11.031110284309804,11.032194903402647,11.031356684628372
15623,6.92,7.304493772418883,7.307197702045773,7.305070800142565
9309,7.49,7.2912888190671215,7.294306105651839,7.291992965457221
1418,11.49,10.979356663843852,10.978675971111478,10.97904048869568
7746,10.99,11.012894897967373,11.011780831530057,11.01278267429241
1080,8.9,7.425831278756533,7.429033879397603,7.426919379208879
26441,5.99,7.362028220126621,7.363150473334505,7.362716455417452
8455,11.99,11.137495984530823,11.135852330693861,11.137766212875686
24020,14.61,15.376836459951141,15.373710300334551,15.375985726110947
19977,6.54,7.28343749175251,7.285608933303783,7.284077661678545
4706,7.49,7.29388804455711,7.295965851070493,7.294555798251958
23035,10.99,11.047356642591144,11.047222144633812,11.047335817038155
16183,14.91,15.359214720318095,15.35626078523825,15.358316055847421
18353,14.72,13.533269096124975,13.531092180576959,13.53294179804259
18690,11.03,13.508253013586273,13.511147236447334,13.509032965243964
2205,7.66,7.377016895614294,7.380374382509028,7.377950926827449
12235,8.94,7.359615937876528,7.362128226082564,7.360513433035878
32401,8.0,7.402659106759027,7.402453491035496,7.4032097074259156
1585,14.59,15.330066000864,15.330907065304743,15.33006774007838
646,16.82,16.860065750386667,16.859730870061377,16.858892183654962
17122,10.25,11.005158275181554,11.00373593582531,11.004936846403915
13094,7.51,7.389411672649372,7.392022535124585,7.390331113530586
15384,7.66,7.398248154252433,7.401358015477993,7.399304030692399
26218,11.49,10.940336355056708,10.939799227292056,10.94013003793103
9602,7.9,7.325426262910657,7.329063042898908,7.326388981765054
1040,8.49,7.462417675532272,7.4639433406885765,7.463487932840366
4725,13.11,13.46144000512821,13.458302537488388,13.460638924315704
5286,16.29,15.36569531881181,15.365715691958794,15.365827751379033
3393,8.94,7.271588416220632,7.27466621693279,7.272160208901962
11704,14.96,15.377512061244706,15.375397991371662,15.376986883958747
20648,10.65,11.032864190648413,11.03159993488133,11.032750843042953
21504,7.9,7.363542516598583,7.365203425033081,7.364279870211947
2941,13.06,13.430153339734748,13.427818599111747,13.429197701058008
29197,14.79,13.525475575634303,13.52760775542313,13.526347204063356
19043,5.99,7.232057712493302,7.235263593026559,7.232502192258568
17629,5.79,7.26995640349439,7.272601342084803,7.2704855815503535
28114,10.37,10.977819775727774,10.978145261440762,10.977642677299146
3644,14.26,13.485962474465719,13.486341284788475,13.486317992390475
9342,8.59,7.2697088412619415,7.272302139029542,7.2702371172098585
31669,5.79,7.337116306863898,7.339047475432944,7.337853659978173
10451,12.42,11.020999615518486,11.019917269707431,11.020826610677169
23773,7.14,7.339454410278101,7.342800783642298,7.340279807431502
8129,14.26,13.422763752861394,13.420998239540758,13.422210567019377
13286,6.54,7.3489599147289075,7.352139371226137,7.349910867233813
7771,10.65,11.003646401335317,11.002911144973105,11.003543088912831
2698,7.14,7.382111571297559,7.38460237633394,7.382963597629762
7307,12.53,10.9351682870107,10.935753161474326,10.935180813682457
3789,11.49,11.008624633129143,11.007238794821282,11.008436169889755
5569,18.21,18.487498881212524,18.47579159454936,18.48117366582361
29278,18.78,18.624070730939316,18.61426699690927,18.618511214642627
29721,7.88,7.291302959118591,7.292875039876578,7.2918649861432066
5035,12.53,13.36495247189929,13.36705513636622,13.365335724118395
14242,10.25,11.012563327627186,11.012497182865644,11.012709037466154
22037,7.9,7.401681256115793,7.402814472707035,7.40241340261626
23719,14.65,13.49264202908934,13.489830016814059,13.492002098301061
15507,15.58,15.334886119308662,15.335750900817922,15.335140205349006
8833,8.49,7.262505344363961,7.2635837132398215,7.262860558188677
13273,10.0,10.93929050324181,10.939094026580293,10.939115616112147
27634,16.49,15.261011723664618,15.263238910991376,15.261128686074375
30816,9.88,10.999291691766983,10.999783330157133,10.999244383061205
29517,14.26,13.48040081555347,13.48066947420191,13.480753907689653
15105,12.99,13.43188222226334,13.432705495425296,13.432165064906828
3191,9.99,10.913164569212507,10.912047750790794,10.912760172742269
1398,6.76,7.354785553961942,7.356213953329298,7.355312983570757
9014,10.38,10.919534922579407,10.91992690855699,10.919305352461945
13699,8.94,7.405916915889031,7.405440414138585,7.406372072326533
13055,6.92,7.326471014252395,7.328210815952128,7.327142162135874
23458,8.49,7.240728334334104,7.242926666066356,7.241074185371062
31889,11.86,11.059536891766708,11.060144632085951,11.059784561545364
16493,11.83,11.020751989866692,11.021807882208119,11.020895218370477
26259,16.77,15.30974449040152,15.311288471340283,15.309894005679435
7316,9.63,7.252564581940528,7.25395011154899,7.252950562363918
30806,9.88,11.015681501684966,11.01642583139094,11.015789023316346
22471,7.14,7.280223858934496,7.282028132689533,7.280733703892217
7971,7.88,7.247913172938935,7.2515121846898385,7.248611484281775
21641,13.49,13.378465004333775,13.380604616305554,13.378720254604115
11311,16.45,17.023982221740383,17.021605293605386,17.022893183849693
23225,12.84,13.37233932474979,13.371711164604436,13.371652020409213
27912,9.91,11.059247848323444,11.056711412093696,11.059018344430537
19946,7.66,7.379221596592357,7.379925518218273,7.379717626321046
6315,13.98,13.469896732002688,13.470800671050588,13.470328503171364
15328,12.53,11.056870584034417,11.057526461786576,11.057047617894114
4921,7.29,7.2724169602577895,7.2748701173602495,7.273082360096058
14966,13.49,13.351619097378341,13.353055078723182,13.351789108863684
13620,10.65,10.92065592243637,10.921591232654508,10.92055546472644
8019,7.4,7.407166407780424,7.40629545476743,7.407610294985608
18002,8.9,7.439302759409141,7.442055156292273,7.440374679141697
15852,17.14,17.143550779475383,17.142723199122756,17.14340204140512
8514,14.27,13.44952313384777,13.446998903961028,13.44879259536153
17508,11.34,13.32881692485231,13.331485570168132,13.329066516689299
10059,16.32,17.022439124896238,17.02087026718385,17.02164697651959
30599,12.99,13.354543627694891,13.357131283385293,13.354844675848375
15124,6.91,7.37073175288003,7.371550371606052,7.371340456566514
18804,20.11,20.23236682887592,20.18112952693862,20.204240372782586
6879,5.79,7.37250117930116,7.374268045422652,7.3731534289485205
4358,9.32,7.279745300970373,7.28249707291468,7.280306437186902
8441,12.69,11.009627969750161,11.009908575159944,11.009597756971518
31770,14.09,15.35311762745628,15.349416023815083,15.352083663164503
9882,7.51,7.27540101132814,7.276521193074485,7.275809921532057
11071,6.03,7.243729189670369,7.246718309683994,7.244274593112908
16839,16.4,16.927613029795204,16.924285615549366,16.925688463523528
27011,6.91,7.358582958757502,7.360937042145076,7.359488252895406
26390,8.0,7.279280444947534,7.280727064092382,7.279705886144997
12497,15.96,13.482386725327892,13.48402677211847,13.48302439184845
31275,6.03,7.367686613081035,7.369254982154959,7.368499530210775
23182,13.35,13.412867434118606,13.410608804179876,13.412059475294274
14393,9.32,7.29441441943832,7.297187201559792,7.295001839007928
6157,11.99,11.00336586777837,11.002813709324146,11.003298559351915
7106,9.88,10.90885642413706,10.909330678489415,10.908608009100396
13840,5.42,7.317562332264547,7.319292408253468,7.318224013976654
24889,6.99,7.324757160099367,7.327215753127592,7.325382245730642
16822,14.35,13.450852077402288,13.451908830687154,13.451127113254838
248,7.51,7.455358916101274,7.457168633786884,7.456543309598027
9997,9.99,10.94012019633174,10.939643167081499,10.939898234523143
19561,14.27,13.39824755789964,13.400311399320444,13.398570291835597
1047,15.7,15.193922647991608,15.193053995120849,15.192797029507515
7048,13.72,13.426229966565518,13.428725768022217,13.426643220305163
5067,6.17,7.298320177724694,7.301599299902437,7.299238065681864
3344,11.36,11.060877821084759,11.05984912412091,11.060953744796414
15051,7.88,7.365829435957545,7.367537540687055,7.366613173864695
324,15.33,15.500337499506562,15.501165956023042,15.501150364679344
16315,14.09,15.350673356469796,15.352318240444617,15.351185533483662
10253,8.49,7.390445967553685,7.392740435815972,7.391223290353948
18528,7.9,7.418513220250929,7.42099454078953,7.419623798822902
137,8.9,7.401366137928465,7.40426233435143,7.402312618803656
30800,10.62,10.970099373480778,10.97012756958554,10.970072892082035
1024,9.88,11.050568337995204,11.051778030978408,11.0509218514391
29165,11.83,11.025129268054737,11.024685030921267,11.025124045485633
20084,8.59,7.258839854807458,7.261973508634239,7.259436569860251
20445,10.62,10.937569006492321,10.937972596340273,10.93741072294805
11268,11.89,10.998575761456806,10.999194879505932,10.998636191258031
14299,10.99,10.936485102667323,10.937674290174321,10.93649906734163
14786,10.59,10.931941860009777,10.932521998610037,10.931753647764397
16473,10.0,11.010443598419798,11.009272591722201,11.010264323082886
25780,17.56,17.043310695143887,17.036699690519555,17.041184912576384
21055,9.25,10.941647529382877,10.94139555543055,10.941334453243588
21081,7.88,7.445141605475093,7.4447027743922005,7.445835803114312
15732,12.87,13.489829741078111,13.491843993445714,13.490578838871219
28818,7.51,7.439408761212878,7.439866717738087,7.4402080497914245
5193,11.26,11.042255707868835,11.041504100190794,11.042262046959463
7068,10.96,10.903937323532823,10.904629526876754,10.903707869392344
31914,18.43,18.72171667240118,18.709746613216932,18.71583689501781
8532,12.21,11.02228377510435,11.021478349534023,11.022214518650415
32120,13.22,13.510081960907055,13.506840718886647,13.509439391900251
24931,8.94,7.49717554012074,7.496956885977652,7.498071854976919
18031,11.71,11.133328456642548,11.132848270473811,11.133799315604525
26832,7.51,7.264548534375974,7.267205214239143,7.265076548575602
24046,17.19,17.021055740159426,17.01950220796526,17.020283479885
25960,11.71,11.05736269632055,11.05762769522705,11.057468511838568
27708,12.21,11.14669166862115,11.145369250923798,11.146985575809135
25071,10.38,10.978837223782072,10.979639524152773,10.978932472726633
21625,12.69,11.033400663936845,11.03249398257629,11.033355641966502
3036,9.99,10.991292608442663,10.991311087800128,10.991172151301626
26534,6.54,7.399337266849599,7.4012436381106586,7.400344553156362
16625,9.32,7.363533808591094,7.365249156334006,7.364136707353678
4564,12.69,11.048701962595679,11.048464654881425,11.048664854076492
9165,16.0,15.653590457784206,15.619493433278521,15.652040043582197
12327,11.89,11.022163485494005,11.022116246704282,11.022248739254742
11676,11.49,11.050605706274062,11.049532496610944,11.050606653388206
13106,10.65,11.068552003584028,11.068634992662835,11.068630718733596
12874,13.57,13.380150316926745,13.377413634328427,13.379205997278468
7684,7.05,7.253535167537583,7.256037509041902,7.253940105902739
21167,9.63,7.282536648566709,7.28412413705793,7.283049378576284
25554,10.62,10.992677381353136,10.992809996012483,10.992671299020431
10039,16.07,15.337886124182626,15.335592854496936,15.336933338909581
5489,13.48,13.365040507635555,13.368408723967663,13.365552074186716
17775,17.99,17.067109978504675,17.061629978661443,17.06529161259942
31821,11.14,11.010114307305837,11.011474916026087,11.010383932386619
32516,7.49,7.384879280230096,7.385015413906053,7.385449384443173
9711,15.58,15.280852965813406,15.27806155746685,15.27981138848833
31887,15.62,15.312468763167967,15.313398414957197,15.312584290260677
18089,11.71,11.051913331130992,11.050517650656289,11.051691248478544
6940,12.68,13.46400453052685,13.460690326646695,13.46317945249227
28534,12.68,13.461111894219218,13.457918370410539,13.460300041126146
23157,9.88,10.936934857364756,10.936782358644198,10.93678653447045
31609,14.96,15.402999853591798,15.404175533716684,15.403600741763668
24570,10.59,11.041126756698716,11.041213431004124,11.041413702438305
26142,14.42,15.40771416438379,15.405718239569355,15.406999774799925
8527,12.69,11.036941948455372,11.03689252851732,11.036905831571678
4508,6.99,7.404347210931131,7.403496809626739,7.404783936546353
11363,6.99,7.301016951818159,7.3021685670576435,7.301508037440293
24463,7.74,7.39039875854649,7.393082068774124,7.391326110865227
24759,9.38,7.275253926750037,7.278143816399888,7.275785523417816
13067,9.88,10.896103090026655,10.895239619739943,10.895647543116265
5511,11.83,10.885821465183124,10.886580628935453,10.88553252956917
31024,12.73,13.470813734990482,13.468379180406803,13.470259020969019
1821,8.49,7.374018159005606,7.374757241783202,7.37462509006632
24703,7.51,7.275025810734044,7.2778801981456445,7.275546490837981
4248,12.21,11.029444681441197,11.029008611054735,11.029300610390955
28849,8.94,7.340735132439303,7.34329882553448,7.341451544777223
1644,5.42,7.344995211380161,7.346547620186871,7.34550687783919
4556,13.22,13.491936483682142,13.489758900214554,13.49128301938891
5051,7.49,7.284867207554307,7.286631470447007,7.285417430098257
7689,8.94,7.282367879991257,7.285282277703576,7.282968816448694
31921,12.87,13.435953666330583,13.439577545577897,13.436296809037803
20600,13.47,13.519793949095417,13.520457304447891,13.520310118836356
4418,10.28,13.461136190648979,13.458128927522619,13.460363521067848
6510,14.09,15.359401799667578,15.359676672220479,15.359584687491768
5757,10.59,10.996780245609948,10.99565393030846,10.99660556059439
11425,6.39,7.260260919237522,7.261821933723759,7.260667415889837
17123,14.59,15.367138539120162,15.365504436134305,15.366406571412234
29942,12.18,11.047683860063543,11.046913807516265,11.047564611516284
32367,13.92,13.511453159047935,13.511897461860327,13.511905176726689
24536,13.92,13.435963375687509,13.437218229099319,13.436448855737453
28332,16.77,15.380279261925924,15.38075920930646,15.38057271800719
15918,16.07,15.447735935025921,15.444821064613025,15.44720286035583
29567,9.99,10.930708108741989,10.930505545467177,10.930386682976039
26096,14.96,15.37155633467038,15.367764412980387,15.37039742877445
7122,12.87,13.560405340243223,13.556965015644387,13.559961885534253
21731,5.42,7.4334880435687305,7.432848115252982,7.43406099727414
10872,10.75,10.971805971635325,10.971618569510003,10.971776647227706
451,20.16,20.316208437041237,20.265663331460452,20.28851584517757
29898,8.59,7.402212259541484,7.403232029004704,7.402868069632948
28679,14.65,13.526705902521286,13.521731681710442,13.525781595219634
10153,19.16,20.19172843898356,20.144285037345142,20.16475896900474
4652,11.48,11.053329739738647,11.052184734196333,11.053327014272828
12557,7.88,7.4152030911019455,7.4166126201782925,7.4160885874934825
20712,7.51,7.339683287004258,7.342441914626374,7.340343209144138
6491,11.71,11.084734040671897,11.082639770716158,11.084719211509713
29635,12.53,11.062650995471845,11.06281698214966,11.062743535001056
32122,9.91,11.07265281702486,11.072060328673063,11.0727960244622
9884,7.29,7.385016955138806,7.386476343490496,7.385811897408395
14008,17.58,15.346107833677387,15.343390831805653,15.345338457896304
13095,11.11,10.913892722154063,10.913919385440858,10.913548611455749
12023,13.48,13.43867401688778,13.436625676782148,13.438093636141886
32245,13.48,13.567833813820645,13.564397438466738,13.567330206406668
24263,7.88,7.343256675871753,7.3450574902003956,7.344034105893154
26161,14.83,15.301910576344648,15.302636652235229,15.302054156346344
26141,11.36,10.999194482031893,10.998867094777173,10.999234692821386
23956,13.8,13.342701940188501,13.340592434570224,13.34161145834764
1612,7.49,7.345155660933531,7.346858366970021,7.345694831034892
8295,11.14,11.021518384851692,11.020831866686137,11.021486480735488
18365,11.03,13.463462140010716,13.464883408527564,13.463993051114368
30941,16.0,15.369942932415533,15.367028596898063,15.369081928494701
10050,7.49,7.383575302896071,7.385777591677405,7.384365359801359
7809,11.14,11.01718639835208,11.017016127846054,11.017112497309812
11164,6.91,7.351411666967059,7.354676291795041,7.352313507196794
2492,13.92,13.415635835898378,13.41789286826764,13.416055719091805
13540,9.38,7.418827669936007,7.42037211385443,7.419718850800342
19552,7.66,7.348059582810023,7.348805173217754,7.348583488996619
28412,10.99,11.05372476564032,11.052987184113446,11.053769866609542
7582,10.59,10.899083736320108,10.899418846212663,10.89876620959839
3302,8.9,7.354327481253547,7.35659058544767,7.354956520542089
30191,10.59,11.014447681554307,11.013732174194397,11.014378067967407
25401,7.51,7.3136878299004815,7.315450193943328,7.314155328794544
15633,6.91,7.303023697425397,7.3047208402108454,7.303582160361357
31075,11.49,11.080667872788176,11.079098286728447,11.080682741399855
12562,14.26,13.511506015837195,13.508402808003535,13.51091473876133
11894,11.99,10.938567705129943,10.938086224142875,10.93833642994951
5103,7.49,7.273689143634227,7.276357641529643,7.274255717936073
12950,14.11,15.393826470447175,15.394581685253012,15.39418502555873
22533,11.12,11.063759176689015,11.0624502766961,11.063744103935818
14899,9.91,10.940751200923932,10.941194724220388,10.940565134806775
8748,7.51,7.295030823099354,7.297067767801916,7.295677619428624
359,12.42,11.022113107581106,11.019343906447947,11.021749272263028
29573,10.65,10.90740428899299,10.907828326875872,10.907125206775023
30807,12.21,10.965972960518108,10.968015553058382,10.966256896901823
1239,8.49,7.3952688102150175,7.3982231531829115,7.396262954091864
2745,12.53,13.503788242680736,13.504890629950946,13.504413530723134
15858,12.18,11.10197755951474,11.100866697318594,11.102138260199023
8989,11.49,10.94393962819598,10.943735979290743,10.943795546023459
15223,21.21,20.23987793693228,20.188628680796615,20.21194991116975
10554,13.16,13.456745214669457,13.45841587854436,13.457283573894072
25714,15.33,15.330293785188914,15.332234626754001,15.330211387130191
24806,7.88,7.288880391430712,7.291578452812523,7.2895173638916155
23217,14.42,15.32175958590475,15.323335172364558,15.322130279763226
30890,7.9,7.4054744909154016,7.405545508305077,7.406043646111473
29151,14.26,13.506971017256609,13.50437266661601,13.506068691082987
5464,15.95,15.338896210647222,15.340277671483085,15.339010593498127
24609,7.51,7.246955890243932,7.249328710815733,7.247361611706575
14716,11.14,11.001259141093625,11.000987151437236,11.001330739003604
24016,9.99,10.957174734258952,10.956489058305872,10.956999009628158
30568,18.25,15.34225146322571,15.343329196565831,15.342624425894066
30706,7.88,7.249829130507142,7.252956262360184,7.2504048811702875
7457,6.62,7.37993046808021,7.381915577309784,7.380605741208679
12534,12.69,11.046270646387871,11.04659655308728,11.046345314391479
10112,8.9,7.4168048723945725,7.418841660652276,7.417624872178963
5505,13.23,13.458589780439722,13.45987232448184,13.458936610856293
25351,11.12,11.011863514795559,11.010666007627153,11.011699803545248
1897,14.65,13.444655488726884,13.445029000377264,13.444925026589827
32181,9.25,11.01757073604599,11.017141661547162,11.01758439774534
3474,14.11,15.320433887451625,15.319249983245985,15.319653926958448
7466,6.76,7.401541115708503,7.401121784933698,7.402050537828584
26346,17.56,17.037520736369416,17.033097983035468,17.035648467982238
30864,11.49,10.915346583311003,10.915754323361046,10.915197263973205
32347,11.48,11.060489240254727,11.061454078670522,11.060782041105758
25999,10.99,10.925151485108287,10.924532452140726,10.924818614809837
23317,15.33,15.308993228493037,15.310041192327434,15.309203247447847
18817,6.54,7.353912875415435,7.354797378363008,7.354431135931801
1525,7.74,7.370162844531424,7.3710059153627965,7.370755752487016
18029,14.09,15.435124126022611,15.437661103310239,15.43589193816436
16270,19.91,17.024393972560453,17.020823960792555,17.022624898444285
27104,10.65,10.952334681665784,10.951742097322363,10.952100701485891
2831,11.71,10.855482431808046,10.857122306889796,10.855312484874124
30116,17.56,16.93929976442412,16.935625246505495,16.93721266684654
19557,15.65,15.244498762627915,15.241262510544459,15.243204793646676
29220,15.65,15.510339087617,15.511507500260864,15.511187510782378
5296,14.65,13.370271005027409,13.367901566860382,13.369402558644289
29594,11.49,10.900990879452078,10.901880387450525,10.900755097002698
24234,10.59,11.007825352637543,11.007047404068063,11.00776546059753
9451,12.84,13.478806491807166,13.479638442901692,13.479246706624025
21528,17.99,16.97808477095832,16.973885735917946,16.976098505441936
24267,13.79,13.392461274221775,13.393366691613519,13.392677219192018
27150,6.99,7.297250928212434,7.300439535000643,7.297991940369348
3163,10.99,10.987967820040442,10.987589453066953,10.98775371668827
10087,8.59,7.320767118054432,7.322694579364749,7.3214809325008225
4031,14.75,16.98405210599912,16.982988853475085,16.98307612799855
3337,7.51,7.3910035517099715,7.392277901931861,7.39167010043632
874,14.96,15.204649319036472,15.207286680244277,15.204674215901356
21369,13.49,13.447446195847792,13.449197889546896,13.447843579088275
25656,7.88,7.440195130706258,7.441953539359859,7.4410404460579
29683,15.21,15.30472221994563,15.301705273628595,15.30360672423879
20434,9.32,7.319889496304145,7.322321535566719,7.320592202559199
14400,10.65,11.005669491264102,11.006187854358625,11.005832107057111
8339,6.03,7.384831886794537,7.3869194337036586,7.385551925795978
2426,6.54,7.34337698767805,7.344606342974148,7.343960505445512
12931,12.42,11.06482683571377,11.063927845706495,11.064915451545392
23853,13.57,13.354834536645335,13.351727998667815,13.353748768284657
26529,12.23,13.498227147520302,13.497095003294094,13.497914134085445
7884,5.42,7.273685515947113,7.276042608747544,7.274137152273315
20006,9.63,10.995544818372874,10.995210693624296,10.995338295682295
894,8.94,7.33069639539122,7.3341669905948415,7.331553696119878
2991,11.14,11.020674338022397,11.019248906157078,11.02051190886934
2879,7.9,7.2832406969067875,7.2848703650786995,7.283781143841112
24008,16.77,15.369956567497493,15.370632517237889,15.370253750892221
16509,6.62,7.38277394179722,7.383799867531416,7.383446708071666
26103,5.42,7.353245688761124,7.35574437493633,7.353977720520958
17053,7.51,7.327728688422362,7.330853403954733,7.328493501930973
21377,13.47,13.542720207855478,13.538007198855237,13.541927429567153
2693,15.31,15.23783146633245,15.236547000437966,15.23678191498237
18512,7.29,7.368496775263603,7.3692232381674945,7.36906085230522
19002,11.36,11.06991695954634,11.070381475579454,11.070103343484693
16383,9.32,7.283267437276264,7.2853000926257705,7.283891979329819
8348,10.59,13.384371728970109,13.381738690710637,13.383469862387123
23978,13.99,13.482825705286805,13.480855100376774,13.482204514667245
23131,16.77,15.414416409912866,15.414026555868036,15.41466405047386
22522,9.76,10.969923626468148,10.970061866086906,10.96996608365316
3155,8.9,7.2857805171213075,7.287579759457347,7.2863470597265945
28308,8.59,7.4587493922289285,7.458891819033535,7.459524829022019
22134,15.96,13.502343800040162,13.499013632713915,13.501648013664497
28705,5.42,7.364753833509888,7.3681953679164724,7.36565021642946
22015,7.51,7.396031713220396,7.398096176427518,7.396762758234078
6899,14.26,13.519226903004853,13.518380188741883,13.519526405321173
4634,6.03,7.28075994311433,7.282372292774449,7.281271577266859
19358,5.42,7.301123515652661,7.304381408989787,7.301826249515253
9347,9.63,11.032847420073935,11.031604704316717,11.03276377909578
16154,17.99,16.989666162065724,16.99050995669349,16.989209366425627
28852,13.57,13.423223089514833,13.422508985138261,13.422558072408561
12929,11.11,10.927540237145376,10.928744243690245,10.927528596064437
11107,11.71,11.052844470688036,11.05187530566829,11.052890024492926
24918,11.86,10.952107477756922,10.95062834139905,10.95177323469822
13555,11.26,11.037632860946744,11.037537340074214,11.037777301735229
10045,11.86,10.968408265699251,10.968543067130867,10.968446699245838
31432,5.42,7.211912222268107,7.215758594353158,7.212426568101354
25059,10.99,11.069578760457855,11.069441649540783,11.069942782645388
19315,12.99,13.469381143855937,13.47042790752735,13.469690731966455
22085,9.91,11.017254552081207,11.016055566621635,11.017130655296462
12988,7.29,7.387525982768752,7.389804669307425,7.3885633027712005
6499,13.49,13.455078785920062,13.456207485903004,13.455496459544717
30186,15.96,13.452990280557923,13.454982174978316,13.453435486177579
16483,12.87,13.39310321715333,13.395395239543213,13.393424241570033
14661,13.85,13.4807572926901,13.478815175629933,13.480265263603322
30530,7.88,7.295085780336122,7.297938970231459,7.295786524047737
22308,10.62,11.04332881732865,11.041060488468768,11.043095137851793
23632,7.51,7.335447495509267,7.337826361197375,7.336289675910912
30979,14.79,13.416810208129792,13.417816043535208,13.417148757420172
18799,11.54,13.452924223283624,13.450402279492952,13.45202776730551
7756,5.99,7.353756044872036,7.355118523864982,7.354431424881698
12828,9.25,10.932504904491793,10.932755188493761,10.93226202924405
2446,12.8,15.215669918373262,15.217826770137997,15.215668225302931
29372,17.27,15.428982724795905,15.429697136650123,15.429520948160906
16723,6.54,7.367340926615572,7.36958426023074,7.368298427332705
3640,13.49,13.452391951736892,13.448831199613029,13.451501306092709
8801,16.49,15.349300470974569,15.350227082830495,15.349541063812357
12229,7.29,7.290680468881282,7.291984994903321,7.291147727669534
24066,14.26,13.514386561759013,13.50945571007525,13.513460319328043
5395,13.06,13.397773193087144,13.396171890054193,13.397131686431948
18747,14.42,15.407256669730717,15.407824940555276,15.407688991735089
16858,13.61,13.384985288245707,13.386254515534702,13.385280972000281
31072,11.36,11.02013888591867,11.019144142792241,11.020053172452409
12170,5.99,7.310999321556229,7.313119774844104,7.3117045926585895
14184,7.9,7.3924730882295595,7.3953881382206115,7.393464624118509
12318,14.96,15.356655266216782,15.354074375024249,15.355923698139065
19040,6.99,7.215653746862445,7.218983569767331,7.216153718549853
28296,6.91,7.281527621231389,7.2839072024081855,7.282165805416466
15553,10.37,10.975282338915877,10.974934153638351,10.975191119814058
15064,13.98,13.44765015728939,13.444755500392688,13.446718039098663
25236,11.26,11.011671411448916,11.011932737794552,11.011778427952166
22218,9.99,10.917877520504957,10.916869719016379,10.917511916206074
18155,11.36,11.156079516371294,11.156434599638624,11.156557794214587
4767,8.0,7.371483157423812,7.373673370859092,7.372164882701576
25457,14.3,15.381596898783544,15.379501320274409,15.38075928141225
17368,13.06,13.55780485488506,13.558812792861266,13.558617295107577
11472,14.96,15.346453936559163,15.343225113453371,15.345344525541897
15546,8.94,7.343062128232381,7.344606425169289,7.343642042441599
5392,10.62,11.011616715553657,11.01178140698466,11.011586373708743
14512,13.48,13.428422912154323,13.426675276143985,13.427724763971234
24056,7.14,7.3058387793452875,7.308291495299546,7.3063983483947545
9415,10.99,10.913228337883435,10.913054047617326,10.912988888895415
18908,6.76,7.41077837586924,7.410956347493283,7.4113898772523505
25834,8.32,7.330647417539742,7.333106828427256,7.331364700538013
24491,6.54,7.445553632396802,7.4472856892347075,7.446415450565146
28554,11.83,11.12829425063412,11.126643875017757,11.12843351205887
31536,8.49,7.417497772209756,7.419479365603795,7.418484127268352
31153,6.03,7.328710044736009,7.32981063913714,7.329321245615556
28215,13.22,13.54642469628462,13.548813883793382,13.54735476845758
28227,6.91,7.366270361925936,7.367746418005532,7.366968310470853
3508,6.54,7.286507115623058,7.290523201766894,7.287334922369361
24255,12.68,13.479367772575879,13.475818205835903,13.478555766641067
26415,9.91,10.900954584549016,10.901355376346588,10.900610360524404
19924,10.25,11.014802311362406,11.01566139200466,11.014861711178565
29744,12.21,11.099583973422918,11.099146872065658,11.09967680592144
13568,14.27,13.397752431666838,13.401494800232715,13.398352039903436
2880,8.88,10.982725295157474,10.982564758560532,10.982495089649781
22761,12.72,13.456225503695075,13.455128482070318,13.455780953397902
4572,7.51,7.41613930797449,7.417062819791216,7.416917499413556
21155,13.85,13.458704309440467,13.459129996844798,13.459022232912558
24150,14.54,15.390522758508334,15.388866346359347,15.390109409432558
3989,10.37,11.010333565118584,11.010025804290278,11.01014658283821
30669,10.36,11.03652795681386,11.03607933497616,11.036449323962028
22317,10.95,10.989852411336459,10.990245453131095,10.989780117058322
2537,6.03,7.348842043439578,7.350745293275747,7.349441738299092
28707,9.91,11.122504585068263,11.121624465166382,11.122796752521571
26629,13.98,13.368631038799528,13.370619387878449,13.36883389019276
26790,11.48,11.071651571177444,11.071456425019297,11.071900656801951
19786,7.9,7.3793475438176594,7.380095710313316,7.379941070164444
17166,13.57,13.366092812366777,13.363462746363858,13.365148292045653
10705,10.37,11.002361864985657,11.003248642195738,11.002377486652595
8625,7.51,7.376477509943494,7.3790658458579514,7.3772584698632775
20961,10.71,11.078234145707624,11.077747067447099,11.078248444156568
26572,13.48,13.453572606741798,13.455895525826197,13.454252369136341
27077,14.07,17.04906274651932,17.048314527212604,17.04864097864067
11787,11.99,10.933633488721167,10.934267490349232,10.933447740894245
10121,12.72,13.43664178312257,13.434596333039849,13.436067755650523
21122,8.94,7.27195944289545,7.275786854334964,7.272779485858852
2109,11.99,11.025554240474799,11.024039075956338,11.025382594819341
9334,11.48,10.974025047083472,10.974639497747855,10.97416826152572
21628,8.9,7.325668067335163,7.327322741468569,7.326363736724639
13806,13.61,13.49754338721393,13.496574913041457,13.49775373946737
2473,8.9,7.320497442945489,7.3227941030428365,7.321081901269123
32094,10.99,11.023502159812999,11.022886665806464,11.023451902886983
7072,14.65,13.486991562194552,13.48355174149731,13.486236869668954
3390,15.31,15.355520024758688,15.35362593514363,15.354644243768607
29568,5.99,7.338265724219542,7.339940407867748,7.3388714545163385
14976,10.74,11.03867617652948,11.040249556105863,11.039162664819887
25211,9.63,7.359282768007536,7.362737262902814,7.360257962593054
10116,7.37,7.258828482525455,7.2614039321283474,7.259235808748872
9838,9.63,11.04297343115537,11.042217611579485,11.043013330932295
18652,14.96,15.394123987904685,15.392259413281494,15.393508599514021
20101,5.79,7.396280567318862,7.397245514115595,7.396996861174776
1657,18.25,15.337956059205853,15.33395945069803,15.336806187494442
15801,12.67,15.400522939053934,15.402274312108338,15.400993117309547
15330,7.88,7.322316290639129,7.3255227134875485,7.323174725090706
4151,13.8,13.461640132415251,13.459062290388605,13.460748550468939
17309,7.51,7.273397292731067,7.275130275633826,7.273908920679186
14954,7.88,7.420618512288198,7.422173608447929,7.421577980988709
20237,10.59,11.038595785378346,11.036819385933187,11.038432153960628
28996,16.35,16.949342425516313,16.945880602145117,16.94743729455772
29519,17.27,15.362936380725118,15.35918837739441,15.361851428832122
13917,10.99,11.024981107524033,11.024845092052008,11.025172868517528
27112,13.47,13.474203542406215,13.475522889163422,13.474824487840054
9635,11.49,10.973402293878207,10.975364636892083,10.973704231252663
34,13.49,13.369325130264643,13.367085366395518,13.368291166170541
23414,6.03,7.2872138055375375,7.29001568922708,7.287864868849619
19229,7.66,7.409905536503983,7.412652893783923,7.410807538774356
5510,15.33,15.337347556411936,15.338303968852987,15.337433730748199
5001,8.9,7.370649994909667,7.372472434639504,7.371312342482454
17482,7.51,7.4036467972508255,7.405474128794048,7.404419294524989
295,14.59,15.487757301419093,15.48978567150201,15.488554516342369
30472,10.75,11.056885969969281,11.056800169707433,11.056883978586278
24105,10.65,10.997096907925032,10.997737744892149,10.997066964044514
28841,11.71,11.006914526300893,11.005727776691495,11.006740532457625
24103,12.42,11.006041540444752,11.00664374939193,11.006064808748858
12688,6.03,7.271148740638133,7.273634270653342,7.271584225801766
16332,6.17,7.342779467203258,7.3449299269444195,7.343410679562429
18749,7.49,7.395233790971972,7.395322980107604,7.395799197624158
4519,11.86,10.976904201587134,10.97726586177853,10.97680165615909
18639,5.99,7.260187258981363,7.262167698810264,7.260716094097676
5864,7.66,7.316173782868707,7.318854952525661,7.317038865359943
26819,6.92,7.356789337153836,7.359542701299817,7.357594425218177
16887,9.62,11.021106366819797,11.021478685724563,11.021178345455983
13996,10.99,11.058116005655513,11.058378253421909,11.058268187995932
20115,10.75,10.962346439094528,10.962133559732258,10.962290352473545
30048,5.99,7.400151971557084,7.401590561628322,7.400957519461052
22607,12.69,11.043011664459343,11.042107826566234,11.04301921851215
20949,11.71,11.021862526207197,11.022168979266635,11.02184215441243
11892,15.13,16.98587100752902,16.98636706838991,16.98526896892761
14446,9.88,10.99391889240967,10.995234901877701,10.994062971148225
24535,10.62,11.076352633118315,11.073449133936101,11.076106510359038
913,10.62,11.05757502672572,11.058565185720518,11.057930738763384
16644,7.66,7.2655936357822295,7.267840449353511,7.265995661638097
6563,5.99,7.268419183173434,7.26995250862343,7.268862099697774
5597,7.9,7.38168800356052,7.383683194135944,7.382342892710213
8934,8.0,7.3692462228058,7.3715479256992005,7.369994054063456
12242,14.46,15.361518621959124,15.363246610465893,15.362107870980829
13122,11.89,10.963270125698148,10.964206930746865,10.963259286982717
3825,10.08,10.995834902982097,10.994862521597058,10.99566904858207
12102,9.91,10.942554025006554,10.943560967031374,10.942532153375101
21695,10.99,10.910816255382477,10.91101962177052,10.910494973864544
25408,11.49,11.066819395212754,11.065887302007683,11.066906959221637
7367,11.71,10.88716096615346,10.88721949248761,10.886746168320325
18370,10.65,11.097162749886873,11.096846117478192,11.097487939659166
6713,11.86,11.034407522315853,11.032921551298983,11.034168002069086
23366,8.59,7.4045756009741535,7.4055884584684675,7.405311329839384
14579,13.99,13.451225075259458,13.451565141130104,13.451498352402925
27854,6.92,7.2903629092358715,7.293514872850025,7.290865664019604
22020,8.49,7.369181408213827,7.371685922325854,7.3699907260768756
4355,7.49,7.32586030958896,7.328827522967686,7.326520231547636
32063,8.88,11.078571805316919,11.077095176005393,11.078635719797699
4718,11.78,13.477705981185771,13.474507253701395,13.476960566914311
10520,11.89,10.922852689062722,10.922129109917853,10.922544052012016
30353,7.88,7.356517620434695,7.359697332847868,7.357413669280253
15408,9.63,7.442139245243343,7.4436007273029325,7.443133155367303
19804,15.27,13.421735548222502,13.419797696046192,13.420891046207926
1648,6.99,7.353720185447991,7.355145270894367,7.354230227793865
26476,7.51,7.357113342746383,7.358347355508015,7.357789760615206
536,10.99,11.049873451129457,11.050579369129569,11.05022728929321
24923,13.98,13.467252468871557,13.469466041777004,13.467815976941564
32005,11.48,11.052554970330085,11.052524521817624,11.052756164283988
31126,7.51,7.420891050023275,7.423212821977209,7.4218023054456
30703,6.54,7.443249208949131,7.444111008189948,7.444063366711589
10776,5.42,7.287231887254885,7.2898364603519346,7.287762889559774
23907,10.25,11.000510099134004,11.000654221246641,11.000564079919455
26313,5.42,7.2954762845497,7.296581889838862,7.295931270770666
28444,8.0,7.2560497770304915,7.258886198038522,7.256603814965211
10542,5.42,7.385094715931373,7.387013520131027,7.385964027733587
6460,14.54,15.360074755588506,15.356621266065586,15.359095027609222
22811,13.87,15.365551844321041,15.366323626382888,15.365812270622335
9915,7.88,7.3908871527820645,7.393259164076262,7.391679635229446
13924,8.94,7.3313600836170725,7.334175802496167,7.332149672842309
2020,13.72,13.373246413881754,13.370907595903692,13.372189259573771
30526,11.49,11.067407671799241,11.066653477702227,11.067366959170887
28346,10.25,11.024612501456987,11.023230841799085,11.024469335576311
3131,7.51,7.25152046229029,7.2548453361460385,7.252133675318438
20486,14.11,15.32142045317921,15.322945084395753,15.32154619438111
9544,14.91,15.255651130264045,15.25357728553322,15.254521544764874
5925,7.29,7.355068241062404,7.356505242567877,7.3557344587527
2610,14.35,13.461173103638906,13.461385449442488,13.461472846439186
13230,5.99,7.289235133075688,7.290627225310634,7.289734377739319
3737,9.45,10.996265672342847,10.995230101023667,10.996089280490878
28751,16.77,15.2450194122844,15.246482627146563,15.244908712410039
5206,15.05,15.377775137360382,15.377868369283636,15.377982177444753
22387,7.9,7.308540792885128,7.310266204900063,7.309194903450407
21978,7.49,7.476917765045733,7.477377957610069,7.477884524592417
1706,16.49,15.384019587173063,15.380856021736918,15.38303387423871
7168,7.49,7.393566262918623,7.394740812896255,7.3943046767958505
18577,11.58,11.092330785129489,11.092943898078662,11.092627416696388
12447,10.25,10.992553141808449,10.992082650233392,10.992563151072632
22567,14.65,13.513206291274386,13.507760039743332,13.512164979509294
28826,10.62,10.989584204941929,10.990527021328344,10.989745588588844
14414,11.36,11.050665195792169,11.050800518163353,11.051012918661556
10062,12.73,13.367142983388668,13.36522627686158,13.366120532930193
22377,8.59,7.421515837498636,7.422154666682014,7.422274607496278
1562,8.94,7.3710390737430895,7.3726423076811995,7.371608226777594
19993,11.99,11.02907734476944,11.02854681735846,11.028905857364087
31174,5.99,7.350397745444791,7.3520028037921215,7.351107593493637
7803,10.65,11.01789673005945,11.01800720332594,11.017824538244959
6358,16.32,15.338620978335957,15.340165356261103,15.338781845966768
9370,12.84,13.468111651003994,13.469679103252677,13.468553271509425
29456,10.36,11.039743996945552,11.038744945919447,11.039521591287675
14478,8.49,7.638993573720893,7.639488283136519,7.640559192235768
20810,10.36,10.99840003779532,10.998633827626268,10.998260387136021
28383,13.35,13.433021804391544,13.434318013668761,13.433438536283031
6895,9.99,11.03613364935871,11.034998059577479,11.036047307335995
17248,13.57,13.499591519138342,13.501448713737654,13.500174438481974
8824,10.59,10.939205607908075,10.938938553081302,10.939023954600604
7121,9.88,11.033436342496707,11.033451399655506,11.033546946233196
15199,9.99,10.953775580407761,10.953331126880556,10.953606117785828
30063,7.49,7.364000685110682,7.366201160313356,7.364673275126524
14690,11.78,13.4614611929959,13.463019244999355,13.462071555511685
30897,8.59,7.419176368198551,7.421557733942394,7.420053692162379
11389,10.37,11.024147097373662,11.023349191057665,11.024125694781063
23186,15.31,15.333555577603924,15.334692849822503,15.333899125578498
31041,6.03,7.308769830721307,7.310252769088994,7.309354528485818
26254,12.84,13.414072809646845,13.410604761989799,13.413065192907894
15387,6.17,7.422538578281591,7.424100542054519,7.423494402072401
22768,9.91,10.974038048047506,10.974288763763198,10.974084818266075
11519,15.62,15.280433091115656,15.282398042439958,15.280548106446126
15487,5.42,7.334704091050269,7.3362941624703675,7.335379037112675
22478,7.51,7.4191104753246115,7.420865745041213,7.419995036833409
16523,15.62,15.3458386163293,15.343024093858649,15.344931268434937
6782,19.13,18.480058222846722,18.46816007597776,18.473671646488
29885,8.0,7.465303839917573,7.464407025467376,7.465934516399142
30319,8.94,7.266525052228403,7.270808219165015,7.267406338293465
5451,7.88,7.279988903916224,7.2817367587469635,7.280527426299895
26562,14.65,13.443814103248581,13.447297395748173,13.444524727534459
5737,6.62,7.377471425141945,7.379187403721554,7.378128352849668
5486,7.14,7.372583588105692,7.373667314147115,7.373233196909558
29108,6.76,7.404424811805086,7.405195427541924,7.405106555064324
7785,7.14,7.374358917302927,7.375705828694167,7.3750719991752245
143,11.86,15.418994580089102,15.418305456451213,15.41859557927203
20554,7.88,7.432280029105136,7.434228721318654,7.4332022431523965
6472,16.29,15.432173345002942,15.428834750624382,15.431339112104816
30652,11.83,10.96871228440318,10.96773232002708,10.968499601472418
1005,17.19,17.051122345639712,17.050419504831503,17.050605796693826
19193,10.78,13.501566527724336,13.4993595104335,13.501096416416258
7391,13.06,13.415048184974054,13.41385063652157,13.414367645695222
18257,18.39,17.128805116742427,17.128605075124977,17.128575971601663
27239,11.71,11.046954591395105,11.047273658799083,11.047096960847977
29809,5.79,7.33332665534233,7.3345434891949575,7.3339412051910005
30696,7.14,7.30172313924533,7.304011144011112,7.302279030665809
28738,6.17,7.292324445617553,7.293701577166205,7.292778497499918
25453,11.99,11.046425524040414,11.046060880294228,11.046531338432132
28660,9.99,11.075927144385073,11.0738860876603,11.07581888013815
25561,5.79,7.2663384905802255,7.269214663726034,7.266857495172173
23873,9.63,11.006880073079273,11.00688578507188,11.006930075889901
14689,16.45,17.001243729481338,17.00049389115967,17.000576766635398
26613,14.17,13.395174180654227,13.395825078122442,13.395333112354663
6419,9.7,11.00800564834605,11.00693603887672,11.007858036776181
13763,7.29,7.445100967166169,7.446075005284829,7.446025163252674
20383,6.91,7.4367615689361095,7.437823820590968,7.437672284414625
18725,14.74,15.408336417397203,15.40927952593545,15.408839218449785
6196,12.42,10.975770490479604,10.975070400070571,10.975603559154315
13575,15.23,13.574996883273135,13.57702927926708,13.576196185235982
22128,10.91,13.429379246651832,13.427754409194762,13.428864037877755
28352,11.48,10.993930885503612,10.994311001574626,10.99385601453375
1345,12.53,11.010331716977905,11.008585206172187,11.010077922839754
32460,15.65,15.475936452173485,15.471791317804096,15.475208191253817
8546,7.9,7.3023275821823495,7.303747309360077,7.302901716562332
8888,13.47,13.46745766420645,13.465373635094625,13.466752352751655
1659,12.69,10.980840800228403,10.98044454882343,10.980597269487022
13779,7.49,7.30803148956169,7.310672410692405,7.308685803839009
11623,7.51,7.241579435774884,7.244440316731162,7.242076859636393
27412,9.01,11.057640876722008,11.057701475506992,11.057774825659077
5608,15.27,13.464056532689536,13.461366441448448,13.463214562158303
2073,13.98,13.451593356870044,13.45225832169649,13.45193799172392
22130,7.29,7.418110659227783,7.4190184963202235,7.418892791572447
27544,6.03,7.27936652891979,7.28177132654429,7.279792906591369
24107,16.77,15.384101444529554,15.380917970911293,15.383263746912245
26935,14.25,17.062972914502325,17.057714263421854,17.06120198987317
21135,15.21,15.365858414927958,15.366974619459633,15.36610043947173
1799,10.38,11.006489082037112,11.004981600325683,11.00625926628262
28579,12.42,10.961816278647985,10.960840923229512,10.961570313962554
22430,10.0,10.928925786794636,10.928522894636963,10.928707821833605
4933,11.36,11.015061813719011,11.01497134942014,11.01493253544797
1527,14.42,15.65345430550031,15.61904324924111,15.651853102061086
3219,8.88,11.023811867354055,11.02332671328919,11.02363044362719
22354,10.78,13.493143822353776,13.49076760836817,13.492428159655041
22068,12.98,13.438003421916962,13.4365249338878,13.437305740951018
13980,7.49,7.3645062071649265,7.3674783026692205,7.365466773830966
23429,7.29,7.36964551643821,7.371682829536204,7.370095235536072
28788,6.92,7.351471649324594,7.3524256491477145,7.352027572773583
31194,6.54,7.28323064507291,7.286645193780681,7.283913293309391
23081,13.43,13.534216108352371,13.53045393070008,13.53356986391497
17254,8.94,7.316036186149106,7.318901462726791,7.316718940928513
11387,15.23,13.468335537599765,13.466860187614657,13.46778536821107
24700,7.51,7.372624468024353,7.375641361240448,7.373533582557139
5125,10.59,11.034468887112405,11.033743710966938,11.034454212722759
30262,15.27,13.508536341673238,13.5059844093579,13.507806768707987
1120,10.65,11.050873178722581,11.05198435822022,11.051126506905668
13860,15.58,15.374053837477737,15.375457699780476,15.37450513019768
18153,16.63,17.12852141199415,17.12811704905277,17.12818553941146
606,12.99,15.40130318963126,15.399043185398975,15.400730182735334
19298,13.92,13.484471813371666,13.48451396726999,13.484786036503403
22942,11.71,10.971365616378403,10.971284729076045,10.971389846732865
29968,13.47,13.526076151908317,13.526206874292285,13.526562907732895
19637,12.68,13.328403872606847,13.327278299733996,13.327514145223667
26877,7.29,7.4538684469743055,7.453289103211151,7.454481885458727
14541,11.71,10.997358436135755,10.995763984497541,10.997084992650603
26032,13.72,13.384070834313494,13.381781615140985,13.383017003174302
25866,8.59,7.440329260816204,7.441304818999528,7.441065003993799
17431,6.91,7.2607556860552505,7.263804519700292,7.261335186147193
2573,9.32,7.357877004134981,7.359981319149073,7.358488692242396
8549,17.26,18.554790580775197,18.541111743013538,18.54774295304013
8261,5.42,7.283374509836385,7.2864983075401675,7.284073336917643
565,16.49,15.464903991378002,15.465579481953434,15.465542162606791
11486,7.51,7.32826789451234,7.32974534134922,7.328918603739936
6271,15.23,13.437379153271904,13.435441382409028,13.436563744083285
16573,16.49,15.236421752012554,15.237506087461735,15.236397163095816
15588,10.62,11.07843680807176,11.078493850718813,11.078585026391416
19875,7.49,7.415298569183156,7.4168367562561395,7.41619722158387
16320,8.59,7.399302901096757,7.401270869599191,7.4000355883564675
16292,7.49,7.30003922050135,7.30136774987787,7.30055735976512
9789,8.94,7.273210755127894,7.275029710348198,7.273720980786392
25324,6.99,7.272076369791856,7.275576838319387,7.272842948765194
23762,11.58,10.899124076826851,10.898793817097856,10.898800662773912
2910,16.89,15.359153609881087,15.355000737960378,15.35800299232379
16220,10.25,10.975207158566837,10.974837720492378,10.97513347024843
3286,15.99,15.35613920071233,15.3523642301202,15.355084812255242
28868,11.99,11.025819164815198,11.025819672087941,11.025931618334374
23750,12.53,10.964218631464332,10.96468349375266,10.964097878945596
28612,13.79,13.37373080824391,13.3720826831542,13.372857848324182
14146,14.26,13.380879767970459,13.37952242474364,13.380055263857813
22960,13.49,13.48691162783454,13.48847616191981,13.48741643047059
10454,6.99,7.309166029911344,7.311754628273106,7.309848277407443
19589,14.96,15.382956366248987,15.38265415023896,15.38308444154162
27865,7.51,7.3044757156247595,7.307559230838414,7.304986593989526
23327,10.74,11.005972249626133,11.00623527304501,11.005880339734716
11549,11.86,11.05116380063563,11.051150932816919,11.051182549887594
12791,6.92,7.2943650557633655,7.296749176030617,7.294926191740188
4537,12.18,10.906481911302144,10.906464452655745,10.90612086108096
14535,10.75,10.892499475929313,10.892787656047467,10.892097391326184
16365,12.73,13.48257944247394,13.48102107385539,13.482064382091542
29557,11.99,11.090058066900077,11.086825729318344,11.089797695902808
17174,16.49,15.407531227653278,15.404297033203806,15.406775305749655
6742,10.25,10.936253934896085,10.937462525377205,10.936256454826468
12756,6.62,7.308635422532817,7.310450714312164,7.309306059024423
10350,14.59,15.282661694563672,15.284859025484849,15.28293152161293
12095,13.49,13.536373453347135,13.536875721304636,13.536872853691047
9256,10.75,10.986986295789906,10.986072559540059,10.986813209991862
7517,13.72,13.491596799165468,13.488346825539384,13.490871142862723
29015,14.59,15.38636862547328,15.382490611918533,15.385418148324298
15526,12.53,10.95999964403553,10.960495958394105,10.95988031566887
13328,5.79,7.365980011498897,7.367908650298371,7.366577553529917
7430,10.37,10.991243386360775,10.99239500045106,10.991583833327454
556,16.32,17.104839306660246,17.103517558962757,17.104440732263416
27821,13.87,15.46914721672176,15.469253828088531,15.469718086382937
4419,12.72,13.717633509393366,13.689628208595803,13.717569188853584
21156,9.76,10.942014148850653,10.942106323184577,10.941953814236623
16422,12.21,10.892716417004157,10.894010823377242,10.892604708223738
13293,5.42,7.279638036997109,7.2819805224890635,7.280125450762019
29857,5.99,7.3445932230811115,7.3463408939303525,7.345355834020987
4750,13.92,13.476078546076678,13.472652118107959,13.475280650692493
21660,10.39,11.020551713149553,11.019584594033315,11.020466218014967
10213,7.66,7.418116913168045,7.419236586843545,7.418938918292281
13104,11.71,11.063832564698641,11.063722208762012,11.063877259565055
10678,7.66,7.367779733064379,7.369520470680708,7.368570113915814
5785,12.21,10.9262325877531,10.92730338051675,10.926158310350527
5792,17.93,16.94223658055153,16.942010387629374,16.941293718600043
5880,11.71,11.036384137096032,11.034894859905483,11.036256497996071
26758,6.91,7.391715054808653,7.394767752371011,7.392666219046939
12272,13.16,13.50484844922866,13.502429439773163,13.504259575328884
21399,11.58,10.9803472229215,10.980637013154741,10.980195989292122
24057,7.66,7.3318695625381185,7.333852986304115,7.332463678499
16570,7.49,7.3372282002573,7.338849351272967,7.337905737445692
29063,16.82,16.904397870359148,16.898517535767247,16.902030712170866
7933,9.32,7.375364959865672,7.3774272425417315,7.376088106155614
7797,14.96,15.338893648070393,15.340296945884312,15.33907932150208
19242,11.83,11.025291868015056,11.026280041754102,11.025415090117951
1111,12.69,10.864373171369405,10.865302018319294,10.864050049116534
1663,7.74,7.345068477595032,7.346616712559634,7.3456074962866476
1012,6.92,7.374452780174068,7.375723183870644,7.375170483048012
12876,11.58,11.061293704382734,11.061300127816889,11.061359394176048
17114,8.0,7.228311179460707,7.231393926601956,7.228797029311915
19318,14.35,13.467701117886676,13.46381009374673,13.46676532524382
16679,6.99,7.314106485276213,7.315741698597197,7.314729353954485
11826,12.69,11.042748059245056,11.042380442756746,11.0427200576406
30715,10.46,11.04304340081335,11.042323833875894,11.04293062678532
1628,13.85,13.444091645307218,13.444368125601919,13.444315149029084
14449,13.22,13.4643086549316,13.462480101891014,13.463801182980461
23534,8.94,7.369858374828197,7.37150280359433,7.37063008187503
21345,10.74,10.991950356908417,10.99223656236277,10.991892966004382
28708,11.14,11.002013342382227,11.002502321480609,11.002166876770222
28517,9.63,7.422914385923381,7.425309992438245,7.423867878124586
3399,9.32,7.249852496862296,7.252416475600732,7.250343082879564
5866,7.66,7.245315683782549,7.24858317217033,7.245927337360796
6194,6.0,13.45065445601227,13.447879098779946,13.449901244062916
25871,8.49,7.297136912252171,7.2996118553576546,7.297738903501631
16166,12.68,13.452986185967138,13.449680803922734,13.45212408865045
24669,12.98,13.420303366947266,13.419450798306793,13.419778710423161
21408,14.27,13.445452588396689,13.447573524631554,13.445927219400177
480,11.34,13.352020123991753,13.352992617128201,13.352138634944122
13191,10.65,11.084525868779512,11.086180355411399,11.085185206067557
28601,11.36,10.908292713113145,10.907717299393756,10.907968175631893
14125,12.73,13.440513136177234,13.442007692911176,13.441057387052366
24486,9.32,7.4393024354329675,7.440402582561415,7.4401983440011135
17460,11.36,11.017851161736806,11.01742519593467,11.017685102033871
1997,7.9,7.345783555938115,7.349764566468352,7.346721182202556
11181,16.82,16.99261562296433,16.992193327843182,16.991815288733385
11684,8.94,7.2953788282324235,7.296763351660572,7.2958904847025705
7052,15.99,15.35685226572171,15.357385835211085,15.357069887985407
4600,7.51,7.395917506069848,7.3959318024069285,7.396470646266225
10127,10.71,10.907786658873864,10.907899395471885,10.90745386147588
22177,7.9,7.24777513042562,7.250587631957578,7.248199788800202
25632,11.71,10.984167468483463,10.983627848372707,10.984133772614403
21744,6.54,7.410751124306904,7.411501313314113,7.411473679893083
19214,13.8,13.334179755527206,13.336469591439212,13.334340984519024
17824,15.33,15.428064034459462,15.426584292310249,15.427617300204563
24340,6.03,7.299315728696956,7.300904894971539,7.299884593954434
12452,11.86,11.036183040522118,11.033843139277144,11.035919350629761
22840,11.14,11.053461571722023,11.052230940124101,11.053322141151032
28151,9.45,10.97012128119936,10.971967806893769,10.970314662878828
2001,13.49,13.45878982956127,13.458085798335652,13.458274215439804
29153,10.37,11.05956126843954,11.059772676575001,11.059802340256075
9240,7.51,7.338906136987094,7.341502337995024,7.3395564838983764
29933,13.06,13.470285007909055,13.468210224200092,13.469708976028775
9566,12.87,13.449592151959813,13.447929458843898,13.448946858308926
13528,14.5,17.05561163486897,17.050046785950286,17.053738412194324
751,11.58,11.111477106681095,11.110980433883466,11.11181332056572
10965,16.82,16.985745439771303,16.98376452817381,16.98476314437552
7345,7.49,7.2923315098911,7.293965937537639,7.292888155882383
2223,6.62,7.4313052313004455,7.4326296307708715,7.432236265631228
30794,14.72,13.5126374891211,13.514447955460312,13.513297919119417
23047,7.66,7.314585194840638,7.315661723531036,7.315100093515603
10668,6.39,7.249317413099225,7.251623822871907,7.249711026522822
31963,13.06,13.349668675386972,13.346530866542077,13.348554313537509
13536,7.88,7.3392708658641,7.341064599446609,7.340021937309946
4710,6.17,7.408828043032261,7.4095820725997115,7.409518209200471
7076,10.99,10.957827565853705,10.958082574783878,10.957848246278356
19916,9.91,11.02272029417679,11.023186530338629,11.022767531114207
28717,15.31,15.28459626151427,15.286364613165574,15.284868485495346
14306,9.99,11.013068340166665,11.011376052171487,11.01285940542046
26300,10.99,10.975630268533912,10.97585413580764,10.97551090676186
29831,5.42,7.237251532385822,7.240502429442152,7.237794526217292
23712,7.88,7.42105941298045,7.420644470809443,7.421630291770632
28620,11.34,13.53884861708163,13.536079941214656,13.53838649822039
11335,13.49,13.439026569671604,13.44298413243041,13.439976226101347
9299,11.99,10.886906574728995,10.887446688142264,10.886588046177925
4996,12.87,13.468211375358282,13.468811282569078,13.468606218221487
30504,10.99,10.938355990137385,10.938148238070855,10.938075982535961
8821,15.31,15.333094722708486,15.335207709738267,15.333329194997262
21791,13.23,13.377837079878088,13.379954004792129,13.378127418864889
9511,13.47,13.383238542076437,13.382527290808977,13.382645663557113
6629,5.79,7.380096211178419,7.382179465566809,7.380785801004878
14876,11.12,11.009358090153722,11.010998516699667,11.009741070447637
14319,15.28,15.251746892026253,15.248550520141182,15.250468784743296
3892,6.54,7.273848998227944,7.2754521116546575,7.274351982391643
15745,6.54,7.396696240530534,7.400039135828739,7.397786454707571
22069,11.11,11.07583681796386,11.074213353476473,11.075769083473302
6619,7.29,7.301666270468543,7.3041944604679365,7.302243505111127
3663,6.92,7.376175336903111,7.37779639351025,7.376814318194451
28541,13.49,13.520661573424803,13.516943936311893,13.519980164501789
19101,7.14,7.385051866666124,7.384789029395858,7.385560327263694
31101,5.42,7.267072839169239,7.26966389547453,7.267617809071607
7586,8.49,7.256274462463265,7.257546618210392,7.256650458852248
26412,10.62,11.032656459748228,11.033028351511692,11.032867326818705
16072,8.9,7.384960602037053,7.387219019993462,7.385758820558451
31038,14.65,13.473542575584919,13.474573244578249,13.473895102644006
19673,13.92,13.38534560298895,13.388295115257945,13.385958699907508
32434,9.25,11.07457760075797,11.073569094567928,11.074644846018728
28237,12.69,11.033003087767831,11.031091514882272,11.032807009229654
24744,11.41,13.49571581496517,13.497467234580444,13.496262022199211
4003,11.86,11.023863583243426,11.022163856560697,11.023660151585773
26244,11.14,10.898164244225972,10.89871996212226,10.89790532637044
7426,14.79,13.386678361569114,13.387886016709707,13.386966812239798
14230,7.49,7.328853032333589,7.330155933217716,7.329480056814251
28641,11.99,11.0037577155258,11.003261220155263,11.003636919808358
28613,7.51,7.332862649792211,7.334710810895225,7.3336015504053655
3123,11.28,13.371531705704282,13.372662461567426,13.371750908737079
13729,7.51,7.327128002155589,7.3287251351311475,7.327778264728057
21211,8.94,7.293829425911476,7.295705205919925,7.294412585845088
20997,14.65,13.394676218214446,13.392354154765927,13.393872478618494
227,15.7,15.463356273421724,15.464417660380818,15.464099558540202
23134,7.88,7.292963730660254,7.295804175781052,7.293566337816445
6359,7.51,7.3685553520408575,7.369591594835377,7.369217622681387
10172,10.25,10.981448878020837,10.981596378763651,10.98153878518507
13062,14.09,15.403166133178908,15.403597851016086,15.403519230977409
19994,6.92,7.340474809513652,7.342510337988162,7.341026876718292
9520,9.88,11.042231503950383,11.041832215247483,11.042127238385373
27952,7.14,7.266121519814627,7.268773889868476,7.266645356691724
25808,11.83,10.998161401292407,10.999809030694014,10.998528176612355
3042,6.99,7.342597270077979,7.3448908940776185,7.343255667618537
26045,7.88,7.299711622878686,7.301070772422784,7.300198708401032
17917,8.9,7.581881702050708,7.584016455391014,7.583357115393293
6145,10.95,10.963880137490683,10.964292083609239,10.963736330680145
25941,8.49,7.283521238930675,7.284824762583103,7.283955843597924
15320,10.83,11.03668497371471,11.037158075101084,11.036822667001346
3419,10.08,10.888765924376013,10.888949779690718,10.888542556768389
25548,16.49,15.332732400275038,15.333916441614557,15.333039236337708
28399,6.62,7.354488247469437,7.356287486381124,7.355271804646384
506,9.25,11.088195010588105,11.088940657669824,11.088573780929229
31938,7.29,7.255829060005155,7.257837956143144,7.256287236902957
7610,10.0,10.908519588449451,10.908590585979344,10.908131721551534
20958,11.36,11.048921127053358,11.048870897894457,11.049011523969167
19133,9.91,10.982772563217832,10.981927351206263,10.982546331182673
550,7.51,7.237760432263819,7.239962299774794,7.238226592473271
19236,13.16,13.329115162950247,13.32931833115097,13.328443027389135
6518,13.22,13.424917479824273,13.427204913065605,13.425387468163983
18946,13.16,13.423208812391323,13.425206559053704,13.423596049532623
9530,7.66,7.332655554491347,7.334217779190516,7.33335925236839
24121,15.33,15.359038287916027,15.360246726093717,15.359378443251522
1457,14.35,13.459745996456473,13.46085199332225,13.460019262584947
14160,7.9,7.377189159550873,7.37751867963567,7.377762196204952
7109,10.65,10.90794726017239,10.908474974049419,10.907698833801565
22796,6.76,7.424484775892402,7.42384814834289,7.425015075004508
15569,6.92,7.277241339212316,7.279935450491893,7.277688992063673
23497,12.98,13.500597098621874,13.502296313093035,13.501110280252952
11156,15.65,15.379395344247728,15.380179561955691,15.379735119771663
22852,10.25,10.992089782804223,10.99194906878054,10.992057759944721
26828,12.42,10.940544962353176,10.94015828453086,10.940351361676319
23650,7.14,7.382470328785634,7.385180330053314,7.383276347020919
1461,9.62,10.998351954853385,10.997527919419197,10.998088320226167
1064,18.3,18.673086151066187,18.656900852666848,18.66607184678134
15867,10.99,10.976615981623427,10.976203975530629,10.976466255350289
6918,5.99,7.269310239390398,7.2703818814548065,7.269693317890685
13713,11.48,11.067796226431582,11.067879278337784,11.067899126961912
32454,15.99,15.30126892206167,15.29847166131865,15.300247938788125
3016,15.7,15.343270643131971,15.34353813792558,15.343374315662238
2496,6.0,7.3692449779289335,7.370322889096857,7.369898732689308
21359,7.88,7.3087438494789465,7.311294429104384,7.309532161869576
15587,13.57,13.53530035327758,13.53625737933122,13.53600414853194
15159,5.42,7.336348191096384,7.338322404995102,7.336994659658247
2845,7.51,7.371745849528041,7.3735614259331514,7.372340907109896
29240,16.82,17.17827884498502,17.173775998057394,17.176918078831175
29841,17.39,17.046625674657236,17.04107693852582,17.044502087312583
7964,10.75,10.934535533308605,10.935172925124387,10.934400863350648
19391,10.99,11.013588535781569,11.012095055359481,11.013384912311555
8626,10.99,10.975859278068006,10.976453769352448,10.975789303262104
9941,10.99,10.92166222721604,10.923053410502257,10.921662752289757
19330,14.22,13.451905810367506,13.453399157612818,13.452154171550392
24347,13.48,13.505042013941198,13.505597476143603,13.505572999988559
11497,12.87,13.508083196720328,13.509846873887653,13.508643259956258
27322,6.17,7.369960660799924,7.3724531698588365,7.370753517454103
12576,6.91,7.357363995700552,7.35925821171698,7.358217901346341
24278,13.98,13.49069733042963,13.490917359648353,13.491075268983563
17501,16.77,15.310280122167029,15.312549179883405,15.310482805834575
13281,10.36,10.940154473130416,10.939284984050115,10.939858583449904
25283,6.62,7.336266428795691,7.338151505832511,7.337004156675942
19587,7.51,7.40729221905227,7.407761502565351,7.407914376866076
5636,16.77,15.350806888131027,15.35092409942684,15.350892195432028
6611,9.99,10.923607970011338,10.924936070676507,10.923591265557015
10345,13.16,13.420630291957291,13.42305488380249,13.421191905801747
31875,8.9,7.324869535821013,7.328430486897431,7.325715245660125
20436,10.37,10.980893545483783,10.981387600019564,10.980751457662436
4859,7.49,7.366696010786991,7.368616388978795,7.3673643215947555
13146,10.99,11.028110806380273,11.027852489172165,11.028283157698947
28776,9.63,7.410573136939311,7.413253182215869,7.411525194181435
10877,16.32,15.294787170149966,15.297141964610274,15.29509261819802
17183,7.88,7.273710286860013,7.27557350602375,7.274262839308905
24053,11.49,10.97511306510864,10.975058349907755,10.975167616846345
21054,5.42,7.358711158797009,7.361206646545556,7.359475588894974
17602,11.49,11.007247739786804,11.006239229581103,11.007097181929
10674,12.84,13.546666612702936,13.545858116145748,13.547085737463048
6361,13.17,15.271888636073653,15.272834281745734,15.27193988722552
5299,7.51,7.343648430678726,7.3457812421205215,7.344415429184406
28112,15.65,15.473256708702884,15.471471225998428,15.472915401545372
9026,6.91,7.376412336107714,7.378623647261796,7.377169369008124
8552,15.33,15.221132560573992,15.223529402061462,15.221197714257208
327,10.75,11.154494982254942,11.153752342238004,11.154951202684027
5602,7.66,7.381525192088985,7.3834448101001655,7.38216940567597
1443,7.14,7.368576935922468,7.3701199838357585,7.3691406054046515
31478,10.37,11.026811691350638,11.025805212269567,11.026799552056218
4454,9.25,10.996434036652936,10.995578893011771,10.996263960820258
18131,9.62,11.17242818454336,11.171835095304399,11.172953240903993
3933,6.62,7.384605590504266,7.383855189656772,7.385007372509535
8808,11.36,11.031458975753182,11.031453460720506,11.03141979040649
13097,12.68,13.456632906815095,13.454427412985945,13.45610409806058
9662,8.94,7.387322663862856,7.388615467655068,7.388088956302518
7724,7.66,7.225647528401571,7.228661210503093,7.226140348139228
12947,6.03,7.344275110560065,7.346200890421222,7.345088758035469
31446,9.91,11.087448984871052,11.087472918412494,11.087660264669536
21611,11.49,10.890099681923244,10.890467878566401,10.88971209411661
9455,11.49,10.86015745954489,10.860879557746053,10.859802990822658
26172,17.03,18.9757239462458,18.934219475197423,18.969655009715346
276,15.21,15.50946242044113,15.506198587752666,15.509067153179085
14376,8.94,7.3780969144609,7.380187091458309,7.3790297374546485
21612,6.62,7.411181079369609,7.4118387772322984,7.411909043643751
2031,15.23,13.441707678973522,13.442993267669786,13.442003139410065
20811,7.88,7.405140261527902,7.405819962261372,7.4058324940318485
15903,12.69,11.047544632367416,11.048792967732568,11.047863016984705
24648,10.95,11.01947145924291,11.018773005919803,11.019426067429627
29834,14.82,13.479961427173537,13.480405152097442,13.480316637978888
14608,8.88,11.112395708338202,11.111168361635741,11.112487197963738
31125,11.86,10.900045442365878,10.901239503549034,10.899927894041822
28544,14.72,13.352094272885601,13.353461669573235,13.352306783089407
22680,11.91,13.494186260793123,13.490751657959109,13.493474382170795
26146,7.9,7.390221086341779,7.3931117964843,7.391170624837667
29266,8.49,7.492491378241267,7.495819153621695,7.493911608897143
12450,10.95,10.930494955031387,10.931089027544779,10.930315170661256
24403,7.88,7.322781320178914,7.3245429339740955,7.323476783828515
11786,9.99,10.978367203021417,10.980146396115028,10.97868162093228
30222,9.63,7.396975108397742,7.399240356460854,7.397727476659455
4051,11.12,10.97937405501511,10.979435625603019,10.979240150265158
2530,9.99,10.916089071536014,10.915364129177632,10.915765731969957
26515,5.99,7.31085468096619,7.313410120619602,7.311496512696812
18009,16.49,15.35805337174481,15.355441116899696,15.356922548448637
6484,6.03,7.291951631015773,7.293083617918344,7.292406787091004
17918,12.69,11.17519833950238,11.175076322534455,11.175850821803765
13088,12.42,10.98222023819324,10.982150301390082,10.98223522379871
25933,9.63,7.380073051521976,7.381547743131128,7.3808962118352115
15025,12.98,13.46106561479438,13.457453790033231,13.46018869001986
25514,12.84,13.49278204894218,13.495792759822983,13.493681913083048
3558,7.37,7.383847909258458,7.384502781093444,7.384471724868524
28608,10.38,10.90688533078002,10.907643128103404,10.906631588749974
20349,15.05,15.290237177285722,15.288480251766323,15.289179648012864
9270,10.99,10.986880696947681,10.986938743218708,10.98674020433657
28359,5.99,7.313039432032053,7.315973188385647,7.3137997665212895
24102,11.71,10.940820201418912,10.940866698104244,10.9405237654357
21722,16.45,17.032268655535916,17.02618829009672,17.03020778485609
27428,8.49,7.261101752006127,7.264826043616662,7.261827927956763
30387,14.11,15.284658380036465,15.281401168482569,15.283511010718865
26166,16.32,15.379566124074323,15.381381650423775,15.380187080208142
724,8.88,11.0697046530908,11.07079418677528,11.070114565559605
30799,13.48,13.38918501667768,13.390211050319976,13.389402953159587
5883,13.49,13.418408924142792,13.420879389681142,13.418868442368538
13972,7.51,7.310717490628524,7.311890480196646,7.311248298694665
10405,16.63,16.938042023003852,16.938429739787964,16.93721137000898
14924,9.91,11.024561236101988,11.025447684598927,11.02472211543473
18969,10.59,11.060806557919735,11.061237728661457,11.061030266311278
25818,11.66,13.47058729254325,13.467693272628662,13.46972262151456
8705,6.03,7.3382745884633,7.340900546501926,7.338990279469074
17617,14.74,15.453855067115239,15.454802958034163,15.45452286955409
1092,15.05,15.260438847914136,15.257165809234836,15.259216455182514
17808,10.39,11.03469385221112,11.033192363090667,11.03455568053653
10721,10.99,11.025622025305438,11.025146721522496,11.025639345907106
2740,14.35,13.370332178012506,13.367573884117045,13.36937995547536
9293,13.49,13.410504474005908,13.408178727273864,13.409784401830441
22109,14.96,15.28185393304554,15.2821830148566,15.281845680883599
25697,10.75,11.01296051512215,11.013179220656466,11.012918087044714
15256,13.67,15.282884810159716,15.279596160478818,15.281726348510436
7677,8.59,7.30162852903366,7.303369938511554,7.302259526373707
13527,11.89,11.021274310800617,11.021758155003369,11.021342376633653
9407,7.9,7.432124180873704,7.432953103010809,7.4329362627440165
8430,8.49,7.26457340847638,7.267056326681587,7.265059353324173
24955,13.99,13.53687687822716,13.533478504242801,13.536300111884064
20378,6.91,7.2442836234046455,7.247026637555625,7.244808419788
12456,6.54,7.295942349831191,7.29844515146504,7.296529208396716
19464,13.49,13.461377963139388,13.458867559896305,13.460505867577638
4639,12.69,11.03767092309703,11.037611201315286,11.037620706759332
5999,12.61,13.488089669359443,13.484722073583603,13.48733126427461
29440,9.99,10.895445056695074,10.896410637125943,10.895220210028238
1368,11.86,10.9853920873717,10.98495203926013,10.98510060809786
20467,8.0,7.7081826361910535,7.679131872275486,7.708522540829639
18178,13.24,15.525358588070477,15.522061432326225,15.524967610646428
27743,13.23,13.4174342450099,13.418629793003348,13.41774064078697
19055,7.29,7.415269698968407,7.41555605836156,7.41594103151043
27758,6.92,7.275104489071446,7.276515220050478,7.275486451570317
24517,7.9,7.2378449418771105,7.24088896606554,7.238280278772005
1507,12.87,13.476580607299116,13.472744597858409,13.475713349621383
32019,13.61,13.466591489369451,13.467331046516057,13.466865017395687
24266,13.11,13.4453734192738,13.44836256637641,13.446091119518353
14932,15.62,15.238868738522072,15.237295069835184,15.237756054280243
9048,7.14,7.386510170071149,7.388692901517684,7.38724969893587
21231,16.32,16.987345898941157,16.98609652479164,16.98630554780517
17835,8.9,7.543436267886821,7.5461171126270195,7.545077863634351
10796,10.59,10.976491931962538,10.97700389103634,10.976633864224953
13998,13.49,13.463232986370986,13.460582234992849,13.462621102204974
21241,11.49,10.912045560662316,10.911822598848952,10.911775362084516
23042,7.66,7.3006427601307085,7.302694390244704,7.30116725166826
19273,11.14,11.015089358289817,11.013734493111462,11.014910074283463
9385,7.9,7.359530907824063,7.362032545356597,7.360324950592866
13410,13.61,13.414935883665743,13.411930568154238,13.414092230362485
1063,11.83,11.107568656886187,11.106762346803746,11.107806707992374
15498,13.16,13.530541288669713,13.531620848112608,13.531256926902437
12212,9.32,7.3789109091402825,7.381291461384459,7.379845215058586
13896,14.27,13.509970510676336,13.50731571658665,13.509446824164819
18823,10.46,11.028498711109908,11.026475406551507,11.028247922872925
18032,14.79,13.478762060218475,13.474387488466316,13.477796754527631
25687,12.42,11.025674112547412,11.026582410674632,11.02596693294656
12226,7.51,7.362629010941764,7.365131141272583,7.36353398702918
28828,13.49,13.313461130636256,13.312134140364611,13.312433005395643
5406,7.9,7.386344505004855,7.387991671978097,7.387020480378648
20582,6.17,7.262899835379655,7.267361251210251,7.263742607224828
28874,13.23,13.412902302661308,13.41550917572673,13.41336282581801
7866,15.99,15.250195954385596,15.247864844954297,15.248979577229425
5694,11.36,11.016792557722745,11.01553885099681,11.016589195688653
16654,9.91,11.032490813768211,11.031250413323352,11.032361545626625
13354,13.22,13.346617036060866,13.344623323212756,13.345543780038998
5031,14.11,15.353845586473334,15.354217055912983,15.353991761888615
9178,12.53,10.937062284205155,10.937967207590894,10.93695646467723
11330,14.27,13.494724947231726,13.4956087574461,13.495264459167283
5568,12.99,13.488494497713544,13.488790013162324,13.48886632793527
28432,13.85,13.43137022838027,13.433556170021852,13.431855373656528
13465,10.99,11.025246653977295,11.026157781717323,11.025468379612798
9670,11.46,10.971414404487987,10.97369159047109,10.971797593746892
579,11.71,11.02211224570277,11.020088164392796,11.021869636878712
5032,15.99,15.336278558918973,15.336771202852324,15.336404847128112
21637,14.26,13.450509668313948,13.451832126368252,13.450934538871989
7616,16.4,16.997884773515253,16.996779682828716,16.99695948294901
13937,6.62,7.292803197343987,7.295386450492511,7.2934021365560096
17638,14.46,15.369150545697355,15.369246397813196,15.3693230473733
27292,12.99,13.5146537651085,13.516210383493291,13.515389147977846
18117,7.9,7.389419477303557,7.3913855506694945,7.390128725768938
9672,13.04,13.382673868334647,13.383840452897068,13.382953981662705
1666,11.11,11.011318611539572,11.009828506850248,11.011108567289012
30140,7.51,7.392984897201677,7.394298236710215,7.393719270597524
7654,17.56,16.962423028405173,16.96240924207448,16.961628133745076
21200,15.2,15.330069801812968,15.327454405805648,15.329032802163773
18943,7.51,7.280603681691607,7.282869693368604,7.281229702546284
14313,12.53,10.960505199283457,10.961394230278422,10.960588658564227
27920,6.39,7.253945133344934,7.2556017334631315,7.254342345202723
16437,10.65,11.15334897797378,11.154326148999482,11.154019804573228
29743,5.42,7.405582325301017,7.4079325035494366,7.406443564291452
30966,6.62,7.234708577532483,7.238215331677622,7.235326185885979
21550,12.84,13.466597446029862,13.463983004580363,13.465809398554859
16693,7.14,7.400531702710283,7.4021893763679465,7.401423422657982
23825,16.49,15.264367443281419,15.265975457250144,15.264411863731983
8039,9.32,7.4052164608242625,7.405429258257554,7.405726580606598
7928,10.74,11.109098171545643,11.109185166946379,11.109473234898578
9220,12.21,10.936060323032303,10.935832336521024,10.935904820257209
13405,9.88,11.010684748511068,11.009269681797871,11.010496065715062
11760,7.51,7.294059733990105,7.295551175930343,7.29459592743916
12077,5.42,7.278824051559176,7.280198463758918,7.27925130516716
262,7.9,7.307538281645951,7.310291794781944,7.308211115105145
29207,12.87,13.58546642711553,13.58792213438975,13.58650755548912
3336,10.59,10.986380702570436,10.986227600324655,10.98618741673739
6810,12.18,10.933297772491699,10.933657288448801,10.933276911723947
26920,13.47,13.401544845892108,13.398945899216045,13.400688623452037
11564,11.11,10.876153430644882,10.876906902301547,10.875843781391627
10523,13.11,13.458707286373256,13.460163011029966,13.459226196480305
24159,6.91,7.33243695592767,7.334489630547128,7.3332139142528225
16402,13.22,13.347220927230197,13.345318329931938,13.34616690690235
24679,12.61,13.356271822863434,13.358072631202162,13.35643351508553
15974,6.03,7.265161861960697,7.266748055885886,7.265589621848188
30494,9.99,11.044489728341338,11.04380438286863,11.044516352605283
21638,7.66,7.384266626638896,7.384982565398639,7.384926244846592
12921,13.12,15.338856606633296,15.340251996222031,15.339289890795683
1781,9.25,10.913435715594693,10.912960659001424,10.913140507057498
3536,11.49,11.04567377916617,11.045867432048855,11.045723343142987
32462,5.99,7.2800171779860445,7.281208988804217,7.28041855482992
27696,9.25,11.003012958722088,11.00280590211094,11.003013610741611
2891,10.59,10.895243393680381,10.895262599224479,10.894993144989526
21977,7.49,7.443866514731499,7.443765133353822,7.444619357395366
6173,10.62,10.919849745745253,10.919321398067545,10.91957092034158
16701,7.88,7.283781568639526,7.285342518306889,7.284306943475565
32146,14.11,15.386898770138632,15.383296301778977,15.385982634318669
4247,11.11,11.002439462260018,11.002109168823532,11.002237329587922
19325,13.72,13.459989690242223,13.456728843345761,13.459112421025162
11895,9.63,10.956793565881672,10.956689302045918,10.95675695116531
2182,7.29,7.2372144926196365,7.2402558494325095,7.237725237228211
10962,11.89,10.940636941696154,10.940158799155943,10.9404443689532
15214,18.39,17.039883693107853,17.039590259124196,17.039248716664005
1524,14.27,13.481673984528395,13.481713572260308,13.482000404024884
24089,19.91,16.978428455392233,16.979119328777873,16.97788453507377
18721,13.48,13.503833829107482,13.501482333998347,13.503369586693196
12732,10.65,11.050660936041886,11.049614386483672,11.05069251867872
28836,11.49,10.924452120092827,10.924365956681493,10.924120138207128
1682,15.05,15.314985434280642,15.316392812306455,15.315030055464788
28312,6.99,7.312978421751484,7.315417412101284,7.313774836769001
23449,6.62,7.329262000956667,7.3318014305831,7.33003440725845
14266,13.49,13.4638871507109,13.465769724164295,13.46459032040842
15915,14.38,17.013274853768408,17.01005102177296,17.011393446360564
1878,16.82,17.09471449700187,17.08984228352564,17.09288863279801
21082,8.9,7.362610060794857,7.363427261451117,7.3632008117659975
22026,13.98,13.386000371132704,13.382987468814822,13.385065695730699
25710,7.9,7.363578400857462,7.365314170894782,7.364419678022758
11468,7.9,7.2952596015504065,7.297701887742265,7.2957999948930174
13829,16.7,16.98061972882586,16.97724380365718,16.978898899354714
6474,12.73,13.473346938633506,13.470089581078081,13.472585493595478
25644,9.2,10.948731113317468,10.948786579426939,10.948467133349727
3303,12.61,13.503379838469947,13.50437985806456,13.504004055129244
26609,10.99,11.06876675984311,11.069666943892598,11.069187977293925
10150,10.36,10.944514372706198,10.946578774738853,10.944752419636735
7799,14.11,15.670946145782551,15.637925041065634,15.66949571012545
19902,9.63,7.34297675683456,7.3467905403625995,7.343940120932593
9043,7.14,7.27682288005964,7.2796610977156195,7.277373037481384
28110,12.69,10.978697775498997,10.97799515692353,10.978493960325224
26739,9.45,10.876207571613698,10.876836656210303,10.875830371711704
8826,15.62,15.258355534825753,15.25913095727578,15.258343624930939
8841,5.99,7.293026907263652,7.295254972693128,7.293522306145314
1383,14.96,15.349823937428233,15.34940365651478,15.349835168341244
15451,10.38,11.05872896909703,11.058877384079143,11.05887973157132
7662,11.71,10.972828528755532,10.97321161807586,10.972714153359714
10083,13.92,13.446584248295393,13.444448870408415,13.445917117625406
17264,9.88,10.918290112281364,10.918763759856983,10.918042152855874
20382,14.26,13.459131232151604,13.459915674476338,13.459497056700819
10670,10.62,11.01899636956578,11.01961610698131,11.019334139940131
9993,6.92,7.399374982338129,7.401451960551088,7.400189121697877
14805,16.07,15.370662711650676,15.372311682091171,15.371125691571262
19261,12.53,10.942755155512032,10.94407131451445,10.942728517247017
1965,8.94,7.346725148911261,7.348089459868216,7.347347049484769
12528,13.85,13.472144422104591,13.474415927315059,13.472738762091712
14274,10.37,10.890068515134104,10.890923390291828,10.88982968903257
17348,15.28,15.32284640662164,15.319522321905222,15.321843695685772
5794,19.03,17.012924909355405,17.0073087280787,17.01083712036808
9914,9.99,10.996056783493213,10.997200518250567,10.996199278339374
5457,12.29,13.485167209488488,13.481608873952084,13.484358385859647
10402,10.99,10.983823351490653,10.983750465875639,10.983800338299696
6217,9.63,7.3587048912040105,7.3610038847436075,7.3594147364857125
8788,11.49,10.884621759696932,10.885207079383845,10.88425406192308
21240,6.62,7.403644231558762,7.404424458990745,7.404187086719561
2167,8.49,7.366802260469696,7.36839172869032,7.367400349015026
9947,9.99,10.91834801340023,10.919996188834723,10.918400121453935
23916,6.91,7.293365785598577,7.296697544357648,7.294152754753576
15316,14.79,13.37449972947855,13.37565516445287,13.374689531587954
6277,13.49,13.427988721504196,13.426527881741393,13.42730169681461
11820,11.26,11.043743682001608,11.043445978848354,11.043729201582732
17669,9.91,10.988167979711394,10.987017324507757,10.987958668029563
30333,7.88,7.403986059173349,7.4052098605505785,7.404737184437211
16674,6.03,7.272347506704105,7.273884949788707,7.27278801096405
7497,7.51,7.390064381994355,7.391289258705155,7.390787112604169
19669,16.32,17.0241116990928,17.02153658640467,17.023138918011654
14546,6.62,7.356613541914987,7.358093039303036,7.357164318140162
11962,7.66,7.254433859246173,7.256914768776199,7.2548761714167505
1073,16.35,17.10131901427851,17.099835485959026,17.100853726457018
19840,8.59,7.377638288479657,7.379310840051779,7.378283104991714
10539,11.71,10.996091248161651,10.995904982011574,10.996082215530487
862,10.0,10.898519793988296,10.899227036642634,10.898223527369172
14795,7.29,7.346735251632309,7.348409037192581,7.347476843144318
20595,10.62,11.066503860369405,11.065267237886637,11.066478701041675
28966,12.69,11.021345840344388,11.02200134914572,11.021459534353749
14153,12.87,13.388311278866246,13.39059366962871,13.388662361526126
21885,7.49,7.410008085027206,7.411219367292268,7.410723755225064
26168,11.83,11.097164296838358,11.095047391990242,11.097126675451639
15404,7.4,7.40722398115129,7.406893001125247,7.407690934471711
2968,12.21,10.955631277868086,10.955175594101883,10.95542335475523
31454,10.25,11.055423973759808,11.05518360300969,11.055600972956835
9068,11.86,11.047064572020457,11.045982483991125,11.047048575966734
10237,20.62,18.592286222553955,18.580329752111254,18.586230132308543
21282,7.66,7.404251513875104,7.40496821275642,7.404940000331994
3937,6.54,7.38117435349106,7.382188531915528,7.381844367741817
19731,14.22,13.437143011111768,13.435058622275314,13.436314541561046
7931,9.99,10.956453177387669,10.956204218064421,10.956364883193983
30954,12.69,11.015689869796038,11.01564950821367,11.015636422705235
4137,12.99,13.352796691685036,13.354400687257757,13.352918039301999
14658,8.49,7.231169809551596,7.234118585101359,7.231629233530043
11628,11.86,10.921656715973139,10.922897935407875,10.92163358738286
15005,5.42,7.276171408919472,7.277741259812186,7.2766154746691365
29729,16.02,15.40245847423863,15.404143123352918,15.40283293911991
12841,7.88,7.328520532849351,7.331413130632326,7.329255620591781
11033,14.26,13.43909274748074,13.440699287337878,13.439439048241553
8512,13.16,13.484132335715934,13.480275920611524,13.483178929748288
8169,12.69,11.02609630591831,11.025193631122391,11.026031182988337
30304,11.58,11.288734368475417,11.25869287262122,11.288251473374403
19258,18.09,18.613796011163195,18.60195030256174,18.607852284613113
4958,10.99,11.014448541190598,11.013179112233422,11.014280720366422
15210,12.84,13.52788457584131,13.525180032761632,13.527412657143962
10160,13.23,13.401815085338017,13.400520604876188,13.401113999814797
5990,7.29,7.38610445773724,7.38698411243835,7.386773178025538
7192,12.42,11.06938328005217,11.068507056441053,11.06939879075989
1193,15.28,15.431141572472693,15.431636160610955,15.431616613053961
19251,9.91,10.976304570477755,10.977838522468033,10.976455609118567
9849,9.91,10.93179240094728,10.933823816021466,10.931957035475175
28131,7.91,7.365510925940863,7.366887292062698,7.366196367154336
5266,14.91,15.359141493678814,15.359398574199039,15.359306382449766
8001,8.9,7.364492100815364,7.3660692312325216,7.365235868957542
22212,13.49,13.315216476808132,13.317620894516057,13.315373248951747
20540,7.14,7.382726357838581,7.383949215184142,7.383389377085215
15033,6.62,7.362460633481134,7.3634001066186725,7.363055592968911
22469,15.58,15.300151385793239,15.30350320147136,15.300706911727746
5626,6.03,7.306371459619795,7.3077664223669725,7.306949284896744
9902,11.49,10.906103336774954,10.906147369509206,10.905744243804603
6554,5.42,7.265383246835066,7.268613782306724,7.2660303705910145
8263,11.36,11.024502997754757,11.024633462056592,11.024455192892598
16952,11.71,11.022858400567568,11.022358946719566,11.022903458711259
27273,20.11,20.256192459183502,20.209063326556738,20.229590393466548
5116,14.96,15.21162613034431,15.210292029721561,15.210525561930062
23492,13.57,13.34698726572921,13.349352397267605,13.34722538399448
17103,21.74,18.568952192205607,18.557017299353284,18.562818361822348
6137,11.86,10.938514016402172,10.938442754486092,10.938396589681544
8340,11.58,10.889916542812927,10.889199336287813,10.889481535388441
20157,7.74,7.391114342090719,7.39194623366452,7.391771691333578
27538,13.43,13.538564861806112,13.540681119396094,13.539385846199812
10136,7.75,7.251172937477166,7.253612170616271,7.25160336998141
17182,13.85,13.567153647183698,13.565017866450162,13.566821247908635
13099,14.54,15.34422792870033,15.343397582680588,15.343720255100664
28885,6.62,7.30944549799599,7.312517571613365,7.310240911390315
6831,7.49,7.408347357603778,7.409078896430483,7.409043078408391
5154,9.91,11.056903551339651,11.056647822365013,11.056896416763564
8099,10.08,10.901925511675508,10.90196151398607,10.901561296875672
23484,7.88,7.458074013581928,7.459096946960774,7.458914973341644
5788,11.48,10.958508801985683,10.958522616282036,10.958392622409388
20951,12.42,11.069561622159856,11.068357056653984,11.069608525849617
17261,10.38,11.094117455632503,11.094945310290036,11.094463519735257
29667,7.29,7.3152338358981375,7.318671902053969,7.3160371324921805
25696,14.91,15.430569515957506,15.430916594706106,15.430974781622645
27268,8.49,7.302328394548696,7.3043123353479835,7.302951750126886
21450,11.12,11.018031293420382,11.01704148364364,11.017921209089014
32126,15.65,15.334989475772804,15.332577397388853,15.334001408349963
14415,7.51,7.2732905410206605,7.274742761565832,7.273710725722749
4772,6.03,7.349407427166277,7.350959881235691,7.350059457743879
11253,16.49,15.392660409253944,15.391030731880676,15.3922944809966
11210,7.74,7.442514305896818,7.442399026866183,7.4432336462148925
2235,7.49,7.425792444382182,7.427337030997526,7.426715730130038
22592,15.62,15.356552242602755,15.354126342547355,15.355658995195828
18493,6.54,7.499745707330227,7.501909864522467,7.50088849709978
12817,12.69,11.001355400279145,11.000892671372892,11.001122188948594
22608,6.62,7.367492172454144,7.369945876428135,7.368258348318488
15879,13.92,13.590036106215166,13.58667794745184,13.58968702029561
13810,11.78,13.504180802865044,13.503836035837637,13.504536516690354
27956,15.65,15.272294079188725,15.274886092253482,15.272590208548028
28993,11.83,10.960051231095552,10.960719476426753,10.959976130073308
5424,15.62,15.358126995825064,15.359004183029374,15.358268740050026
13166,6.54,7.411125035678454,7.413129387639736,7.411951367036965
3228,11.86,10.999865504190268,10.99931260194236,10.999644454348818
2249,13.11,13.453501260600444,13.455694095350493,13.454132183151117
26378,6.03,7.461442937594826,7.462617824142209,7.462436085293085
32140,6.76,7.333723214743367,7.334815868786537,7.334288451877476
25061,6.62,7.369948148152663,7.373241351708879,7.370840133454065
18236,7.9,7.43500669610868,7.438966303868888,7.436367705410029
30414,15.21,15.301565417280607,15.301739219315545,15.30161562128644
10190,15.99,15.24530082537138,15.246638812379732,15.245208070254531
27773,9.76,11.047062806958566,11.0483907078906,11.047446383814826
21107,13.48,13.347956579634076,13.351923032137254,13.348548208740617
26316,13.43,13.45499019689789,13.453590886138997,13.454391795338505
23638,14.65,13.518581023684089,13.516081728967215,13.517934773690342
21172,15.21,15.394796368577,15.391572201893895,15.393768942832864
23200,13.11,13.433957839079927,13.43600389655505,13.434357323538261
1267,15.7,15.42076508674689,15.417384836428806,15.420054724989992
35,7.51,7.359960828984787,7.360768368435157,7.360434137061378
1984,17.14,16.97185900563946,16.966785780856057,16.969691701593163
13756,6.03,7.337824683066632,7.339779541685148,7.338613961828538
1683,6.62,7.244842164423549,7.247172373740935,7.24535040759865
15580,15.65,15.42431645378912,15.421023978839674,15.423587478955838
26948,6.62,7.3365032756053905,7.339137984415044,7.337273358701597
15705,14.27,13.380819578234252,13.38250360914107,13.381106296251918
5616,5.99,7.283828875267771,7.286111870485627,7.284502224565359
1622,17.19,17.023011203539703,17.02040584595695,17.022022701970236
31286,11.86,10.958722786277946,10.957854489523038,10.958452732727109
9642,11.12,11.00768934630466,11.008071501436886,11.007633575006595
25821,11.58,10.996503367519525,10.998499457404916,10.996910686465
2363,9.99,11.016266937454159,11.014710924798818,11.016061352862332
13315,13.35,13.46972453963159,13.46622101142044,13.468889389986956
16805,12.21,10.941538526463965,10.94178837339073,10.941496094823123
3427,12.98,13.524890120482628,13.525731576947182,13.525477810499519
24552,9.25,10.930472066634605,10.93179431319466,10.930465001161021
16923,10.99,11.04498096349671,11.045361872830211,11.045105008782672
26233,6.92,7.309954260938309,7.310968366687307,7.310435877945918
23432,14.72,13.53080052830978,13.528028434624716,13.530127961490116
1871,17.58,15.423437594188224,15.420848836804982,15.422688752909568
8106,14.72,13.460300419633647,13.457930370989853,13.459518321370112
31918,11.36,10.934926225738327,10.936994714761582,10.934469948934806
8586,13.23,13.397834394583112,13.396822521402306,13.397090611289386
19708,13.98,13.463606095092558,13.460355811164494,13.462782248789951
24924,17.49,15.335131869671594,15.333012963530505,15.334202789146527
24109,15.62,15.51002678419391,15.509544910453902,15.510679792479742
26132,13.47,13.55007215619212,13.54652031534727,13.549426445969559
3182,10.65,10.897891600307053,10.898514346436704,10.897579295541433
8991,7.88,7.467815379128117,7.468224823144573,7.4687444578848865
9710,6.76,7.416149829927143,7.415713337355739,7.416675915250933
428,12.69,11.121583866370184,11.122043148005304,11.122040978365431
13397,9.91,10.984831906594646,10.983745394965965,10.984607313107347
9464,7.88,7.297115361254737,7.300094164223831,7.29776975966304
18191,10.99,11.01081863788297,11.009841233713749,11.010590647567764
32284,14.96,15.418268053543576,15.415269604890065,15.417689184671428
16684,6.17,7.292784437489193,7.294424920768265,7.293329897129453
21571,14.65,13.456325486214453,13.457336691813516,13.456731895023907
12740,6.03,7.256304811799736,7.258644794818171,7.256710477605011
6854,13.47,13.464069285567124,13.465691625741435,13.46457131769019
29236,15.7,15.333456722548508,15.334184793432827,15.333487057989789
16733,12.68,13.36341873914268,13.366594958176861,13.363894150773758
28813,12.73,13.626118367834135,13.623375715449296,13.625799513122722
4540,14.22,13.462872247558085,13.459266102503012,13.461966103042625
29025,5.42,7.257257496477129,7.26070029651678,7.2575301210121035
20272,11.14,11.012980041957704,11.011902273437538,11.012800443458636
7463,8.9,7.336805768789739,7.339363594492918,7.3374996105834756
14187,11.49,11.015112473873925,11.015946504461773,11.015314547354649
15630,8.88,11.026625553913142,11.026134413142692,11.026735912104156
4394,7.37,7.396621191483251,7.396071271675413,7.397082439714375
10369,10.99,10.969786947010993,10.971055599979534,10.96977213481281
24175,12.61,13.408378659546127,13.411569045540077,13.409016194095816
24930,12.18,11.017636459059922,11.017966255587204,11.017874815082962
16143,9.45,11.004581448004485,11.004023250870535,11.004521319045127
14131,13.11,13.564961743369444,13.561633089592938,13.564463035168497
9709,5.79,7.269421388676093,7.27070914871321,7.269814423770989
24354,6.99,7.367154433167144,7.368982861894442,7.368017865401172
19048,15.62,15.248969888932358,15.249965343319511,15.248961202582253
15425,6.92,7.269304052697861,7.2720451485799265,7.269793741285516
2762,10.65,11.01493216583909,11.015275323971048,11.014963959600756
26371,11.14,11.13365018621925,11.131622932274746,11.13376231434344
30345,8.88,10.968046846033149,10.968037860364422,10.967833964900128
3571,11.36,11.008532548251468,11.008153348333902,11.00832892634925
30810,9.32,7.323275383307221,7.325757720504151,7.323879065863884
11509,7.49,7.28739673638602,7.289690190719915,7.2878648926256
16859,6.03,7.409060403261258,7.410101563441947,7.409836290942714
24244,14.79,13.38879218151417,13.390869168533614,13.389059663721472
17403,10.59,11.029336114447824,11.026794946697029,11.029007726419762
17140,10.99,11.01140647047849,11.010464246441288,11.01127799988506
2766,13.49,15.376068538484686,15.374078357276334,15.37524402338149
16590,11.26,10.981275082736277,10.98213591156748,10.981320003824564
2461,8.0,7.358373724771759,7.3593374933850155,7.358975290690516
8361,7.49,7.244114854649587,7.24667295476838,7.244526196455741
9648,11.97,13.483308213412268,13.483903095469195,13.483769166735023
13369,9.32,7.313956678509501,7.315814666572128,7.314619172492131
10023,13.98,13.550121078454318,13.545448798298528,13.549394493635761
19523,8.94,7.252905122391399,7.257304243955621,7.253661280756214
9483,13.35,13.497119615296825,13.49875049186662,13.497592532017276
31202,13.11,13.456581286313117,13.45526773815746,13.455990228885735
14430,18.09,18.60973770980013,18.595523418353487,18.60283968320828
5180,12.84,13.510911908490165,13.507566711275086,13.510230476006543
23822,7.49,7.277772808109697,7.279285528994707,7.278230296780273
29935,5.99,7.320276645764036,7.322310724174103,7.320980505043737
8500,12.18,10.928078675509166,10.92806463108936,10.927943288161075
13690,9.88,10.89541916714791,10.8949900937234,10.895037606309057
10826,10.37,10.965304584977517,10.965046347406709,10.965247930832819
15460,9.63,7.313210684791944,7.316012050653114,7.313887013515635
16889,12.84,13.47906554428106,13.479826578610627,13.479520032485528
7658,14.59,15.285750340724228,15.284731092874711,15.284897871780089
9212,6.99,7.33297421226167,7.334661617191106,7.333617817587512
10718,11.71,11.014424410538052,11.014874663020638,11.014420286292182
27997,12.68,13.489750726042924,13.485822844332237,13.488912164617137
30708,10.25,10.98445726251764,10.986095201005075,10.984680128708412
32334,17.49,15.303754672057893,15.305984460006032,15.30382703988521
27422,15.99,15.461788968556286,15.460338229361824,15.461510022587337
5807,5.79,7.353892060441793,7.355261412356934,7.3545582115279675
23353,7.4,7.382909412528729,7.385397856458733,7.383758760939781
5255,6.62,7.402671639682764,7.403561120768456,7.403431414764173
14736,7.4,7.25656771584954,7.258013567629477,7.256907295051432
6832,14.74,15.296121965466625,15.298069553239081,15.296489487043605
26082,19.03,16.91769870559692,16.917903976953014,16.916870451017342
1902,12.53,10.98714235573502,10.986628691637328,10.986894802584416
20055,13.49,13.312403298225316,13.315938233987072,13.312781612213477
15800,14.22,13.528148083950732,13.53010600815848,13.528872071787188
25794,12.73,13.456886698257632,13.453846825656605,13.456158919658556
23679,6.99,7.44760139438697,7.448849328471865,7.44847067990521
29988,13.49,13.3735092656996,13.37082424067739,13.372528914559364
26087,15.99,15.256078573410058,15.257707263470863,15.25599131688865
1136,9.88,11.082650891619164,11.08222259238097,11.082919101165
24394,9.25,11.03472844702482,11.034977767135945,11.034741836690051
13029,12.68,13.511622443700588,13.51329801359385,13.512188627215298
27460,16.35,17.01869938952165,17.013307924739387,17.01679422776692
28443,11.78,13.382607557006132,13.380032118506413,13.381737928043503
8521,13.24,15.254893818164977,15.253456745368384,15.253917073784516
6525,12.42,11.003500364708465,11.00254902031982,11.003366983277584
9171,12.53,10.958242255613555,10.959101273901728,10.95809430229238
23326,10.62,10.985797141978724,10.986535889876812,10.985801176325305
22309,15.68,16.965398789049058,16.96452960740539,16.964531163532502
927,10.91,13.472032029796207,13.471401651926021,13.471645966893679
26794,8.94,7.372011869742442,7.373442016176538,7.372805938329721
12129,7.9,7.318007498883947,7.321396620081861,7.318889325084608
13295,6.54,7.376783395187443,7.3785231860497165,7.377400402084776
5244,6.62,7.36219390549123,7.364255360816782,7.363010367652595
14895,7.88,7.322189328408679,7.324688421606261,7.322871880177294
7101,5.79,7.287105626495159,7.288879707140096,7.287657029282697
26987,5.99,7.288644222913371,7.291185308729671,7.28914722893001
15752,11.48,11.028955638700983,11.029203636474106,11.029153814628703
5736,14.42,15.35261895723038,15.352649312487072,15.352730984399084
7840,5.79,7.368716307824543,7.370166640707594,7.369444994511748
31552,10.25,11.05576903085423,11.055627630874586,11.05601990917592
18620,9.2,10.894253232249511,10.89383237718556,10.893897910162757
14840,11.99,10.995902515379655,10.995135256358427,10.995643541688747
24689,12.53,13.52930455547828,13.526016768066906,13.528713459352335
27495,10.59,10.964771690913384,10.963731144354043,10.964505978436565
4307,7.14,7.2696870959818245,7.272100357752421,7.270144522594244
28058,9.25,11.000938679023289,11.001423054982178,11.000945509027328
846,10.37,11.146655849928095,11.145655531643222,11.147015709005458
9287,11.99,10.98745405633014,10.986463143620092,10.987272406740864
19004,5.99,7.407019002182231,7.410292918066248,7.408002653807863
319,14.96,15.487852304280644,15.4896388172709,15.488616321828918
16325,13.16,13.383641206633555,13.384599715822763,13.383875532910164
6114,7.66,7.297096217208517,7.3005772688709545,7.297854797189926
2583,11.83,11.000909334953002,11.000570564661743,11.000694662869483
2593,13.92,13.442516419877766,13.444018819175337,13.442841422921656
30108,14.09,15.210586070284437,15.209666564156748,15.20947474925341
19092,6.76,7.276625387965222,7.278750663751845,7.2770925687730275
15707,14.17,13.468636886038725,13.470942589595836,13.469342654694866
7710,7.49,7.2469484195681115,7.250398183026086,7.2475927860221585
21301,12.69,10.960412621776157,10.961110394363258,10.960286802184596
19803,13.61,13.408957851009944,13.411236724162638,13.409306016791152
28183,6.39,7.231115046456611,7.234440970006944,7.2316550480369575
20834,11.49,11.01953603388118,11.019305285318723,11.01939330238635
14032,13.99,13.431167274314603,13.428522984138032,13.430463156311742
8919,5.79,7.321526144512714,7.323315588955238,7.322223292373824
26337,6.17,7.374367020103341,7.377782986286943,7.3754656718693585
5667,8.59,7.2896618411432295,7.292340454121554,7.29022878826327
7039,10.75,11.039186774006978,11.036925588353764,11.038941190344428
16777,9.91,11.024539518463785,11.022157437993332,11.024196826766843
18664,10.99,11.022869251667508,11.021405534572672,11.022746929645162
10528,13.79,13.464663699844536,13.466274403614639,13.46523727385253
27370,8.94,7.333986508563848,7.336528520959979,7.3346789538278845
18290,6.91,7.5553049286453335,7.556028949309096,7.556492717021452
4807,8.0,7.382081701032776,7.383982083964488,7.382755216434771
2074,10.62,10.83946103836222,10.842746081755063,10.839531929298419
28567,9.99,10.996379890462023,10.995085686872825,10.996157013889857
2665,10.14,11.009076284631844,11.007822271030108,11.008888181892283
18292,16.77,15.254977719859259,15.251429967603656,15.25367839298848
16386,10.99,11.047492934714096,11.047900186298232,11.04764298487902
31273,14.27,13.383195715535741,13.381521694728256,13.382342431720073
17694,12.53,13.447275918373727,13.444408432712954,13.446476875329958
30542,13.49,13.554657767508996,13.550844864317288,13.55402938723516
27444,17.15,18.619616974838138,18.603920423277437,18.612501830023447
30137,7.88,7.441735449782331,7.4425418534097885,7.442611965374005
2398,14.72,13.434206359607767,13.43547082363126,13.4344608302431
9332,14.26,13.459598467079577,13.462765436434143,13.460366697411512
30292,13.3,15.308412312888954,15.306118978465033,15.307372260665812
27178,10.25,10.993235030206353,10.99265523491882,10.993190170511165
14492,7.88,7.313060858085174,7.314863140133143,7.313689862471612
22159,16.07,15.38314284802383,15.383487510676153,15.383403061602504
18417,7.49,7.509908687354198,7.510962154379742,7.511079572888507
24381,14.17,13.370702266615616,13.369270820680953,13.369854632116624
12370,14.38,17.03172364061999,17.03133824802245,17.03129935936959
22759,16.29,15.320086129348804,15.3181856041581,15.31911645078733
8034,12.53,10.916802214578656,10.916416993694284,10.916532470970886
25033,8.9,7.367913448514211,7.37079252298413,7.36888085128903
10860,7.88,7.301658973644203,7.303177337140475,7.302237284791392
26665,10.99,10.950134322896336,10.950524982309123,10.949969685985469
19792,10.62,10.981961404824958,10.982179482798385,10.981837781354159
27372,13.16,13.362367992203962,13.364976835972564,13.362661958302796
6575,7.49,7.393178267844082,7.392608404506327,7.393614001318462
12297,11.49,11.033871421369032,11.034450052165752,11.033958751772541
13475,11.46,10.91882034839547,10.919392530377657,10.918523529523771
28768,8.9,7.45724828013124,7.46075394750819,7.458565558393644
19256,10.37,10.990862413332618,10.990007825888712,10.99068209880492
29791,7.9,7.302648943578858,7.304483940607097,7.303258461123014
20267,11.26,10.921491439878817,10.921726343511516,10.921346727215672
28146,8.88,10.933868525471617,10.93311018786465,10.933554160442666
18100,11.89,11.144406538698064,11.144165543699495,11.144923914108304
17899,6.62,7.448845658870802,7.451327596447688,7.450029408252604
23987,10.95,10.93524261537901,10.934371937255426,10.934959793847577
7154,13.79,13.488016481878116,13.488796320104633,13.48848998083357
13741,14.96,15.304593977974251,15.306400965703025,15.304811155749
32470,13.61,13.499082078463758,13.501535024729879,13.49968849176993
8550,15.27,13.456340765899157,13.458536244415882,13.456813479339198
5714,13.92,13.4605131144336,13.458389228152491,13.45972463383938
25234,12.42,10.876529011348548,10.876727905083273,10.876085844311374
23320,7.29,7.394752911360705,7.39715435596195,7.395625688563446
29876,10.99,11.045977875484336,11.04436130827527,11.045846534461482
22225,6.99,7.274619352703053,7.278311505994074,7.275353459709354
17072,14.91,15.346036419478699,15.34320049717507,15.344921780075058
11010,10.99,11.020358243501818,11.01913246885196,11.020214493992611
16095,10.65,10.943066488695013,10.944198691813643,10.942968206439282
21136,14.22,13.519386177048649,13.515603985260896,13.51865537366095
15514,10.37,11.103798720951431,11.102709548216604,11.104006149935977
8249,17.58,15.34045644042917,15.337259076191591,15.339472304336859
22112,15.65,15.30211038326784,15.304463868820749,15.302371757720437
8593,6.91,7.3446827861700195,7.348133783764764,7.345675743643249
17303,5.42,7.30175552172305,7.30394319654477,7.302460897016535
1342,7.51,7.3543331334853566,7.3559692308280304,7.3548582060506895
15464,6.99,7.297992192791633,7.29944585987728,7.298506844893916
13140,16.77,15.28096427229128,15.277402763349793,15.27976558153536
27812,10.62,11.040099044034163,11.041308207171262,11.040365193114162
12827,12.23,13.526785634609615,13.522542399020548,13.52603853171192
23690,7.66,7.434319624568089,7.4338692013044945,7.434936164853001
17578,10.99,11.00279740592616,11.002146517675332,11.00272181049172
24571,13.22,13.520686492369734,13.517264440682617,13.520055241450555
8744,6.03,7.287675048684767,7.29060113155942,7.288295113539787
7635,9.99,10.881370757806149,10.882006445780226,10.881087021726835
5344,7.51,7.3999633584928795,7.402015024558605,7.40073896819015
27899,10.59,11.054587717884338,11.053099625647796,11.054533956398275
10002,12.98,13.330272176479616,13.328920305456917,13.329328397965167
7734,12.18,11.083781327095394,11.084381333583751,11.08420303657807
30837,12.73,13.61662363519785,13.611788497967897,13.616118691242011
1279,11.48,10.921025189190935,10.920000227789728,10.920659447608777
9225,11.26,10.94722676219147,10.946866272648965,10.947085103442813
6011,7.51,7.2841096783455415,7.286334383810081,7.284760955595058
4869,5.42,7.383844315022116,7.385004281901355,7.384557601187642
1099,13.85,13.517107785649856,13.515691396702397,13.516690391252876
2717,15.31,15.37659221043741,15.377679777017256,15.376985427257747
15439,13.24,15.420691675648632,15.417239545359543,15.419936492852418
32167,8.88,11.04391178980657,11.045217674199078,11.044235877599991
9517,12.61,13.350135287086768,13.346930533570726,13.349015383335946
26615,10.74,10.959510542472291,10.95997920269597,10.959348886013412
4509,13.72,13.433062155081613,13.431358683490256,13.432322642056503
4254,7.14,7.3859849308181476,7.386585789570918,7.386609927281798
10242,7.49,7.308238648847673,7.3116729542269185,7.309040782875463
6495,11.71,10.926007247593938,10.925562446786776,10.925764380976801
8530,10.25,10.89668986825371,10.896381337196145,10.896363303459443
20881,6.91,7.275018440824463,7.277861197910236,7.275603573316176
5073,7.88,7.291024739465494,7.293144817066909,7.291677668609451
8837,5.99,7.374295785766744,7.375953412403569,7.375055220304429
17951,15.96,13.606300941585015,13.608525560952604,13.607353356364012
13393,13.49,13.446377147880572,13.443571764971516,13.44543057641046
20985,16.0,15.376416090432915,15.372816003691014,15.375349617026949
18525,6.54,7.491741872694539,7.493090108962659,7.492893615385596
6140,13.35,13.454761210025087,13.452143058922461,13.454039805175448
13460,14.61,15.350239892592072,15.352484801464316,15.350587718103391
15676,7.88,7.252011604569775,7.254757539110653,7.252441911759097
25402,12.69,10.94611340095093,10.94544286655758,10.9458875619666
14881,7.12,7.237994788039238,7.240610537142528,7.238316349770831
3386,13.49,13.48089237441815,13.48275328371048,13.481448124268187
31350,6.62,7.329707542823888,7.332111225750613,7.330412025924811
20346,6.99,7.428138060998467,7.428206152096107,7.428692253109129
1324,11.89,11.08631825782566,11.086614689576603,11.086535645368533
1338,16.45,17.00532396325194,17.000294630092498,17.003217270887678
29448,13.72,13.486047871401048,13.486325143414302,13.486408279471242
30035,6.03,7.4594191289947975,7.459489161728084,7.460205380449287
13137,7.66,7.334446961269797,7.337120570744469,7.335176844017518
9025,13.61,13.359264252764095,13.360013237254293,13.359372861059388
31260,12.49,15.334368756136882,15.336075088453198,15.334491673592243
15359,8.0,7.255408131835143,7.258209796786526,7.255884129846299
8868,13.8,13.459262659092891,13.456163430050744,13.458497863861492
2612,10.99,11.031617875278087,11.031276229904009,11.031597249047682
25704,17.27,15.403916649057996,15.407842997131246,15.404979777606712
21210,20.86,20.123757526340228,20.075720829463044,20.096468513809576
18318,16.82,17.04781438529414,17.047877303171486,17.047336387808244
20455,9.32,7.283169762176509,7.285181618018745,7.2837652998102005
24003,14.22,13.46870549694944,13.467142054920767,13.46805883072096
15968,7.49,7.270344344631168,7.271598852437821,7.270753732991825
7435,14.91,15.24916869415625,15.24770851686187,15.248177913899653
32313,12.73,13.63381884893627,13.631512694304526,13.633775691718373
166,13.49,13.374249116306625,13.373305575498783,13.373475398151598
11766,11.36,10.893395607635446,10.893951306921053,10.893093918388265
22620,8.94,7.378256340285306,7.379440012151739,7.378978080671908
7181,7.51,7.395468197699085,7.396284969297944,7.396157620920062
30754,7.88,7.373226525256685,7.375247333488358,7.374140038630693
15710,15.95,17.004287087935452,17.003920031622233,17.003687125107287
26102,10.65,11.018565367375299,11.0193185963831,11.018681326382449
44,10.38,11.026968077843652,11.026473016032792,11.026770012834819
27606,7.9,7.479983451632123,7.481843439958747,7.480987031575198
18432,6.54,7.520289018455124,7.522367783850081,7.521486309836657
28242,13.85,13.547024149276005,13.545732983799873,13.546691538166721
10522,7.29,7.37617813377619,7.378098608790249,7.377025105140089
25506,11.49,11.06544920225083,11.064582914443903,11.065524109373033
28115,18.62,18.607418308439676,18.59767477455032,18.60175810885279
23877,10.36,11.047565152368737,11.048028655054328,11.047946660178209
14934,13.49,13.320674058343055,13.323528126209638,13.320910763202829
11318,8.94,7.318272701809122,7.321463037119924,7.3190543123184995
20676,9.99,11.032259660112764,11.031601398376392,11.032195397353677
6340,19.39,17.00746698110962,17.006629807532832,17.006586453337604
21518,15.23,13.445867794209704,13.447022494898118,13.44628018151857
11471,10.65,10.983497517146192,10.983353969329702,10.983523728790823
32400,6.62,7.310529834741112,7.313736660209195,7.311297213087294
11591,12.61,13.414580331976605,13.412946919631661,13.413818077830786
6921,6.03,7.4048250327847684,7.4057805187252725,7.405547563067344
13696,10.99,10.974326599475809,10.974679759150085,10.974225433789936
5415,10.0,10.974290116530701,10.974196582341397,10.974079649265974
4434,13.85,13.465588763104153,13.466287848552707,13.465987446360806
26183,15.65,15.36486712818735,15.367408712213063,15.36529855862625
12606,12.92,15.390394858576002,15.38908055023571,15.390382432406525
9970,9.99,10.887418490000059,10.888159683039987,10.887173271207526
8918,11.11,10.962593201450645,10.962792291101279,10.962617643103224
30945,12.84,13.517875189546633,13.519512923996178,13.51876453344466
10478,11.14,10.990644581618142,10.990532314002783,10.990621811922091
4030,10.59,13.47031702012955,13.470577036721009,13.470643259237757
10829,10.0,10.909515534633208,10.909116372781215,10.90923966374947
3095,7.51,7.23852929278959,7.240883019402516,7.238913697391909
1140,14.27,13.489166448107705,13.488478530849555,13.489412882741519
32225,13.43,13.51908313221676,13.515577575696714,13.51838580929532
13206,14.27,13.538326734920227,13.535141020507773,13.537761019485984
21485,7.88,7.365806063484747,7.366975503201341,7.366483071416377
23124,11.83,11.062397568291482,11.06085341883679,11.062367825097283
6282,15.57,17.326072202668723,17.292036915463598,17.323856478761634
20954,14.72,13.376554371167398,13.377554732386997,13.37678597066632
25942,12.99,13.455001306670251,13.453272566737052,13.454353406864115
11482,6.03,7.297445073173262,7.301186694685421,7.298340241834962
11113,5.42,7.28376831851971,7.286473869667356,7.2843644380653565
22810,13.85,13.54481659998228,13.540145498131643,13.544031622492309
20987,11.14,11.04347046626891,11.042732930632184,11.043362125991251
8270,9.63,11.016346513834154,11.015498001433892,11.016265925785305
19200,7.49,7.2472711747542045,7.249784409008251,7.247812427726014
18341,13.04,13.55437093551403,13.552069535516452,13.55408442392854
2810,13.49,13.358380223837226,13.360165272418183,13.35850100158881
17648,8.49,7.280751850838944,7.282262789722085,7.281222818214121
15181,7.49,7.310233431889865,7.311775535447736,7.310826135360286
14531,9.63,7.315023512059989,7.31787117147256,7.315760299753131
22203,11.22,13.423887793933376,13.425937892141274,13.424266250379794
6860,13.8,15.26364630271591,15.264525089018683,15.263684996346264
18404,11.12,10.880735397873885,10.881395610776547,10.880449841899342
22916,14.27,13.472063200221687,13.472956179600418,13.472430177382954
1030,7.88,7.446856618443659,7.448679818372788,7.44792711645462
10316,11.26,11.35243391586269,11.32265654018343,11.352118450123843
19947,15.96,13.492196305950543,13.4897139072978,13.491632117272653
14340,10.99,10.944389032731953,10.944230856392135,10.944246093500002
19912,13.49,13.488512934725787,13.489712804611006,13.48908705033239
6380,8.63,7.3730535835897335,7.375062213443811,7.373761712321799
14366,16.82,16.971051945768824,16.970663417493064,16.970255728481003
27975,16.0,15.37824842319472,15.380420016327312,15.378944668908868
13711,11.48,11.055005678832888,11.053476414587646,11.05497295819648
30038,6.62,7.25255865922438,7.2556051864257505,7.253127449996889
26950,6.03,7.2830627011169655,7.285852968174101,7.283663264971196
30199,7.29,7.272881200091948,7.2754461236505055,7.273398751802683
26282,10.99,10.92722955641894,10.926799511221063,10.926957247077429
2089,10.36,11.008974726490546,11.00775543813694,11.008799978616679
20299,9.91,11.021690529389899,11.020085195121066,11.02147883563027
32414,6.99,7.485791593753339,7.487015643006725,7.486584135503612
24523,10.99,10.934864099018055,10.933992623883357,10.934590743924387
28210,5.79,7.326227083624944,7.328095797444596,7.326907628957883
14485,8.49,7.36505254249185,7.366011418867988,7.3656569383834025
16544,11.99,10.875648051481251,10.875915068587881,10.875211376672887
3374,14.61,15.365891628968578,15.361833282181882,15.364722202526423
19992,5.42,7.26381277790998,7.265564696094238,7.264310610433122
30857,15.31,15.370614310987795,15.367660119441698,15.369759989618508
13832,12.53,11.073540750367906,11.071673825844124,11.073343311973847
21738,8.49,7.364876159155322,7.366667953705047,7.365524656531421
23716,13.61,13.430644563620959,13.427979122058364,13.429904729076972
5998,14.91,15.371342096451723,15.367317438431494,15.37029353741757
11445,10.65,10.981866524373011,10.981459449400255,10.981864617069743
28778,15.96,13.494804495236261,13.49742375580848,13.495771332244896
19505,7.91,7.429489969290642,7.431818323320721,7.430407231669116
21974,7.49,7.284404069738585,7.287111440555081,7.284996400263389
6378,9.88,10.989227510666076,10.989396756784284,10.989111884593354
18001,7.9,7.43677420190845,7.439253126335679,7.4378543168073685
7243,10.75,11.032980281329024,11.031727900765292,11.032846596096011
31303,14.91,15.383904567238037,15.385700694340095,15.384281956433597
27644,9.63,10.954293287466427,10.953484665482984,10.954047239086524
22597,9.76,11.003122145614121,11.002994470965074,11.003122164023646
10660,6.39,7.281435010659407,7.2826167008784015,7.28184845740682
14836,9.96,11.021413443867651,11.021175807767007,11.02155119446423
608,5.79,7.351869660128851,7.353703705911001,7.352498415680591
12045,13.48,13.458939699178787,13.461192593255475,13.45949244338642
5927,9.91,10.927684063114143,10.928804805930504,10.92758429432353
5271,11.86,11.004954746024191,11.004459243179443,11.004779153544822
12366,8.32,7.314632554010608,7.317460836672365,7.315303565321483
14423,11.12,10.994473770579036,10.99412977571816,10.994513122476313
17587,14.11,15.23791677135203,15.234355596330815,15.236534583540118
19027,5.42,7.364167534746392,7.364502390185832,7.364673359759724
26922,13.16,13.38003510809384,13.382356048332952,13.380374904648502
14712,7.88,7.412686093452096,7.414972732819925,7.413726545030608
1508,10.0,11.015844400986072,11.014064339336787,11.01558482339988
31869,13.85,13.528772654010425,13.530585874860648,13.529458630191655
12387,12.18,11.034614978779516,11.035192063865772,11.034701521441516
7321,11.89,11.018705213218148,11.018747241328386,11.018619445355172
21094,11.36,10.891639658590082,10.892453069681734,10.891406995602399
4366,8.0,7.270759707269416,7.2723356471097915,7.271214776554418
5502,12.69,11.030577384362786,11.029188714724471,11.030424426399513
23485,12.42,10.99745442114579,10.997596038930906,10.9973727365924
29259,7.9,7.343479834226444,7.345701697237505,7.3441705355412115
27167,12.42,11.10302355027871,11.102030895374225,11.103229586811965
24554,7.9,7.3025288992051,7.303908282405835,7.303083213520253
14259,17.99,17.066943045945436,17.06523280895935,17.066306725418475
23945,12.68,13.493328432062729,13.490476183495426,13.492712457534413
24819,6.91,7.349228528652649,7.352358437135084,7.3501811612209265
10807,5.42,7.388642346036797,7.390072162519331,7.389448282877287
570,12.69,11.114824611432384,11.114245560413632,11.11518015176721
13704,11.83,11.001917624952432,11.002778730909665,11.002088564157326
32058,8.94,7.3974848225915455,7.398581867534422,7.398192691497668
31321,6.62,7.429279835626515,7.430698659197969,7.430160718687144
28802,13.23,13.485698758812156,13.486098964107608,13.485996992429751
24287,5.79,7.279637902364072,7.282887967924402,7.280365210428172
26857,13.98,13.405308533474239,13.40239735870808,13.404376144758984
31743,7.29,7.2929981703287465,7.295939661325108,7.293647415497392
8081,10.38,11.013868384702885,11.012934309401723,11.01377254261335
27610,15.25,17.088389863868368,17.08720855172242,17.087964154394953
17455,8.49,7.444078528926552,7.445199859002689,7.445025611401304
27045,11.14,11.050555721677263,11.050314062685763,11.050763310632739
9132,19.13,18.477408097154058,18.461646345901272,18.469813486988073
27885,12.69,10.959405496115386,10.959980636095567,10.959198650313109
12928,11.71,11.063102341425719,11.062873871819892,11.06317530946998
6980,11.36,11.026398328359512,11.026228973323366,11.026233037844467
19175,11.78,13.364662815896583,13.363450926813494,13.363793405453702
13610,14.96,15.428276920965432,15.424443166138637,15.42746883219317
27074,15.83,18.642342388598596,18.631390946624677,18.636735092931673
20518,13.23,13.492026953035854,13.488476765242542,13.491233686016908
24236,7.51,7.409334792857356,7.411002303223686,7.410225486956615
25018,13.49,13.478832099065448,13.481405340210124,13.479522549694693
6962,11.99,10.90709743325332,10.906232829058077,10.906712250819123
15877,7.49,7.336698598920348,7.341564227719749,7.3377781405899904
4795,7.51,7.398608702726307,7.398221895385116,7.399117529868274
15655,14.96,15.38109433108699,15.381040289725176,15.381108539413049
6633,14.22,13.484919208080594,13.482379784233176,13.484142674992164
3938,14.22,13.361399674807274,13.364460579570935,13.361779934953368
15561,11.83,11.159612197622682,11.158174411178805,11.159825218947509
30782,15.62,15.307980723326112,15.309149202077519,15.308221145519774
15665,15.58,15.436093195148413,15.43653370329499,15.436585468032881
20392,15.58,15.253770596396912,15.250360260473862,15.252520262648549
12976,9.99,11.058145264517371,11.058346639442568,11.058219489570426
25233,7.88,7.3908880238665144,7.393032019270564,7.391812118807641
21392,11.99,11.05445248518847,11.05271290065812,11.054341203602917
12465,10.99,11.035271877486279,11.034951545500245,11.03535437821211
4026,12.21,11.017323188911682,11.01567384684116,11.017105886195353
5995,8.49,7.401645988909254,7.4034249712498275,7.402343558914872
8423,10.37,10.897156904643126,10.896206630285878,10.896725316312013
4386,10.83,10.901267039286555,10.900448668624767,10.90084633585862
8347,9.01,10.978562514151976,10.980532560765024,10.978883409247956
4589,12.42,11.038361358716283,11.037736101488427,11.038317767853275
4239,5.79,7.28487228851797,7.287486804470163,7.285418513620036
6680,7.51,7.389341853389333,7.391174562733335,7.390024745081081
1755,10.65,10.988617323650601,10.987445555815976,10.988375693814085
22077,9.63,10.96565281168236,10.965699522828512,10.965666340227331
15119,7.51,7.262905346851508,7.264584182700405,7.2633422461078405
18040,15.2,15.46336464973393,15.460566305756684,15.462926566469736
5004,7.14,7.271455931048925,7.274232491392314,7.271990393581739
19382,13.49,13.440216410103796,13.440929022028975,13.440524055515016
31184,7.29,7.315058877863943,7.316712034231835,7.315522154426333
29631,10.62,11.063400622878007,11.062512781605559,11.06348689081524
18702,9.91,11.063946958520287,11.063637178261144,11.06417499814118
2252,9.63,11.00245753233256,11.00295734706075,11.002591405293428
11735,12.21,10.927719681938042,10.928181656947187,10.927475394208418
11459,12.42,10.973320924145625,10.97345091907526,10.97335725522046
22296,7.88,7.299247100253929,7.302234088576246,7.299929956348861
25801,12.87,13.373104530190432,13.375496168368356,13.373432456652502
26465,11.36,11.080291947709743,11.080271999011835,11.080464813901074
16314,9.25,11.036770649137976,11.035512853604725,11.036663711904493
24289,13.43,13.372613059435313,13.375694659570435,13.373109718537524
30128,12.29,13.533050453357365,13.529126185801017,13.532357368442678
22268,5.99,7.256096639739367,7.257812961233569,7.256532660085591
29246,15.65,15.485255944061542,15.487151628380825,15.486025654403228
25676,7.51,7.437303446036685,7.439212040702184,7.438144867480299
9232,11.11,10.96386454339384,10.964074035045387,10.963683808619948
29535,14.79,13.484242097452512,13.485437653823507,13.484592660262226
15302,11.99,10.924450565191087,10.92483095393418,10.92413743264715
12667,11.83,11.139965770195875,11.138004084431657,11.140178434556601
21950,10.37,10.959042388436728,10.959498760520404,10.958888498041802
27525,18.64,17.16464570016511,17.159747893651932,17.163419465427214
4014,7.75,7.375646507266978,7.377549341043188,7.37627591993641
31878,16.4,17.12279461245388,17.121688504072893,17.122251195958057
10690,10.75,10.998967979173537,10.99947238196168,10.998965178948161
11756,9.62,11.03632058823747,11.036154606594454,11.036306046761592
23984,12.42,11.008141781256361,11.008533495841895,11.008149952032309
1346,7.9,7.348602832260303,7.349989123080484,7.349117665256801
19333,11.89,10.886586812778287,10.889032697951237,10.88666550778916
7993,11.86,10.970753413182337,10.971213100480051,10.970645054968124
17058,16.49,15.358010993035109,15.35438677919291,15.356989859908904
23656,10.99,10.98049368991773,10.98214117496967,10.980761441857258
27905,7.14,7.404578091819689,7.4054041723180575,7.405233430834994
20375,7.49,7.361812464007112,7.3628255153686535,7.362422872744274
25650,7.29,7.285463822973213,7.287920313741128,7.286026674425657
8920,10.59,11.029975609300546,11.029107993917675,11.029928079893699
1536,15.62,15.228241264032228,15.229766468883616,15.22827073842356
16138,7.29,7.344642425110869,7.3470716071660425,7.345351906445752
29693,10.25,10.918474274100031,10.919085084142958,10.918389502515481
28252,6.03,7.395194739916086,7.398003537056266,7.396080435691405
2106,7.9,7.368718588095342,7.369618187773547,7.369333194902996
31788,15.31,15.438762407531708,15.43581770011957,15.438224197611525
12269,14.72,13.372822623993972,13.373784515043281,13.372982777020233
15366,12.73,13.483617974710025,13.485989044557849,13.484295397568392
17428,14.11,15.268789837350464,15.26673745567905,15.267711871396108
24333,10.65,10.990616010492051,10.990433389381394,10.990655245796404
13302,16.0,15.351057965015311,15.346904234584771,15.349925510026818
4257,15.21,15.24832927197036,15.245568318455202,15.247187368243377
19072,15.27,13.46519447999161,13.461477611567974,13.46429315408289
5086,7.68,7.396677929542587,7.397332292150515,7.397250874791595
12483,14.27,13.310463594319831,13.312666440770766,13.310504197575689
7163,13.16,13.40085045737429,13.404087994902195,13.401469347843204
6850,11.49,11.018365976797469,11.017914456720717,11.01822910077909
16818,10.25,11.096074577145309,11.09736560168457,11.096552274758993
10111,13.47,13.385723722923188,13.382888160111358,13.384810645054285
32498,14.54,15.326561160036766,15.327394670361238,15.326734482418455
8847,12.73,13.43839271880221,13.43959971450239,13.43881426201271
24305,18.62,18.59107759187887,18.57735514345617,18.5842097463481
15340,10.62,11.018259794393689,11.018766237491345,11.01839945757606
15443,12.87,13.505209965456782,13.507828322827184,13.506029714738947
31363,7.66,7.313140693326496,7.314912255737611,7.313777979380297
4786,13.48,13.461344444133639,13.461907511343899,13.46171540655946
169,12.73,13.568761596836605,13.566652327509114,13.568596971373696
25317,7.49,7.384338567349855,7.386111932856467,7.384980811918081
4184,7.66,7.293844339060443,7.295848030388371,7.2945154280306
3992,16.32,15.33527531854951,15.33638183289052,15.33533985409493
25814,16.7,17.050644402515054,17.045161248121353,17.048877048086805
17735,7.51,7.392200514232467,7.395752253627856,7.393324802262865
12708,17.58,18.634320969398424,18.619199139737564,18.627184875546515
31809,10.37,10.973685006104393,10.973314492449473,10.973566833514544
12642,11.12,10.999026664258901,10.997891673388732,10.99881923390949
5930,11.71,10.957167878279833,10.957438291748028,10.957189258467372
1934,7.66,7.36350760505737,7.364108906977812,7.36403364448973
10117,9.63,7.29134642906979,7.2939926070132115,7.291966982336545
26106,7.66,7.328150816475006,7.329671505983327,7.328791760575405
18673,12.53,10.981240372211234,10.982438548617447,10.981436255857714
8800,7.49,7.2918858544074165,7.293336728939949,7.292397630572816
12150,7.51,7.291873173434299,7.29350046294079,7.292404536018774
7247,12.29,13.452219170907671,13.450264208668553,13.451488878206916
8122,14.96,15.377216446012609,15.373349973713982,15.376212738616392
7713,6.39,7.269559002667583,7.271920660633723,7.269995449907364
16960,15.62,15.295701291067434,15.29349211361334,15.294636549353886
12385,8.0,7.263709371253222,7.266852631599198,7.264330923161306
4811,14.59,15.232765608482932,15.235241232075769,15.232868932155357
20526,16.45,17.025191739537735,17.019839100457787,17.023063191015027
22336,5.99,7.296889031823318,7.298720302672861,7.297513968645409
17990,14.46,15.315825255490253,15.316375917306381,15.31591016299334
14809,12.21,11.02460361900588,11.025572946578048,11.024781896630717
23017,7.9,7.398636613934662,7.399458194917572,7.39937251679623
8020,12.69,11.012927827748339,11.012978579759013,11.01284123663778
14075,10.74,10.912973542274814,10.913569721824445,10.912719620378128
4136,6.76,7.356487489967218,7.358855322873133,7.357148226393955
7551,8.9,7.359105237948975,7.361303421935697,7.359806459071628
12177,9.63,10.974665728595811,10.975118779110852,10.974706803668404
28297,11.11,11.030975662339287,11.031815806516505,11.031182060875928
7668,7.88,7.285399989929917,7.287470830326552,7.286046599564339
3030,7.14,7.374799814423886,7.376542623361051,7.37539607264412
11843,15.57,15.4099052102975,15.410911893668734,15.41020472841241
14315,9.63,7.353136954847757,7.355616279010199,7.35394560964998
10911,14.11,15.36431311304211,15.362232993859026,15.363429336377983
7091,7.88,7.396980373669246,7.398136921780018,7.397715054432299
10114,6.17,7.388834909098952,7.391088803031656,7.389640788541412
7436,11.22,13.483127709852377,13.48378230247777,13.483557198336943
6668,6.62,7.364171423400166,7.366090424439686,7.364833516569022
20730,8.32,7.29417623839482,7.296747452284373,7.2947846542799875
24441,11.09,13.536977137441168,13.536890754646057,13.537362081349794
26687,10.0,11.015806806260208,11.014927533426029,11.015794318276097
21844,14.26,13.354619949858936,13.352839774446643,13.353592442478174
6539,11.36,10.996939845019877,10.997200649670194,10.99691399086823
28759,11.89,10.973080178781792,10.973365841512436,10.973037885114993
25035,12.69,10.947468251502444,10.947630647080064,10.947226087711726
21987,9.99,10.9245882651073,10.92619047883466,10.924548096357704
28600,12.21,10.995234750276063,10.995577026177163,10.99515558944241
4415,9.91,10.908152536616804,10.907807212320204,10.907864534443725
6292,11.36,10.965263653165197,10.96574733942071,10.965386194084445
31442,12.18,10.900943568668533,10.901129652743151,10.900553384508644
23401,9.33,10.909696221177015,10.910101602692672,10.909442327757152
26350,18.67,18.593153297966165,18.578686540470123,18.586128362377565
30138,13.23,13.492470712424344,13.493082452273978,13.492901663190253
29954,13.98,13.499118998806171,13.495901699396157,13.498415999135409
29323,6.03,7.395304389666518,7.3960474508972665,7.395980844727624
8056,9.62,11.050506762832065,11.0492943824041,11.050483293317246
24837,16.77,15.269923038132939,15.271859068123758,15.270031301408554
12425,8.9,7.360275071038298,7.363266157188168,7.361134597984686
3667,10.36,10.883733406936768,10.885105479755746,10.883510450934372
12461,7.49,7.312740045945077,7.31522143108967,7.313350811283394
21803,7.88,7.299325963455604,7.302841275010464,7.300079505141113
2196,5.99,7.443305352915816,7.444719186862538,7.444185030351175
7411,14.65,13.394786444741495,13.392573168617648,13.394036326029074
8471,6.92,7.27454143672572,7.275875198418643,7.274973972861897
1900,16.49,15.35223845886287,15.348032841587989,15.351082793199076
9127,11.83,10.93972748225942,10.938800514753664,10.93944687040082
22464,6.92,7.402156038078757,7.403864819749376,7.40288000191349
32511,13.23,13.406967786402358,13.408431214604542,13.40733931274611
13758,19.42,16.998206582509432,16.994909870795702,16.99659005769207
2601,7.05,7.3851889749547,7.386633276211419,7.38578980677095
13768,9.88,11.076124697648629,11.075069397369692,11.076235513555435
23963,7.88,7.329580030543602,7.331240305675149,7.330314513185287
25349,7.49,7.230178151714453,7.232946091632735,7.230556054867411
23736,15.33,15.256034718831515,15.257992465731174,15.25611905994565
21711,5.99,7.4025113467740145,7.403164453224193,7.403079073931275
22485,15.96,13.443699322291902,13.445089140469829,13.444147468223239
23442,13.92,13.484289994014063,13.483833131426227,13.484509179495351
16176,12.87,13.498421755771053,13.496785428803403,13.497865243345945
14825,7.75,7.285767313002682,7.288833865419403,7.286462549081991
16971,11.14,11.064402452510592,11.065136302901363,11.064695227694287
7641,13.98,13.398700086290901,13.395563397392287,13.397759369739628
23324,6.62,7.410327205270878,7.412303587849709,7.4111897150450545
3392,12.53,10.913723323606558,10.913483569882095,10.91348546290737
2982,11.86,10.889206699398699,10.890276878706908,10.888994257958982
26904,12.69,10.948291014857238,10.947483246958814,10.948015377625792
24801,5.42,7.305228584846392,7.307742545308223,7.305829236376675
24883,15.96,13.35803228375927,13.360781887292433,13.358363949088048
11632,11.12,10.920924591844472,10.920234692819509,10.920592492174862
32195,7.51,7.328333164735649,7.331153136510938,7.329035405022837
25379,15.7,15.321552970073528,15.3222788970914,15.321779378002358
22104,14.72,13.467792885087405,13.464764588053006,13.46705046040954
13459,11.11,10.986732418811428,10.98621792716332,10.986714486397643
4131,5.79,7.367329174098845,7.368752964775553,7.368029681075465
3133,9.99,11.002885917344567,11.00170329591379,11.002692716316325
14243,7.51,7.28789670115699,7.289418337566627,7.2883943924156345
1836,13.49,13.46629895669562,13.46338681398928,13.465472303458865
31796,9.62,10.972490516870902,10.971146707952952,10.972170880290363
12846,10.38,10.920884955463515,10.920001370281383,10.920512190116087
2544,5.79,7.382478286251397,7.383372800884401,7.383136340196268
21016,13.99,13.48794161097711,13.484788905161018,13.487264595964692
27075,12.17,15.229109547811841,15.2272275634434,15.227918617562288
21725,13.49,13.393997114433677,13.397232533677371,13.394604813103477
26403,9.96,11.01003570536394,11.008983086509165,11.00997837380774
4404,12.69,10.979594321095302,10.979572772183282,10.979417055288463
22083,12.98,13.383856483170694,13.380356629156601,13.382785479831481
4315,9.88,10.907408786610597,10.90930332000359,10.907389689785093
25364,5.42,7.405231339099019,7.404770548354372,7.405745595661415
18605,8.94,7.3538040264662206,7.355021366114546,7.3543459527014186
10854,11.48,11.023310614175337,11.023727068464673,11.023321934827361
12589,13.23,13.419073043020536,13.420804367738963,13.419373112047236
2911,6.99,7.384477541745784,7.384787665750245,7.385029983844704
32104,7.51,7.424344245385588,7.424939349699907,7.425069650551144
10286,7.29,7.408034075085993,7.408958049307886,7.408799459521256
28464,7.9,7.251031683218187,7.254206114275527,7.251548862821442
31467,16.0,15.429684482090225,15.430509724380927,15.430202699138668
32576,13.16,13.46272983156009,13.459239005335206,13.461909432907547
16851,17.51,17.078027631735935,17.076379967624675,17.077430335115444
10729,7.51,7.356942388653821,7.359004910184793,7.35783949141193
4798,13.49,13.466429700179361,13.467112748685548,13.466815305475905
24926,12.73,13.403329802765345,13.400577312229395,13.402480578895261
28683,16.07,15.411880417873135,15.414138686613768,15.412614052422782
2975,7.51,7.289358466995809,7.293048318804806,7.2901397967923405
15988,6.62,7.309978744435327,7.311466199092561,7.310573793997105
13376,11.34,13.369360059455254,13.370272260575994,13.369525604628308
16285,14.79,13.378351433347355,13.37945839566793,13.378532128557115
4291,6.03,7.376211992512837,7.377472279865571,7.376917863259864
25910,6.76,7.320040356369437,7.321239639772671,7.320574963486941
19913,14.27,13.48824372861083,13.48650135292964,13.48762707121561
11044,6.91,7.336459411343707,7.33821482110376,7.337121746496755
12998,12.72,13.362052724941137,13.364466431896188,13.362344963596232
16506,11.99,11.00463202934934,11.002821560362557,11.004338118891841
25781,11.36,11.062230388663806,11.062303301125162,11.062598669291711
23875,7.51,7.32518424323248,7.326687092559549,7.325851033625929
31187,7.29,7.322012137995194,7.324819788281687,7.32278736874203
5230,6.17,7.362118457241343,7.364836897927177,7.36291792520536
28074,9.91,10.992755334273351,10.991820392778468,10.992579202790221
9367,14.61,15.27325590489583,15.270131623429318,15.272102705664771
21072,10.36,10.9414283674463,10.941016906222162,10.941235687573714
1292,17.27,15.424949458304994,15.421746673264167,15.424276500539445
25438,16.49,15.34210150608089,15.340031918474637,15.341277353450288
20725,11.91,13.456811291347824,13.457613496208797,13.457192880682198
14404,12.61,13.510989599317751,13.51252043593156,13.511691508969056
8365,9.99,11.041875350044116,11.040648097991808,11.041823625003312
12179,7.9,7.336757172646733,7.3396835584218,7.337648748631232
13197,16.77,15.344613886487505,15.343841274249618,15.344121184001729
19006,12.53,10.974855549164598,10.977144134051704,10.97512326482313
23348,11.71,10.986814833244532,10.98916219684161,10.987291965639757
2638,7.49,7.381260319166333,7.381895527618127,7.381873802487397
12080,6.62,7.411974936084324,7.411370538638687,7.4124559666504135
10167,13.47,13.375511365823549,13.37687045631311,13.375771852751537
19986,6.92,7.229918294329893,7.232855968728276,7.2303555168109455
10343,11.71,10.912836294439193,10.911941533046903,10.912454223042038
25998,11.71,11.022179196757572,11.021923395075754,11.022303725378391
12892,11.14,10.927515286018476,10.928694656560015,10.92749330498576
2299,16.29,15.362719037561154,15.358351432302142,15.361595798757254
20204,10.0,11.048499476539721,11.047008245112334,11.048398973379578
11309,8.94,7.396516792414434,7.398825260783921,7.39732314867154
18486,11.48,11.055245829995242,11.053015326257759,11.05506960628696
28965,6.03,7.286890334601994,7.28876406991274,7.287457626040676
26882,13.23,13.44180378344349,13.443057830501978,13.442052132694553
17143,12.68,13.354069399867806,13.351297197666872,13.353030605450911
31449,6.03,7.3208300109472395,7.322753100706491,7.321341063926224
2873,13.61,13.468737533315513,13.469169093644265,13.469054000170559
6337,10.0,10.930776708504084,10.933018437619666,10.930988622682749
21233,12.69,11.0368477622186,11.035276127336221,11.036650781809065
6523,9.91,11.00255476323612,11.001093163344747,11.00220250037017
1982,13.43,13.459782741673148,13.456079228924652,13.458854460598307
10579,5.99,7.297460343230509,7.299021150006642,7.298025409380069
2273,10.99,10.901419798681918,10.900827583981304,10.901056863203245
9620,5.99,7.315279928963181,7.317198842952794,7.315990483465264
18661,14.54,15.467829052808737,15.467978684954135,15.468364866589305
30731,9.91,10.940473703532145,10.94077962251147,10.940395246202176
29543,14.96,15.231643672871753,15.233242543126567,15.231696839612145
10892,9.88,10.891999432228067,10.892275803115474,10.891639289945388
26775,5.42,7.312681654166601,7.315015262422795,7.313212447096434
190,15.21,15.435540816323336,15.437029652396376,15.436270212488004
10245,14.46,15.366219783367415,15.367543332069918,15.36648156095617
21413,5.42,7.293729139263959,7.295969244607873,7.294241179975624
4043,7.49,7.395295396280613,7.3958069925697645,7.395920712786588
7567,10.65,10.946050292064655,10.945363663284747,10.945843098504524
21494,7.51,7.32923491340076,7.330902909661178,7.329920241900045
13472,11.26,10.97452938047757,10.974180334778692,10.974500263521989
1880,12.99,13.546646407716114,13.543412468704908,13.546065416726165
4665,7.29,7.349870671569559,7.352144137961502,7.350669456632924
14867,17.04,16.999317513466863,16.998236644922173,16.998610567962743
2775,10.75,11.066797901390894,11.065763943219203,11.066871113521264
16237,9.62,10.992606851299959,10.99267724844383,10.992504069840535
32297,12.73,11.873304422165477,11.900673777723888,11.8678832076216
29383,9.63,7.318657218352405,7.32038156446492,7.319133488590691
31086,11.49,11.00926689663013,11.010144534132092,11.009360480343009
19012,7.51,7.270733090631653,7.273411444316215,7.271404073515272
27636,17.93,17.07333158955734,17.06923500172224,17.071698536483773
13684,7.88,7.327530693566138,7.331253502348241,7.328525217087249
410,11.36,10.890978212402638,10.890100756200525,10.89053693539848
3173,7.9,7.361602569869261,7.363344135047294,7.36221531159028
23109,14.42,15.341736671439625,15.34379983491129,15.342071934148105
23991,12.99,13.525937481989423,13.521783457477145,13.525053218709466
27489,16.77,15.322927452720853,15.324731848358201,15.323188072372496
25854,7.49,7.346305739491497,7.347790214578442,7.347023522046253
280,8.9,7.259481566715803,7.261213056974384,7.25982523134631
21767,13.57,13.44152866603524,13.443978709568206,13.442042897642494
28763,11.99,11.070495572641814,11.07045914220748,11.0705519729684
28448,18.25,15.547195120855385,15.549867060443539,15.548350927064245
17776,7.12,7.376159657143741,7.376834399372348,7.376757688535636
4185,15.65,15.310256495673046,15.307938593150007,15.309183028230542
4948,11.71,10.99947378859081,10.998478899628191,10.999321181551439
19159,9.62,11.00447256451206,11.003064018295362,11.00423908160435
23525,5.42,7.242001186006021,7.244615554815453,7.242381396551804
552,13.98,13.570922050729491,13.572086805675685,13.571819580772246
9457,10.38,10.996300843151912,10.996833616802903,10.996521582490404
12977,17.58,18.54855478793438,18.533121366357257,18.541336654916105
24198,12.73,13.394692278741676,13.398173604905798,13.395343132563575
27369,11.83,10.965083512759563,10.96450532317067,10.964909327166865
17773,16.77,15.404169107388716,15.401687502338044,15.40334979541328
22782,7.74,7.412918203203055,7.414119548128918,7.413734822104252
30050,10.38,11.007940871352591,11.007900251795713,11.007820980740025
6727,11.49,11.031357043841497,11.028455405655704,11.030972766598623
11618,9.63,7.416307874176508,7.418419109425001,7.417132497177209
27483,6.17,7.366482792603694,7.3695712590777935,7.367452335557327
3749,6.76,7.367702420833862,7.3687104749572905,7.3683413990945485
12005,11.89,10.971028831563892,10.971944504398017,10.971080458700442
29182,10.99,11.018396601684413,11.017902363473874,11.018248409648177
1213,10.99,11.009804563472377,11.010537452573997,11.010002778867225
4116,12.98,13.386151249660031,13.389087986638964,13.386496314989314
25329,7.14,7.311174400606164,7.313585935909066,7.311790596128098
32537,11.48,11.06152848649712,11.060528540517858,11.061591449961242
3165,12.42,10.910594422698159,10.909533697916842,10.910190585142768
11161,6.17,7.286680170846541,7.289127092044592,7.287189177957336
7902,6.54,7.401914603180303,7.403010847217889,7.402683895966827
24901,13.23,13.45550743625724,13.458236230430824,13.456074841102282
23787,11.49,10.930960271088733,10.930404544996243,10.9307091802033
14612,12.98,13.374406024837645,13.375330592145584,13.374579865573882
1268,7.9,7.424154290394391,7.4267846660163634,7.425179590194738
21675,12.42,11.015089140109502,11.015735233281823,11.015399649191941
12834,6.54,7.522251172994903,7.522546975531797,7.5233450691798485
14799,7.88,7.2897745485563785,7.29124075616845,7.29024478773621
13626,15.31,15.37202253566074,15.369957415961562,15.371227654555994
27291,14.96,15.408781601063414,15.4111013376887,15.40941824488371
3238,11.49,10.901544903295202,10.902238950112466,10.901266067925102
20244,13.22,13.447241387888136,13.448453678093088,13.447633641276141
17657,7.29,7.357340083595716,7.35802128064654,7.357837134410355
22474,13.85,13.428137766708604,13.425503752000196,13.427388980782709
3446,13.99,13.465231046640202,13.462760041430677,13.464591934787313
12968,6.91,7.39378315716991,7.3965844179027735,7.394742129337283
1985,7.29,7.255902998729961,7.259015299029811,7.256485383404064
26956,16.77,15.433461960003077,15.43467899481113,15.43418633733442
9502,13.61,13.471899439729029,13.473606783045081,13.472310710724479
5735,7.66,7.396992453199939,7.397922138343256,7.397709927649899
11970,10.62,11.034819074481433,11.03446733178404,11.034909638799398
509,8.49,7.376115903571309,7.376688954719011,7.376731635331894
7859,10.59,10.90341571747773,10.903701546536341,10.903090295465791
4134,11.49,10.970136376962529,10.969359721073019,10.969932086401748
21394,10.37,11.026863921296437,11.026608498112608,11.026740898768836
1898,11.99,10.876404334511532,10.879195412803199,10.876440834137394
4115,15.99,15.351578123741396,15.347950606074082,15.350537227862116
1230,13.24,15.351158918836086,15.349991185347442,15.350459807386553
19164,11.49,11.02331126863352,11.02144270559062,11.023072954421043
11537,9.88,11.030195757265814,11.03018795777721,11.030195607769317
23575,7.88,7.259310224990245,7.262273608567618,7.259857875581565
31178,12.42,11.030831818691535,11.03067180959351,11.030923793210395
32009,14.54,15.342267775284046,15.339765530333468,15.341254751424934
5119,7.29,7.385110619035824,7.387188857464826,7.38587948792664
19814,10.36,10.915085444114968,10.914821910521265,10.91487526131596
24593,14.65,13.442673271761354,13.444176258440265,13.443230285112314
12464,6.39,7.26502562696506,7.266066686562496,7.265363095618783
28798,13.79,13.469330055816346,13.470630731725295,13.469723595970217
21721,5.79,7.390053779420402,7.3909626176554575,7.390744342308187
29118,9.63,10.925109677079417,10.926912832420651,10.925207252288324
11444,8.9,7.283623379300285,7.286246349515831,7.284148219912531
19319,14.35,13.479711384514673,13.480678807471987,13.480001012435137
30749,7.88,7.427605825679945,7.428782192863277,7.428452925150214
10384,8.63,7.277718404897305,7.280468417642568,7.278289199241058
4527,9.88,10.925045935058662,10.925804815028405,10.924849276140392
6003,6.03,7.308965455180862,7.310359671619272,7.309535838363269
22297,7.88,7.253947347368328,7.2554142302066955,7.254348788516553
4243,7.74,7.379101075258729,7.380236520819579,7.37978701600348
8937,15.96,13.47561709966481,13.472294304518124,13.474864851064723
29422,14.72,13.435223356360417,13.437017925018818,13.435495390093745
28958,12.21,11.040606452325804,11.038473835129956,11.040417536188189
6290,13.04,13.475401074485005,13.471930637168928,13.474618134232898
30685,10.25,10.965660455814817,10.966268267791639,10.965559026442367
9983,10.59,11.001574536086991,11.001298459223657,11.001570969196878
11406,7.14,7.396136168059964,7.398463309199662,7.396940966831563
19285,6.99,7.3557507637185715,7.357440036274581,7.356328822227252
31335,16.77,15.42260853707817,15.423174739421356,15.423032631385773
28986,14.96,15.363614756742118,15.360161216075872,15.362604820577697
4976,10.59,10.911183323336887,10.911833336028952,10.910929463509625
6076,7.66,7.258819472245589,7.26214205404903,7.259469326179644
28491,8.49,7.403563194051516,7.405877703406569,7.404368921736185
30559,10.25,10.931267319279073,10.932286874248991,10.931210117039534
17729,7.88,7.400064836152542,7.4009174102814415,7.4007537094591545
28422,6.03,7.374313937606521,7.375343988757176,7.374973841909476
30253,14.09,15.310440276036008,15.312605397904521,15.310613692406886
351,7.9,7.338198504981247,7.339360423534609,7.338786914031444
7240,15.65,15.359358643261608,15.359180505339694,15.359344084193339
30723,14.61,15.340434516308347,15.340895394959531,15.340626464500382
12262,8.0,7.403001531044334,7.40377857120534,7.403607553910807
20028,7.9,7.371874923514376,7.373561603295769,7.372498441063956
29329,6.99,7.282423703970769,7.285631813570434,7.283094972085296
19209,17.58,15.290330804355177,15.289929224558728,15.289592813240937
9151,8.0,7.292636656951137,7.296221078800222,7.293290199098188
8929,13.11,13.485747686278586,13.482509334291638,13.485032456117715
23606,16.77,15.332063003055863,15.334032911471205,15.332538304178737
31068,12.23,13.40209737161086,13.404055072742086,13.402423303090131
29331,14.54,15.4701545930486,15.471231006979329,15.470862186652628
3118,10.28,13.427978093721089,13.429191149699927,13.428317355915318
17385,15.33,15.217951710156406,15.217747477268594,15.21709917120079
316,12.53,10.980519180499261,10.97958926677257,10.980252629372623
12868,10.71,10.993429504725725,10.99324455805736,10.993207615768375
15976,12.53,10.982173466965227,10.982128397899597,10.9820097685296
17313,6.76,7.381572288907751,7.382389436423402,7.382227243690497
1119,15.58,15.348523671216093,15.345125403732137,15.34741890121009
7765,10.59,10.925170355089243,10.924180115375263,10.924809830488424
1614,11.63,10.988183741654563,10.987661703587976,10.98792311659938
8272,10.65,11.071943850972216,11.069278821580973,11.071768088162006
29006,12.53,11.051181570498557,11.051240495511088,11.05127567892234
705,14.84,15.442258397162387,15.440273985279047,15.441695348834177
24173,16.77,15.404274363611439,15.400423632170762,15.403402947592241
20773,15.28,15.39309984434145,15.388979896957169,15.392107069563014
15686,11.83,10.97842547284549,10.978073480688321,10.978339269419454
14042,11.11,11.051570277891063,11.051806503717602,11.051695175544422
13207,9.91,10.939345357567522,10.938534713964234,10.939084485592291
30312,9.91,11.099191431991969,11.09811703266684,11.09938077160977
27252,12.69,10.987800060472965,10.98741519230815,10.987755225248936
17106,11.91,13.455387243458123,13.45640732674932,13.455798880671143
7008,13.79,13.45787100246185,13.455395967012505,13.45707362294695
12833,10.37,10.984167352527011,10.984195848172059,10.984047721383753
30533,11.14,11.03057437187266,11.03041688801612,11.030408518371425
1238,9.32,7.235648809656588,7.239294236925417,7.236210566887703
18700,15.7,15.378401643082459,15.376640128598869,15.377698530307615
15863,10.62,11.085837956754277,11.084974917332296,11.085976476327499
29228,19.04,18.748745903033964,18.737873223670775,18.743259929966914
24458,13.79,13.410099913577866,13.411260246938289,13.410443461471289
31607,7.74,7.40647511285554,7.4066137485746175,7.406964572172262
30066,5.42,7.424451517351122,7.424810774411189,7.425141165656723
23265,10.95,11.034793176442742,11.033611155725367,11.034716908489498
7265,10.65,11.018372784295575,11.017156486986194,11.018239964861083
23342,7.9,7.377863315545123,7.380532178561835,7.378721075214217
12275,10.0,11.021343775315705,11.02211838103403,11.021422395449907
11797,6.03,7.307067212005047,7.308951242982786,7.307748828374031
4020,9.99,11.002122869188081,11.00084498940016,11.00191389144193
29476,14.27,13.501414103752595,13.50221116933922,13.501746645403976
14897,12.18,10.99304376443063,10.992035541266814,10.992741849946665
19260,7.74,7.387811262049581,7.388643789768817,7.38846941230325
14358,9.63,10.956441074040178,10.956120180718624,10.95630474079233
7462,7.51,7.408366982739712,7.409835361790604,7.4091681241123
6124,13.11,13.371317342356996,13.374737345059057,13.371793911716548
22074,11.66,13.499271509935038,13.499623109918307,13.499692655992279
11294,10.37,11.041791863298702,11.040896162316205,11.041813548668799
24545,11.11,11.038308977598717,11.037409294413694,11.03830310037863
5382,5.42,7.29395456798843,7.296566040386508,7.294523742654323
11259,15.33,15.397061097297415,15.397388238712951,15.39739142092267
12796,7.88,7.423367007111036,7.4247723541916795,7.424251397943939
2465,10.71,11.010274128068366,11.008632183107217,11.01004819745396
29647,10.01,11.044519081146719,11.042876424339369,11.044361173260157
22455,9.88,11.060521893145191,11.060073345682977,11.060481664447973
29388,7.9,7.480195321158628,7.481724269071688,7.481314742046047
848,8.9,7.484421346525836,7.485770551144141,7.485524549451641
27592,16.35,17.063539906181454,17.058414824687404,17.061865716794227
11084,10.65,10.98155688266877,10.981645886983738,10.981643325524253
16935,10.71,11.000482753052747,11.000082012352216,11.000263404056465
24960,13.16,13.367885848148404,13.370946613536358,13.368375235339279
14348,11.99,11.01856312308062,11.018384881173839,11.018697100609204
1205,13.49,13.490408276146528,13.492329172471319,13.491146827994557
24130,12.99,13.453439873440914,13.455153734169269,13.454109185829836
10097,12.87,13.482530579745806,13.479473923503171,13.481847291472908
13630,14.79,13.397045855483935,13.398114315153249,13.397334652732265
1495,7.66,7.376139371591213,7.376885583479298,7.376720490333853
7838,12.68,13.465592638932847,13.463422204787888,13.464829434374384
758,8.88,11.08992021025766,11.090294245653064,11.090231719439286
28119,7.49,7.269726484572751,7.272860676262994,7.270401045955773
13507,10.38,11.01969713016313,11.017019520740657,11.019310036075892
6678,7.14,7.348849158754337,7.3513787474807835,7.34960433161221
9975,14.72,13.445641809726627,13.4482070712448,13.446224040382994
21578,7.49,7.42473243187324,7.425417474038892,7.425505279231173
26535,14.84,15.355165050806558,15.35473467168951,15.355084952188093
17150,6.91,7.388450975388799,7.390267496596082,7.389113756255831
9473,13.92,13.379060434365089,13.377034954625255,13.378129150475583
5530,14.22,13.497579667688033,13.493841565212062,13.496802231368
22376,16.07,15.351862965381391,15.352649415053216,15.352073041762338
16958,11.58,11.009923508098952,11.009526461163855,11.009748980940198
3501,13.16,13.480908655646116,13.48200625277103,13.481455125670848
29121,12.69,10.987618109902595,10.99113563043894,10.987584240395666
18276,6.54,7.456884269342315,7.459787949576031,7.458196925787177
15290,11.11,11.062676266814574,11.06326143218456,11.062861029924026
21913,10.62,10.950412086540556,10.950836308684883,10.950426132243347
20184,5.99,7.296282608495042,7.298995590433773,7.297104303062326
18685,16.32,15.379173803415043,15.37849470715143,15.379235686408766
8830,7.51,7.3808274134303025,7.382442965451358,7.381623803959748
29074,7.9,7.4197578045723125,7.422501792223486,7.420911966410025
29626,12.87,13.453925979879902,13.457197287352997,13.454643881400294
3888,14.61,15.365739726369652,15.365771791639975,15.365885322238526
14275,14.35,13.44484619788637,13.443202695770138,13.444238207779195
16745,11.36,11.0300429730882,11.02870211538123,11.029892128139968
16202,9.88,11.076255298170777,11.076593240794287,11.076425919586377
27108,15.95,16.981716234698588,16.980304055652,16.980882358578963
23696,6.92,7.314759395719826,7.315865442117933,7.315277859392098
21877,7.88,7.446390928820861,7.446824963393289,7.4471651988066405
14382,11.83,10.978087528846888,10.977674973559642,10.978033412600537
3489,6.03,7.330399980832048,7.333346390512312,7.331261642760926
680,6.54,7.459829106149567,7.461929364098433,7.461017182096394
6500,7.9,7.316285340603079,7.318561635532918,7.3170916029128295
3889,5.42,7.249439083047773,7.252629835957949,7.250052518214215
29993,7.51,7.434760523597237,7.435103406723998,7.435506968113473
6442,10.65,10.927943842204218,10.928945459496443,10.927875794087884
21787,8.94,7.420091586038885,7.420417173438808,7.420784506571005
12267,12.61,13.430960190545619,13.432688748648872,13.431500300311882
3658,7.51,7.37726334159849,7.3783083281115145,7.3779394772059455
16895,9.25,10.940993905095219,10.941416636107471,10.940842236866029
6004,11.71,10.902442162767782,10.902506584728458,10.902035480042914
22252,6.03,7.300067312978461,7.301838934261148,7.300717915731897
459,16.0,15.490490318769693,15.492051658456168,15.491196676881032
21965,5.99,7.356486874192844,7.357529700796038,7.357068279478195
8487,14.35,13.42772092766688,13.42658875342369,13.42700151252218
5975,7.29,7.385135665706718,7.386304846286846,7.385850175443826
31720,10.65,10.909927576553718,10.909952969126422,10.90962020721012
9652,16.89,15.382199658903826,15.382724817230848,15.38249572571851
28116,14.35,13.414579552199939,13.415781753635514,13.414877559482491
16721,6.99,7.3921332653451985,7.393110295451676,7.392836371872613
8987,11.78,13.47159447263214,13.469408839037108,13.47088386134403
22721,13.04,13.474861480895523,13.476436013175881,13.475314783282446
29045,10.62,11.067928358950649,11.066787777510264,11.067986240239703
8743,11.48,11.011625427449466,11.010840434303699,11.01154819948156
24196,9.88,11.018759279215939,11.019649520152308,11.018982444299475
3404,9.38,7.245096303191349,7.248490956325759,7.245734288131453
28379,12.53,13.333239544373653,13.335962454691195,13.33342691251762
30891,8.94,7.3740424868352115,7.376464187969615,7.374932774484511
17366,12.98,13.47603709511619,13.478357228584974,13.476591163818384
18272,12.18,11.101769147912682,11.102675904428983,11.102214676294885
2543,10.37,10.995008365821331,10.993774659382211,10.994790175902619
32247,14.91,15.314073231035039,15.310079741537404,15.312802837873019
14592,11.11,10.976091846594418,10.975841775447755,10.976065124877026
31946,10.38,10.999336999770861,10.999677410026457,10.999248959043921
20068,15.21,15.258282934079155,15.260025397129017,15.25831563097227
31833,6.54,7.395043622713156,7.3979625033781575,7.396094467303551
252,10.62,11.158825985275662,11.15835032777024,11.159364470646551
19018,5.99,7.2261427817910375,7.229267965345398,7.226599999446251
31112,5.99,7.3332639963572985,7.33610565610435,7.334035462249681
17164,11.86,11.11670891353953,11.116706662839903,11.117195624840658
4464,14.27,13.455546966115019,13.452480602880513,13.454727387629138
17139,13.61,13.513312844924187,13.508947512283608,13.51251251630351
26323,14.65,13.555788687054289,13.556158074991519,13.556453843829583
30009,15.65,15.371905778418492,15.37388078857751,15.372311664516893
31722,9.99,11.021337462063086,11.020848276192035,11.021378617384174
12404,13.49,13.459585438723824,13.458097519949696,13.45898226166857
18459,7.9,7.511765837002808,7.513929469744247,7.512942217136004
3974,7.4,7.3802453060550794,7.381039278241161,7.380885004291438
426,10.99,11.115433692045638,11.116222920788477,11.11588094474857
16049,14.42,15.242010761401332,15.242205605107559,15.241836357140883
32312,15.58,15.57294190020032,15.56903188283794,15.572592798614558
4259,7.14,7.277632112742633,7.27906056613209,7.27810943570303
27814,15.65,15.427936973023508,15.423429943746767,15.426902713875663
5881,9.38,7.368935382753701,7.370674606037834,7.369581427889149
23063,13.23,13.460075585412074,13.461257605078801,13.460528666288345
30591,7.14,7.3979785484118965,7.399914514696844,7.3987558098606945
11451,13.49,13.416747531858267,13.414005638550194,13.41596417017287
2093,15.28,15.331544196297989,15.331728425212576,15.331599695096884
29760,11.14,10.910807650991392,10.911262062872526,10.910675574942012
13640,13.47,13.49158827662096,13.493254990512217,13.49226619578576
20259,10.75,10.934748530445043,10.934685497372502,10.934619391997382
25262,11.99,11.035421103604984,11.035273999673652,11.03554079140078
11170,6.76,7.294816847445165,7.296660203280071,7.295416318992866
22935,8.9,7.345610937502783,7.347890047220803,7.346507687082385
2472,10.95,10.879541502651536,10.879605310447937,10.879102075891932
24277,6.03,7.315645294127259,7.316709807868916,7.316198178327292
25057,7.88,7.350345662693396,7.354100834319601,7.351243193655935
366,9.63,11.002611506214144,11.000781847900374,11.002324203646138
686,10.25,11.071046799740888,11.072288840850723,11.071392927666036
25528,10.78,13.386483292741021,13.385075446863238,13.385704894973333
13936,6.62,7.321682418076841,7.324306509563891,7.322335454092478
25496,11.36,10.924441940023456,10.924770031441312,10.924228507987257
14254,12.84,13.466390755137922,13.468105723848478,13.467066520115058
14824,7.9,7.411910661909006,7.413947042186683,7.412914547849718
9853,7.49,7.383636287369356,7.385178376160148,7.384419983074257
16998,6.03,7.302064576773776,7.30377896882855,7.302650868693888
3907,12.18,10.987154303271634,10.987277337650262,10.98706588805252
12026,11.49,10.906766567962059,10.907837205984013,10.90663224973141
16014,8.9,7.414365395495996,7.416588500306156,7.415243635992278
22245,15.27,13.349392196877206,13.350494532206831,13.349555647069625
29896,16.32,15.22954384259412,15.232187319154114,15.229681151750135
15608,10.99,11.079460009602773,11.078410521358247,11.079593052297689
15868,9.63,10.951324724574311,10.95187068198987,10.951086156021262
3903,7.51,7.359314560984984,7.361111578472093,7.359935498396215
22837,8.0,7.651341316476644,7.623144653388022,7.651528686310064
22379,6.62,7.348174118232665,7.352003985355649,7.349282354170833
30545,15.23,13.464041396096938,13.466034753666406,13.464512878521498
7155,7.88,7.29329748575932,7.294586618440556,7.293815301802035
20888,10.0,11.03463619435,11.033987707966096,11.03462230508165
20411,5.42,7.4138577018021135,7.414231119856026,7.4145143840337475
23155,13.06,13.47268055194439,13.473277250621038,13.473073450326506
19509,13.35,13.471412867644462,13.470238775266969,13.470931091780537
31597,11.36,11.075718458604488,11.075862536567094,11.076111404789408
8867,7.49,7.341220474850172,7.344284327920706,7.342062611818775
10635,11.48,11.027598751306947,11.026764703419532,11.027593933491417
22508,7.9,7.389151114111996,7.390568549506371,7.3899082502956475
10645,6.99,7.276553706551389,7.278503352073667,7.2771067308551975
13338,15.31,15.34875383088715,15.348680997414816,15.348797344349688
28406,6.03,7.321439004029255,7.324540629136818,7.322264482188454
19301,13.49,13.464014582679098,13.46036788010688,13.463123088881037
13669,6.54,7.311161983732541,7.3127838893449075,7.31175674494273
24331,13.8,13.528563521905445,13.525190407343164,13.527973916334492
30539,16.89,15.363530515644234,15.361157100166807,15.362574868231075
30583,14.11,15.379989988366082,15.376772532275012,15.379111072713485
14998,5.42,7.303941942862316,7.3066671920031085,7.304578108194634
25284,13.84,13.47890209393326,13.481539940801344,13.479609488499017
24814,14.27,13.50000547517208,13.497289469951674,13.499308713664053
11929,8.49,7.332519735328915,7.334902062732221,7.333312823602626
26991,6.92,7.2923813193370295,7.29395064120601,7.292879355451377
28831,15.31,15.372568398498425,15.368551930176185,15.371521508628014
24378,6.92,7.307151654379772,7.308377638258199,7.307656216384712
4263,6.76,7.393851819984129,7.3954296917630105,7.3944975643661826
17717,14.59,15.26025951938676,15.257997652216257,15.259062718480232
11866,14.26,13.48429167673639,13.481982848412136,13.48359686484772
9584,10.74,10.943531336008839,10.944168099721146,10.943439479652145
18967,11.46,11.088683455092037,11.088490550962048,11.088812467926985
3699,15.62,15.320757790974598,15.31817972838357,15.319675933083847
13053,8.9,7.449092259096585,7.450237542216004,7.450022919405106
21032,12.99,13.385247622641526,13.383292908668253,13.38430858378983
19901,13.57,13.454393962153453,13.453159224082647,13.453762016673558
29429,7.88,7.379780792727947,7.38020299604461,7.380349965147413
17349,16.89,15.336512988164992,15.336983866559533,15.336647092714927
20797,6.91,7.311714450845361,7.314374577757131,7.312550451378737
21355,10.99,10.89416143261912,10.89356063228402,10.89376272463326
26171,12.18,10.901496599474456,10.902269576705073,10.90126665294676
24447,11.89,11.054384553198668,11.05358948887466,11.054449257670086
26554,12.53,13.389492755312245,13.386075837070756,13.38845993085435
11503,9.99,10.931642235044654,10.931754600059968,10.931389616919118
9024,13.61,13.378595379701721,13.37983182112672,13.378857560824123
13904,18.07,15.409215057739502,15.409068024093418,15.40936502259395
13202,7.9,7.426813886178242,7.427972434200164,7.427637567282345
7882,15.23,13.33347669174007,13.336237462164345,13.333763345882861
263,10.99,11.206026143464817,11.203859891929316,11.20638180530845
10934,11.14,10.977643775124612,10.978368168568956,10.97764870952985
10564,13.61,13.464887300779392,13.467104325116589,13.465442046502467
18461,17.58,18.66607458433233,18.65460250894419,18.660367906167924
3759,7.14,7.337397807875877,7.339470859533977,7.338002838342361
18478,15.31,15.487288010380436,15.48359552229282,15.486722424240082
5531,7.74,7.256688093092119,7.259151859512925,7.257104664259865
26980,13.49,13.598235274264066,13.5970171968169,13.59825629306895
14762,15.65,15.33776394455146,15.336870128295844,15.337110833796295
4484,15.7,15.263685930508323,15.261129107955735,15.262441071200941
27375,13.47,13.41015004325828,13.412883372536154,13.410644739164308
29801,14.35,13.440994929259316,13.438951189373487,13.440177509213644
30461,6.39,7.299924161593025,7.301395754546055,7.300429698981543
12152,10.95,11.008541340866202,11.00851289717157,11.008593749334818
30620,12.84,13.479687068014789,13.48190793047435,13.480298043043955
4681,10.25,11.01265269433855,11.013076958466467,11.012697246415629
31886,10.39,11.032662768871619,11.033101927455034,11.03274888047159
18355,10.99,11.1147462809787,11.113843689425394,11.11506280651902
82,12.69,11.165150257024258,11.165802643942284,11.165741479752331
14503,11.89,10.962780594410711,10.963515501910715,10.962744866645059
8574,16.77,15.278435851809508,15.280926539224591,15.278616754214063
31548,6.03,7.31697618141608,7.320435502986597,7.317849575744616
1262,15.99,15.331612445351091,15.331753441020677,15.331598259924956
28132,12.69,10.895303089407623,10.894520153322832,10.894912218337904
2539,19.29,16.97959178196647,16.978584055380587,16.97858235314857
6517,8.9,7.250734222125726,7.25359716124567,7.251206166524844
7485,13.24,15.29622958481033,15.29344018881967,15.295248524114136
26796,10.99,11.057800449773026,11.057382518788879,11.057976786035775
818,14.22,13.542835320717353,13.54551503277311,13.54378813851697
858,15.99,15.475116366791362,15.475640913423465,15.475713801623417
12119,7.9,7.310363779932491,7.314191584625617,7.311336198006684
8635,11.49,10.970355934144782,10.970936237980716,10.970269242384632
29373,10.59,11.139716596686778,11.139543500067536,11.140026002204321
23869,5.79,7.281266299805718,7.282692255118938,7.281720159120024
25412,9.32,7.298708779768687,7.300752240824207,7.299329538470666
11111,12.87,13.471447292286488,13.469426032237385,13.470783099456508
2559,11.99,10.889297392113617,10.88879888280948,10.888930150034735
25306,10.74,10.96079874411576,10.961352734650788,10.96069216698226
12341,11.14,10.929151160907171,10.928584595389745,10.928906567327866
23611,15.62,15.384611696963276,15.385032098432275,15.384905508942339
16226,15.99,15.318808655700284,15.316531433132546,15.317815161139933
2714,7.88,7.388817593394049,7.39051088377317,7.38967423177179
1832,9.88,11.076296398650701,11.07615851484826,11.076440841651795
29994,17.74,17.048667564317476,17.043070996580816,17.04661310055457
16480,12.42,11.050375784054221,11.050539493160231,11.050486425182116
538,14.17,13.312885927528463,13.31589600816876,13.313086434794013
21770,7.88,7.399349467689516,7.400964265514617,7.400060069488195
12317,14.96,15.251066255692733,15.251808018785923,15.25100513620209
29065,11.48,11.199294613975113,11.19675359436039,11.199602992063213
24868,8.49,7.434607316073849,7.435158240756809,7.435265044300041
13455,13.57,13.497778167272898,13.496152037093797,13.49722994332896
7389,11.11,10.944546220894544,10.9452929148709,10.944399214050028
11093,7.49,7.29812747171436,7.300596256355084,7.2986682020599325
9807,10.99,10.949494705257802,10.950307517890923,10.949468181650067
30874,6.91,7.398455710815022,7.401013114713634,7.399338877147038
293,10.36,11.149320720865754,11.148570183134737,11.149781750968188
30320,11.83,10.926985896811544,10.925951850568346,10.926589743074507
11913,8.9,7.3257337216153,7.329356789272587,7.326541385181837
31685,13.3,15.434335532825202,15.432678355394762,15.434431453107273
15798,8.94,7.2506902223184735,7.253566569651237,7.251048138029266
29951,6.17,7.3087952034108685,7.311693768950749,7.30963830922559
12733,8.9,7.4024651995049275,7.403943418014753,7.403306947280521
5787,10.36,10.909385077040229,10.91075012172198,10.909211620225548
15259,5.42,7.252871969487861,7.2555445353382035,7.253315452235828
7642,6.03,7.3931470226234675,7.39512621603412,7.393820011317831
32220,6.62,7.375236071738731,7.377554122784302,7.376032438838985
26722,11.48,11.06872880137293,11.066882263594042,11.068531450329399
26043,7.51,7.257207286014378,7.260350513536233,7.2577885190311715
13815,11.99,11.060604077129558,11.0596336367959,11.060685218131834
3179,10.75,10.999743135997285,10.999183879941821,10.999535012987227
5375,9.88,11.020384642480131,11.020506467809334,11.02032811284292
3522,11.48,11.017321728464152,11.016579660830683,11.017292188358356
5722,10.39,11.01844897170653,11.017384711086322,11.0183386120994
19365,9.63,10.928784906934393,10.927580679917813,10.92840922481859
7412,11.97,13.475575906808304,13.476230193986757,13.475998636929166
9142,12.17,15.244437620920086,15.246547191887554,15.244536177250625
16066,12.18,10.88627935884011,10.88727574578867,10.886067012773168
32253,14.96,15.375138848664157,15.375822320735802,15.375377268108792
26121,11.36,11.034846449935632,11.035264670034236,11.03516025882844
3104,12.69,10.911850470340312,10.912988352087325,10.91169282103828
2970,9.32,7.327869081783821,7.330539487164366,7.328482572937574
18114,16.89,15.232446495168404,15.234300107047147,15.232357539641582
1306,16.32,17.081443542055,17.075983859874828,17.07971085514466
383,15.7,15.473894339983879,15.470987579591778,15.473479700842798
9371,11.36,10.911095677096487,10.910371390045345,10.910755132070962
27260,13.99,13.330519376881739,13.331727272570163,13.330556172254964
25163,12.69,11.058890575625067,11.058290734696044,11.05902264499184
21440,13.49,13.496245908265568,13.497079186269989,13.496711823553568
8839,10.99,10.901159355153283,10.901055262357263,10.900758806124244
30346,5.99,7.359575781720933,7.3626048480596005,7.360340740450109
18450,11.89,11.024298019930118,11.022552073593486,11.024090114485732
29992,12.68,13.499903470675264,13.500496150914369,13.500371333771708
10895,7.14,7.28208297837078,7.284367829153777,7.282596130373081
25206,13.43,13.563354716403982,13.562350303824058,13.563775303419746
19111,7.14,7.228285292338695,7.2318733582665145,7.228979049575901
23628,12.69,11.044832363918584,11.045661948427346,11.045311572059399
18468,16.0,15.452661244495514,15.450301474507583,15.452151335303686
12808,13.8,13.378912347084313,13.38237026412822,13.379512068724024
13303,10.37,11.018236744189139,11.016616125506754,11.018015576751232
12550,12.98,13.497619193258991,13.49974154765606,13.498224998648663
1583,9.63,7.2490085383202025,7.252541011244606,7.249660308130746
13899,14.65,13.505916208620308,13.50400814791175,13.505401224009349
9735,15.99,15.322916246814666,15.324736547889268,15.323127609139025
12250,6.54,7.317007113040098,7.31995172591313,7.317733879362622
5336,11.99,10.908016175947967,10.907518108886267,10.90769063313196
24343,6.62,7.283444443500142,7.286718073193215,7.284182119445957
1103,9.25,11.07070638308831,11.071249224779693,11.070971655431944
17136,11.34,13.448170294503988,13.446179149193547,13.447417940705257
3013,13.92,13.349966602762304,13.348509068339586,13.349063716242362
30483,8.7,10.98961270128364,10.989852140362347,10.989734065449715
17640,13.92,13.46799382217397,13.469520490444143,13.46835402828972
21041,16.29,15.397811169643422,15.397919283643818,15.398081846444928
22378,12.42,10.91644804524981,10.915465399956519,10.91606696481859
28773,6.03,7.315676165492695,7.317977051925785,7.316302181740412
2064,13.98,13.431058049005365,13.432434670958958,13.431324517750475
22163,13.49,13.487516439388457,13.484027590474208,13.486768373507324
32302,14.91,15.563149694156227,15.560802830350214,15.563113123851142
19851,12.53,11.033700089124078,11.03399282377941,11.033767644793294
16671,11.49,10.901188717564196,10.900364730451578,10.900791024943853
14345,10.99,10.925312240700176,10.925781449203287,10.925015763965146
7033,7.14,7.294668048655915,7.296792366692882,7.295347269145668
29843,14.72,13.486419205076418,13.48681684859067,13.486819484397556
30785,5.79,7.348010084713101,7.349067288781791,7.348620666192727
5390,6.92,7.372942111320781,7.37547390847861,7.373781628309395
20672,9.91,11.037045486884885,11.035781591731313,11.036940737809728
5145,8.49,7.409057236786513,7.410065657157398,7.40982925086819
3010,8.0,7.377475850437841,7.378438962818305,7.37812214383295
20080,14.96,15.209773820912623,15.213456977442139,15.20993765585246
19952,10.36,10.912332967996704,10.913139624048174,10.912286610210773
32566,12.73,13.458572584740821,13.455850921292974,13.457799840355648
13606,10.74,11.008274547362081,11.009315021875967,11.008440965190516
7358,13.23,13.487520473180098,13.484008926237168,13.486733608446219
20774,10.65,10.998950445831431,10.998158422377884,10.998807452840506
7669,13.85,13.44241744685085,13.443675295691296,13.442850696300574
2552,13.98,13.443233064815162,13.44495894010819,13.443556676863784
22861,11.14,10.957774268521938,10.958506874039728,10.957762825326212
27793,6.99,7.231298977188104,7.2343052872883264,7.231617379546136
3175,13.23,13.450622876475446,13.451085323104593,13.450931008509112
25132,11.14,11.099550113425986,11.097220120564467,11.099478223328333
16536,7.66,7.3651034122542125,7.366828161290342,7.365647529349234
3151,11.71,11.035604579633937,11.034102425683285,11.035473162967117
27278,13.35,13.41470587265589,13.41569971279818,13.415006669641961
5339,14.35,13.46984012786967,13.470862654604556,13.470325806140961
1535,7.51,7.254387135868647,7.257812922790869,7.254987164086802
26376,13.49,13.467993495529957,13.466850415105624,13.46747147919589
14530,11.48,10.977007162737245,10.977659996817025,10.97697241012671
946,10.25,11.059695378840114,11.060087449519152,11.060024418302095
4900,7.51,7.263604009611447,7.265235193078952,7.264077078546306
9675,6.17,7.392760200492166,7.393755751273579,7.39349365455207
25425,6.03,7.344295423801409,7.347191283960456,7.345139528927422
25931,7.51,7.410987266716414,7.412358328763791,7.411789110799826
2432,11.58,10.910987340182443,10.913135723992182,10.911012068818046
20090,11.12,10.996442518980173,10.995632019300228,10.996291297600697
22081,14.11,15.364504800760288,15.366029179730859,15.364609481179574
25784,10.62,11.029115869715778,11.02950908881324,11.02942697795075
25280,15.65,15.291331245909294,15.292977034509304,15.291457232983667
4452,13.22,13.458062216300647,13.459513502169887,13.458437359352327
14548,16.89,15.352491415545277,15.353093537955232,15.352524846489036
14580,7.66,7.340564687172234,7.342716559134966,7.341215803292057
5805,6.54,7.353603906380613,7.355259059909389,7.354311543098137
10869,6.62,7.380976307095144,7.383237369298416,7.381777259768505
19964,11.26,11.005984472132994,11.00666799453245,11.006007164665043
20289,13.49,13.486744332430801,13.487148929049603,13.487126632585603
27968,5.42,7.354071016458867,7.356294502574362,7.3547406911951985
24860,16.89,15.407576599436767,15.40408501887985,15.40675313152175
23645,7.49,7.310942530602709,7.313148339206677,7.311664973011664
8480,6.54,7.3316096520500516,7.333400378603077,7.332353181898515
14232,10.36,10.939245648784729,10.938938589508874,10.939047149321846
23419,5.42,7.329268513720442,7.331841034643472,7.329980428807332
7770,7.9,7.371825608880063,7.374010252263792,7.372563008263059
3299,5.42,7.2747965158822065,7.278111524687922,7.275450604753855
11417,5.42,7.307940833882372,7.310683693953354,7.30864540046343
24260,6.62,7.42927310461351,7.428291229909722,7.429754117785933
21510,14.84,15.323123006240783,15.321271639852453,15.322212126575007
7186,10.0,11.015734029297555,11.015340041291832,11.015600983531867
9098,10.36,11.029703707493518,11.028568855713637,11.029614864042518
18386,11.48,11.116137748824054,11.116287762519603,11.116495258349907
10961,15.31,15.34190804545722,15.342249269979773,15.342017403443432
18497,14.22,13.608762765718934,13.606263615894829,13.608428119327264
11635,11.49,10.881723544520623,10.880818031808957,10.881229067125126
5554,12.53,13.38075742802908,13.384263368704962,13.381353297758075
19563,11.83,11.02142356983772,11.02038160922435,11.021194534033118
27653,7.9,7.36274110761994,7.364614828096834,7.363554146599225
2704,14.96,15.39270738828236,15.39245964011695,15.392915190302457
29724,13.55,15.388465537440316,15.38536087213544,15.387641837482384
13554,11.99,11.022217486161974,11.022403549594548,11.022363456812
11952,6.99,7.274554624058981,7.2772095272462085,7.275114112955121
20986,6.03,7.447834796659106,7.448048483542008,7.448648090942122
32095,10.74,11.072817943225555,11.072075253591057,11.07290367400869
12047,7.49,7.417950899162193,7.419236502216297,7.418821828780859
3276,8.9,7.343092140889812,7.345163973617742,7.3437116383449395
20160,10.25,11.011481950641091,11.010314572385445,11.01130732848565
1275,13.92,13.349208333408855,13.34709330767045,13.348306930998572
3418,11.14,11.044504629934272,11.044442859835163,11.044529772068703
1611,10.71,10.99656735837716,10.996077367118948,10.996299855700137
17152,11.36,10.920075754479699,10.920447166582617,10.91997854736404
21491,8.9,7.364259846315847,7.365891890086749,7.364996691429128
10954,13.57,13.501875400356418,13.502845914420849,13.502460165741851
18195,14.46,15.50948949843465,15.510808975054491,15.510232673484907
20710,16.35,16.906861073037888,16.90784795317031,16.90607324463246
32164,11.72,13.337206576085604,13.33642804720632,13.336356334691601
18121,19.69,16.933288142833945,16.92874098047909,16.931032460659974
23838,17.14,17.03971190034425,17.038482706321897,17.03891251312793
2743,14.59,15.372594570044843,15.373413757816095,15.372930528187197
20944,7.66,7.368166841437936,7.370289580215423,7.368998383280388
3801,6.17,7.265759621570443,7.267807970224796,7.266310022180412
16766,7.14,7.300332661001859,7.302878480845481,7.3009489074722165
9543,13.06,13.40066771568981,13.397741954309943,13.399787898228162
3447,14.46,15.220992844326414,15.221986486608502,15.220901685281834
7916,15.27,13.500867483297398,13.501331696703128,13.501351216855891
11875,11.11,10.889432827076657,10.88983350022498,10.889062999035676
21543,15.33,15.380253553387503,15.376248790107608,15.379252025838426
843,17.39,17.112954207942206,17.107443561767084,17.111328979983853
4747,8.59,7.371568233633418,7.372813031300293,7.372244028406738
23386,10.25,10.918650570910282,10.917796182284805,10.918311260535294
162,11.11,11.109159886934815,11.109353915812141,11.109656363066783
14099,7.88,7.345264194587324,7.348066015749408,7.346114619389057
5068,5.42,7.284764386330727,7.28690758922904,7.28542886142655
8631,15.65,15.327274150785378,15.328421655007022,15.327507985228085
26671,11.99,10.928484340420667,10.928919328705161,10.928186367589115
14226,5.42,7.325612422576994,7.327485516818997,7.326334737800322
2945,9.91,10.971748218756634,10.971736606574265,10.971542413859718
4189,9.62,10.992120144560744,10.991953818192354,10.991961853474058
30087,6.62,7.273829714289946,7.2765357074477235,7.27445332027008
8913,12.53,13.478675799540785,13.48061704401611,13.479165745513061
29164,14.27,13.613613110986034,13.615318143460858,13.614727622207418
16356,13.79,13.438075396859855,13.440471357324894,13.438582996115134
30711,13.11,13.493449255651004,13.49523925755297,13.493923771831088
30817,11.86,11.032605905963203,11.034209403428127,11.033007915593911
7996,10.59,11.002394019771623,11.001777971518528,11.002329794154388
3119,7.49,7.252082787086986,7.255271278573994,7.252684844458998
8638,13.72,13.455669293920428,13.457212800932242,13.456189798274607
9824,15.58,15.329455659417414,15.327578169516357,15.328532901723886
10082,8.94,7.359798385280634,7.362013314801288,7.360632902193293
17163,7.9,7.324490518285362,7.32757101758472,7.325332477617469
20665,7.74,7.379436589568937,7.380878895000585,7.3801715715747545
20804,5.99,7.382871299699801,7.384746016392157,7.3835379498486855
26249,15.58,15.302976673281565,15.304102286492494,15.303167573983302
21141,13.49,13.444674596080244,13.442041086383213,13.443789419279963
14151,13.57,13.410963650893748,13.409217318647144,13.410137668477486
22205,11.03,13.353089098476875,13.354515315766811,13.3532788256137
8624,10.37,10.908837778140969,10.908115309815015,10.908492676606743
21945,10.65,11.04386590102784,11.04336839360134,11.04372777496785
19749,14.65,13.385462087288522,13.381815942619607,13.384394490577408
13344,12.18,10.958928692417095,10.959880595723938,10.958898590997734
22843,11.99,10.87425235416164,10.874879253029736,10.873823806714762
15158,9.62,11.001046549672676,11.000531097604894,11.000802273677728
2561,8.49,7.254022786842842,7.2559071572369715,7.254497493723765
21533,11.49,11.029992594760532,11.029847076595917,11.029911914375015
28403,12.53,10.951072886856485,10.951828880404706,10.951062035234047
6205,8.94,7.248346103154884,7.250676866400291,7.24875632261629
21153,10.59,11.046052020156491,11.044148346729248,11.045879778724887
27947,9.91,11.039726471437945,11.03920739506032,11.039791405410547
18898,8.49,7.387797233891762,7.389090303119267,7.388357663892005
27494,6.62,7.378948345751234,7.380380549194887,7.379750992223297
24578,14.27,13.516416998427012,13.515960084103178,13.516797064552712
28030,11.49,10.93119787513018,10.931516782336145,10.93091006998645
21202,10.36,10.915942799187722,10.916061566496523,10.915767468271303
7090,14.96,15.386322953829993,15.38633625973521,15.386546924265563
27455,6.76,7.245799803152473,7.249297309195214,7.246373159377625
8097,10.99,11.020839437965408,11.020455277312934,11.02073832777476
17659,6.76,7.246999237119242,7.249609287113719,7.247410627366949
29530,9.63,7.349817043041858,7.3517085302428145,7.350412702519369
24958,9.99,11.032987639469086,11.03280020276392,11.033091878482516
1813,14.96,15.336865036357054,15.337676125671903,15.336888562534526
5053,14.79,13.32405308995943,13.326362382280614,13.324200276799203
4118,11.54,13.453210284831629,13.45007972731691,13.452405859649879
28748,7.51,7.4962129341303,7.497638377834421,7.49737928533192
2192,12.69,11.064411480403512,11.063794563122144,11.06455577694094
103,13.99,13.623589378122755,13.621243217906368,13.623587620756641
1730,8.94,7.342067527209442,7.344090749482729,7.342680524275785
214,10.25,11.12295153212259,11.123634580812158,11.123450468225338
21668,12.69,11.037600341915537,11.036299731466293,11.03750789334725
31224,10.36,10.97335468569883,10.973826527860364,10.97328873310633
5084,11.48,11.04477801896117,11.043535860022644,11.044767876025539
15276,6.91,7.416269204552037,7.418027605602487,7.417290831629238
736,13.16,13.539397748880747,13.537975610226507,13.539054272571203
11561,14.54,15.293835127213207,15.296233050862746,15.2940964341785
16110,15.58,15.334805553589552,15.332063031455425,15.33389000752754
19998,13.8,13.427866513631411,13.425708708211616,13.426990044715335
11543,12.99,13.46840411112395,13.472581170865563,13.46950773318132
357,7.14,7.224204313908893,7.226960392421043,7.224722060257071
22438,11.49,11.023283932558464,11.023383655783736,11.02321203954109
7702,8.9,7.392392887501321,7.39376226098072,7.393181457293269
21265,11.48,10.90959274848029,10.908949879200366,10.909253846364788
16020,16.45,17.007319422816032,17.00117917125272,17.005165626253316
731,12.42,10.981915102123583,10.981227043329849,10.981646011701091
17110,7.14,7.278033194746189,7.280653903131668,7.2785274620785785
9857,8.9,7.298218771584184,7.299803503795307,7.298790992901825
9633,9.25,10.89032465557103,10.891660538147535,10.890214329339571
26053,10.59,11.079430210565247,11.078198548406997,11.079530456880903
22864,7.49,7.310604471773922,7.312471233917059,7.311265537082918
14700,5.42,7.272622537723123,7.274933103182958,7.27302014725265
6751,14.65,13.459512790927928,13.46074311311471,13.459970613016267
221,10.25,11.081320845099997,11.078925202580628,11.081124903192219
15418,6.03,7.264576864573003,7.267912855650842,7.2652214716724295
3257,11.49,11.018955579767654,11.0174868023411,11.018743159245883
13190,9.91,10.943524099073196,10.94430194140972,10.943462300573762
31795,11.99,11.086373175682352,11.086741981246837,11.086634211994847
14409,11.49,10.937209901853436,10.936542996887384,10.936951013199282
5862,15.05,15.365266758094966,15.361532172126612,15.364239355498551
19506,7.66,7.280192250967672,7.283999803487964,7.2809918745163955
32149,11.71,11.012523633905104,11.013405996456953,11.012561293871586
30528,7.51,7.457415498879774,7.4588728642409,7.458213741667736
26726,7.9,7.416423413135743,7.418646775202555,7.4174453511436775
488,14.27,13.558495110108925,13.557084663876758,13.558234485989669
26279,9.99,10.887956072413456,10.888637157503933,10.887621761761848
8661,7.9,7.364559624262935,7.368466552163537,7.365729031856617
13903,8.49,7.329203328076041,7.331161230307167,7.329944378368213
22772,15.96,13.32457901570801,13.326962087243478,13.324783418038567
866,13.35,13.353465211864677,13.351524071461174,13.35243350312705
9071,14.72,13.48849305213339,13.489219665413707,13.488981671023794
6006,7.9,7.4018210269748925,7.402711672147749,7.402532790140272
15420,15.62,15.250142276531982,15.252562646420497,15.250282789771212
22494,12.61,13.436960679309156,13.434815778711373,13.43625482653961
8899,9.88,10.986968740510916,10.987304365360997,10.986888549516522
19813,6.92,7.312100999855903,7.315033331989805,7.31279306051954
27584,6.76,7.417279616281602,7.418183579794793,7.417952661472801
9589,9.99,10.976226435951038,10.9768811932739,10.976168242673864
27192,13.47,13.357561770907655,13.360595121851532,13.357946373611949
3484,12.42,11.030192930615403,11.030288412676349,11.030209815258736
11500,15.62,15.405892882093886,15.407713025254576,15.40663673106571
3309,11.83,11.017727481303842,11.016235167555362,11.017541868629174
19518,12.84,13.449212633375607,13.448425825298132,13.448717035027276
31884,7.68,7.284852539174022,7.287258287863673,7.28525322442791
9630,17.27,15.342345881549821,15.34008482941564,15.341365516350908
5201,13.22,13.76910603365167,13.73582908010665,13.767912963437151
18310,11.71,11.11665497867175,11.117403705142879,11.117053459486346
2008,6.92,7.37710164148782,7.379262442304603,7.378016723662456
27502,13.06,13.383377851128476,13.381484180851608,13.382368153923561
11688,8.94,7.450112794356592,7.45000115926354,7.4508462085152605
19903,12.09,13.45501917360841,13.453623930146707,13.454403396662954
1201,7.14,7.24882670842328,7.251693032371837,7.249457661259052
19723,15.96,13.348990659123467,13.3506460548747,13.349108768630897
10445,11.99,11.014014059111169,11.013603842515352,11.014016317983351
20605,14.79,13.525005949485159,13.525538314017396,13.525521996618682
13436,10.25,11.038093923324876,11.036563499987908,11.038012150750234
2808,10.75,10.883523877217655,10.88422664869968,10.883254731248753
15088,14.96,15.343054178677194,15.345193784205604,15.343474714888877
30978,7.66,7.447479791986717,7.448665151031331,7.44840631507826
22209,9.63,7.323955290951267,7.327512737904684,7.324908135784038
11348,7.88,7.400979223783195,7.403337232797962,7.4018016313323995
6296,11.03,13.446849253048676,13.448608805368991,13.447254208530172
27783,14.26,13.363884905960862,13.361193950662564,13.36278146859859
15076,11.14,10.987500089497091,10.98875217791413,10.987716661565797
13317,15.21,15.274944871658576,15.275730633479537,15.274987484473673
25015,11.49,11.082083583939372,11.08105747199787,11.082149136234273
28363,6.62,7.277984778771354,7.282492981662991,7.2788555847058705
4730,7.29,7.290028172377799,7.292099578864091,7.290479080850455
25427,10.65,11.100350841169476,11.09917456365357,11.100502603563601
13643,15.31,15.373641946286886,15.37461016253616,15.37401179103971
15344,14.26,13.41967982001804,13.42265441248424,13.420297142198741
24772,8.7,10.919394997364673,10.918762284147922,10.91907213856345
6043,8.94,7.369748126871309,7.371666854062099,7.370427371658431
7089,9.99,11.049800600122055,11.048415500675484,11.049744321615783
23426,12.69,11.049279356306776,11.047819625585001,11.049145394499504
26431,7.49,7.39775380685478,7.397785605759906,7.398307357657849
3562,6.91,7.39578583876607,7.396571644590537,7.396462231831162
21715,12.12,11.029091977941896,11.028517340375938,11.029056194288003
7629,13.67,15.365430755658263,15.361569017810925,15.364349955969779
25064,10.99,11.000022560470516,10.999860524843987,11.000096569520084
7889,14.42,15.359903394581483,15.35608475562225,15.35888069797192
20839,11.97,13.481266896807824,13.48259320201935,13.481649607685764
15017,7.88,7.317642635389654,7.3193414081362915,7.318284474054313
17858,7.49,7.403352098839312,7.407474709023951,7.404502327631142
21652,11.78,13.504670530913565,13.504960699811424,13.505112314229706
24401,7.88,7.418697170106973,7.421018099573227,7.419875878144877
7028,5.99,7.389232735456764,7.390031788311236,7.389899469842929
19782,9.32,7.400923080970515,7.40138653787474,7.4015525199883285
13329,7.14,7.279671203667873,7.281173052948747,7.2801525262837705
31551,15.57,15.371960541760119,15.370321621310527,15.37122752327624
11505,6.99,7.281371866763229,7.284014218064896,7.2819526659224545
20351,5.42,7.2596352823148065,7.261000861081941,7.260044366343878
4316,11.83,10.919808518937646,10.92004143729897,10.919667249854879
19491,10.37,11.074553848797656,11.073532391632323,11.074649371028693
20236,9.32,7.41336511696381,7.414738324701146,7.414032285544569
29874,12.23,13.443654967058407,13.44529734489256,13.44409901784224
15885,6.03,7.32889018155643,7.330863175979069,7.329532956033293
10287,10.99,11.01844031042396,11.018564516526432,11.018407325026104
6375,13.06,13.484664448355943,13.48065636864203,13.48369315231388
3445,13.16,13.352864619518524,13.355472859748904,13.353167570236497
2077,13.11,13.33014523857077,13.332327924084483,13.330253728426385
11032,13.49,13.43751391233102,13.435370178199879,13.436693076841877
26287,8.49,7.379319383216835,7.380952345005509,7.380224713080853
14857,10.74,10.917705113945381,10.916933335796177,10.917330742304005
22964,15.23,13.466537250120645,13.467290728448305,13.466448219927614
821,13.06,13.524376554139963,13.523089152688865,13.524086920884024
27057,13.49,13.477871586808355,13.47463421193316,13.47697673000662
25947,8.88,11.059123422645353,11.059231966852536,11.059235975904052
21953,13.8,13.49928046819187,13.50047869968278,13.49967562494636
26759,7.74,7.2711596672593295,7.273498813099076,7.271546050911462
12859,9.88,10.993502118998254,10.993579763816125,10.993601951759238
30309,8.9,7.416072113807559,7.417042234652944,7.416800123443019
21696,15.99,15.284020074947685,15.284353397608132,15.284026307622174
22410,12.99,13.373772336792175,13.375147402671832,13.374038021171668
7342,10.65,10.924830174113133,10.924908712199558,10.924498506009721
16668,14.96,15.375934324544444,15.376244292150396,15.376167090216352
32353,10.62,11.122407569916719,11.119902943646274,11.122357549341327
23364,7.9,7.410486780284933,7.411621868640491,7.4112509570858975
26955,10.65,11.055740455060576,11.05313051599142,11.055434864362637
24977,9.63,7.272471812740417,7.275457317353768,7.273095693277559
5858,12.68,13.395263009500201,13.398217598835673,13.395760202394271
18648,7.88,7.402592721355554,7.405250941572116,7.403666845650432
3379,11.14,11.040056457416775,11.039358183162234,11.040092726557909
6348,6.76,7.373540001184385,7.374442698228858,7.374096736315898
31267,11.89,10.992522296973368,10.992622360917332,10.992583073176373
13731,8.94,7.450359982930457,7.451361135934599,7.451279665019142
21649,14.22,13.4856836759218,13.482384534526847,13.48492470880759
7820,15.27,13.405207375685308,13.403181030978594,13.40453972706368
9143,7.4,7.278748142613977,7.2800480667727445,7.279184623632025
17471,12.53,13.37935454746918,13.377997824999461,13.378500992445607
32162,13.16,13.4720667955647,13.468327962934524,13.471201049640896
11081,15.58,15.337824458409013,15.340141882194157,15.338212093105376
1636,7.68,7.248457100725879,7.250384893322683,7.248934475566201
2948,10.37,10.950797598490492,10.950320439057219,10.950566610954358
27383,10.0,10.974052519921905,10.97360071973327,10.973947613455561
29111,7.49,7.373452855296346,7.375077132596435,7.374072188019277
3081,11.49,11.003759454918384,11.002594038651274,11.003559162200332
21174,13.47,13.513162562183428,13.513245753911256,13.51356449913803
1259,15.23,13.479169833394995,13.47879958461666,13.479436939024733
19178,11.99,10.985930171537525,10.984553007169586,10.98564157668248
7486,10.65,10.97938701061735,10.980161357112278,10.979590442479175
29990,15.62,13.48782387463941,13.485238565315116,13.48707336374903
17262,13.92,13.37840433784064,13.375406020439733,13.377414076580301
8843,6.62,7.272751286483207,7.275175626626237,7.273263861044473
8151,7.49,7.303333714061632,7.30553509756249,7.304069386904967
31529,11.99,11.065258758516368,11.064597352873115,11.065437244960243
18088,7.9,7.324887346794805,7.326256189134491,7.32545382218418
19480,7.74,7.278854494848145,7.2812964862794995,7.279515205620064
10700,13.49,13.381552637670953,13.38386104433583,13.381851637165692
20225,9.62,11.051624909326456,11.049511413668194,11.051446313025851
18790,8.59,7.329557136544534,7.331931138460183,7.330171544889939
6383,11.71,10.99791550635148,10.998189533109043,10.997804191915604
27801,7.88,7.412613038596177,7.413958782226773,7.413498631199049
19800,11.11,10.89105087751603,10.890974377606113,10.890627434464244
7492,10.75,11.014503801841276,11.012594480783724,11.014114867418385
7876,16.77,15.36741586721593,15.363890954589396,15.36643644953331
11026,11.36,10.966692618908327,10.968020807145457,10.966835743976965
20058,12.53,11.015905487018475,11.014729376093806,11.015750627435942
28713,6.76,7.245529804852815,7.248115051421392,7.245919300124984
15072,13.99,13.477273892929896,13.47744084050517,13.477587649551854
5081,9.88,10.860864140521105,10.861558443743913,10.860522489530844
18797,7.29,7.372308430635091,7.372863709263244,7.372870936430125
8114,9.63,7.363791292297719,7.3658033442492545,7.3644621046022465
3321,13.61,13.46111974521954,13.458479614610003,13.46024966796885
4078,12.53,13.481959310775052,13.479292680656847,13.481114835381431
14749,11.49,11.02504830192014,11.023168503713604,11.024718048158055
10725,8.59,7.387991173176028,7.390311510611168,7.388821124573141
26659,6.03,7.372114814864283,7.3737999610179825,7.372966096231271
8373,9.07,7.382802137366262,7.383946338578255,7.3835052507418375
27271,7.29,7.259188971926096,7.261973246126903,7.259675947890082
5143,9.99,10.916797905473674,10.9167070102501,10.91661946704475
7482,10.65,10.981655048886246,10.982237100959438,10.981633576839801
25502,12.53,11.036100405634706,11.035449063865958,11.036242001113193
18295,18.64,17.11457033138129,17.11003751054301,17.112992916433438
23065,12.23,13.553256585858264,13.548157521527926,13.552466192319102
21056,14.83,15.269560234952156,15.265857095612446,15.268310668197223
31344,13.57,13.472473098876128,13.472725807062215,13.472677076154078
12469,6.39,7.248235612041474,7.250531238006994,7.2486117470891385
19651,7.49,7.378276602056123,7.379257799199958,7.3789100103759235
31123,5.79,7.3861019390325415,7.388696132731084,7.386922396514935
27423,11.86,11.100286917936781,11.09953901683923,11.1005253736773
16765,8.49,7.315318060203538,7.318027488148869,7.316008966134395
28168,10.65,10.926522587698788,10.925631533667069,10.9261715330001
4207,12.87,13.466534119104573,13.467324874015997,13.466946317408537
11029,6.76,7.386212977019467,7.387132641740816,7.3868981966222815
25586,14.26,13.501925781425246,13.503116845820593,13.502521008177968
18566,7.29,7.397893989509478,7.397712870365699,7.398407874098013
14337,9.88,11.007494104293828,11.008946009400452,11.007646314625621
6527,9.91,11.012138971685856,11.010166414001596,11.011727687751248
5828,7.51,7.4111046767600275,7.410794353168286,7.411690687483052
20650,9.25,11.00572590262411,11.004957063104605,11.005600584215333
5155,7.29,7.418205817312036,7.41912196101673,7.419038458529996
6280,5.42,7.380644668413029,7.38264409586469,7.381339920587191
22595,13.23,13.38703262226219,13.388369829565503,13.387315915406075
19076,7.88,7.3656195244351155,7.368322883961704,7.366570581735939
13584,10.59,10.994949473290628,10.9959533222146,10.995025940951443
26514,13.98,13.488062418120974,13.490850220946637,13.488762179818742
29224,9.62,11.0303728514544,11.030673256295632,11.0306143444486
5462,7.88,7.311300551896454,7.31498553263778,7.312219228331183
22905,6.03,7.310016523089272,7.311693162220315,7.310638209075726
14961,10.59,11.049409501919328,11.046616100674466,11.049050466775538
23101,10.75,10.921351513310343,10.92121802678127,10.920991543371787
30831,11.26,11.039259020740918,11.038060284704557,11.039214015807914
21567,14.91,15.34988142316229,15.350501308730044,15.350060654132513
22895,6.54,7.292599439736211,7.296165165186745,7.293467963530983
14854,14.54,15.285287690475112,15.281510429060411,15.28402871587355
3542,14.91,15.397825891609061,15.3981693195498,15.398135716923395
1182,10.75,11.06031179596359,11.06121503554083,11.060559108352535
17972,8.9,7.327870542429817,7.330595304271532,7.328554081982384
4365,7.88,7.361932170976151,7.36340434813945,7.362633060509376
26638,12.41,13.463451987242317,13.465105076939404,13.464097980818202
31549,6.62,7.313861684899254,7.315612179103416,7.314511523412126
16032,15.27,13.395555584758688,13.397990922972244,13.39596657110426
19222,10.65,10.841768838324551,10.842673562951248,10.84140813969782
5078,9.63,7.376427505103631,7.377337394158624,7.377074578089507
14425,15.27,13.441212357903012,13.44486678710241,13.441905333686176
17,20.25,18.814535211677303,18.79885245882771,18.808185833015642
16096,11.83,11.034834511487892,11.033777142941288,11.03475406346271
17024,8.9,7.284005469083843,7.285823242435525,7.2845490748669155
11266,11.46,11.040788712884257,11.039864339160566,11.040794635908265
13502,14.65,13.332491981578322,13.333771347935425,13.332549119413525
25746,6.54,7.397229891839179,7.399167952698385,7.39815449404652
14028,9.99,10.96133970748407,10.96194921954023,10.961295432381673
15456,6.62,7.386310887439435,7.389342008317583,7.387327318997742
31032,7.05,7.417755666069158,7.417357046179831,7.418319098718249
13116,11.22,13.393540704348366,13.394791661742692,13.39384003036217
26777,15.62,15.275868250543652,15.278161826039828,15.27607935732561
26071,14.84,15.285589554401485,15.286465000260591,15.285705328518873
8467,5.42,7.272233661158575,7.27444983614745,7.272649943171516
32318,10.0,11.048940863318682,11.050069837234913,11.049324356862574
10803,13.49,13.473689759644413,13.475716990481322,13.474239476826238
4077,10.65,10.936092803076196,10.935611696941349,10.935889722858402
2797,9.99,11.055554717553001,11.054826374096256,11.055657071752865
2979,14.84,15.312422284375623,15.309739900198743,15.311296170654465
852,13.11,13.568673406910879,13.570577282666523,13.569483981676287
2650,8.9,7.258587407467608,7.260020025292532,7.259001870840745
29077,9.91,11.005642805406257,11.005590796296046,11.005526730532065
2305,12.18,11.014279106989965,11.012832295554823,11.014138596103415
17284,7.51,7.248804444437683,7.251269915578259,7.249236316393454
11749,11.14,11.055605384409116,11.054481716836268,11.055597382879188
25459,18.79,16.914943464862425,16.913994893474587,16.91392958911592
19368,7.14,7.251606700229778,7.254134539762149,7.2520799121780035
20192,13.47,13.442870599794446,13.44028939369635,13.441999001642882
27550,7.9,7.268981487398842,7.272228573172634,7.2696263257394955
1713,12.53,11.011362802210664,11.010022494852404,11.011169600118087
2303,10.74,11.008864757702376,11.007633898515333,11.008689430575787
9322,12.99,13.484217888075689,13.480819800735492,13.483470151975476
28875,17.74,17.092544896753896,17.091378823477996,17.092047946908462
12971,8.94,7.324049414731633,7.326521684461342,7.324698019837876
3464,16.29,15.406462171849805,15.402734302085832,15.40561432437094
11609,9.99,11.072641340991787,11.071488190996213,11.072701696708869
7203,12.42,11.00716159084476,11.006854574333612,11.007014052355075
27572,10.36,11.076199941608191,11.075613034037106,11.076487831428773
31226,6.17,7.352615784689706,7.356300012223261,7.353696692298962
24717,7.9,7.411211030068919,7.412425221065072,7.412014526304165
31822,16.95,17.01989231508447,17.016141946932578,17.01812018092862
31076,7.88,7.368138768635797,7.371098980723389,7.369033090592238
25822,11.89,10.986945482589938,10.987233460127044,10.986915064221112
19686,7.49,7.390351489806628,7.390939544472014,7.390929162374242
17637,19.29,16.997516611389194,16.99246607733221,16.995550183443786
21763,7.29,7.408960901644527,7.409673359970311,7.409659720453881
18621,13.48,13.57903606698677,13.57603974376047,13.578696805526981
25396,13.47,13.463074043989138,13.459924335008923,13.462185381736248
24185,6.39,7.30513696591115,7.306303150059585,7.305640256187771
9217,17.58,15.32145510102882,15.322408188284637,15.321597706153163
21375,13.49,13.506067011438198,13.502581956056012,13.505358166229726
17021,14.84,15.269391485154383,15.266380916063753,15.268248434407
2069,13.48,13.297590011365948,13.300772354743678,13.297860189765448
10655,10.0,10.95939270438423,10.958779788351016,10.959234429093064
17019,6.54,7.288529981659933,7.290015166715832,7.28904240263234
9015,11.71,11.031995519210493,11.030713861157238,11.031912261128044
11539,10.99,10.916269239571221,10.915394599487765,10.915914156344725
15888,7.49,7.3049929390767465,7.308178709490498,7.305659538165268
2337,11.66,13.434316169070438,13.435776839171032,13.434611165821018
17724,15.99,15.244953633487402,15.246842696663407,15.244919429828084
24087,10.25,10.997931650269344,10.998160749730102,10.997978603980908
543,12.53,11.037526439880075,11.03851786520599,11.037886558215146
28486,13.55,15.41986751133186,15.415824432095539,15.418922008440074
30374,7.9,7.408002282280892,7.409752682505094,7.4087417654784
1486,12.68,13.46648097106803,13.466584217418088,13.466765359335506
10425,5.42,7.337034168860364,7.340090149548016,7.337826415929519
6200,11.86,10.980075554164422,10.97947946949488,10.979920246632535
31279,10.99,10.957124599800798,10.95615303517003,10.956862672928377
11871,7.49,7.257855247819469,7.260279373275046,7.258245854400915
26625,9.32,7.28078145034766,7.284168099786023,7.281522338445021
14278,14.27,13.53568671672463,13.536510930016519,13.536354515214786
27855,12.87,13.548486649551371,13.54608255197218,13.54809522553202
3143,5.99,7.368728149518914,7.3699304462925035,7.369393042775949
18888,10.74,10.988387050347328,10.98814646608924,10.988193120893941
13388,10.38,10.957031878505436,10.957774046755292,10.957005659285855
28745,14.26,13.634365722355797,13.629820480730537,13.63393279291899
12745,8.9,7.302188572743846,7.303740613302541,7.3027519548221225
8600,10.99,10.875270124122448,10.875794443555804,10.874885613678419
16846,9.2,11.024347542266648,11.024507836024043,11.024312747965324
19177,10.65,10.99095750162091,10.9907935408664,10.99079932546781
28025,11.14,11.047178745252989,11.045266056505582,11.047010770848813
25975,14.27,13.55601939302267,13.555539027286304,13.556540394731051
7223,13.16,13.478457125088418,13.475119921636777,13.47767124276605
6433,9.91,10.95644613036089,10.958494975735565,10.956686585177287
23461,13.49,13.391927048989771,13.39001014342314,13.391070046855315
2523,10.37,10.982835731805158,10.98257270333653,10.982626610537055
20207,11.12,10.986631133899596,10.985629641755839,10.986419691585786
5622,15.31,15.331633426967162,15.33300951017038,15.331748704870229
16583,13.22,13.470818595819917,13.472431184939753,13.471280487994434
1950,9.99,11.019100602143585,11.017519925447912,11.018845595808127
3751,7.88,7.258970316108054,7.263122009070138,7.25976870017994
13096,11.71,11.056465658496478,11.056621875856681,11.056523704101354
23077,12.61,13.381558632689933,13.383400092391206,13.381805658045515
1471,12.69,10.98604356525992,10.985612728008897,10.985853737362739
4979,5.42,7.267991180864885,7.2700542223996525,7.268574463749709
19335,10.95,11.042252393216527,11.040385395518548,11.042080020961844
10338,13.72,13.380374230391197,13.383906751873177,13.38087322262172
27832,9.01,10.916651914333638,10.917337350586294,10.91624420714711
22036,7.29,7.393957092202818,7.39502779995183,7.394674905237935
31465,11.36,11.086145090148396,11.08523378834711,11.086318117673365
16547,12.53,10.985057137408008,10.984619587860745,10.984926908602503
17965,13.92,13.44643293203607,13.447927755132987,13.446919305670814
5359,6.62,7.267772924287698,7.270228009550899,7.268226692844815
11218,10.65,11.04136855660878,11.040397495449108,11.041373107857943
30634,7.51,7.34972360818883,7.351808216455391,7.35057440861435
10577,17.93,16.974331445041145,16.974402890938165,16.973555749538086
12996,7.29,7.339519191175544,7.341380072286138,7.340288224193886
20941,10.65,10.998983206358773,10.998704159641504,10.99894837774307
13398,7.88,7.336754850308766,7.339792880947332,7.337607689257114
11947,13.11,13.47323574843951,13.471753304964592,13.472621184127744
11553,7.51,7.408375946400876,7.4106291063780265,7.4091986619744645
24329,8.9,7.410483204900817,7.412655539103338,7.411588217651418
18219,12.53,11.11708919211845,11.118221298020323,11.117647982947368
25099,5.79,7.481292264372306,7.480853488076551,7.482089909378221
31944,13.11,13.45706597278759,13.458845876584393,13.457696726694643
26824,12.69,10.983870586507392,10.983228389243337,10.983805594145698
445,15.62,15.502310771698756,15.498870636669476,15.501852470911441
6203,12.53,10.910131477163086,10.909263266808424,10.909753847796813
30115,13.99,13.52121452202794,13.521028115921712,13.521643282174079
11887,11.99,11.044528415760396,11.044462065300833,11.044523040868526
27786,5.79,7.4675472096120625,7.469911538390949,7.468634283735562
18896,13.22,13.442238694877004,13.443199356297356,13.44248953627174
28060,10.75,11.138055985956706,11.137388520437728,11.138442087497948
25447,15.99,15.296473571040561,15.299303900917373,15.296874159417703
25719,11.99,11.04151875490578,11.041992658834019,11.041716750425634
27012,10.36,10.919040700526873,10.919294958898977,10.91870909333089
28265,8.49,7.374845762827658,7.37716588289803,7.375736083668835
5731,15.27,13.435832741765712,13.433859921046391,13.435035686178296
23910,8.49,7.363809803490656,7.3671084607090735,7.364663122684216
26681,6.92,7.399302970838659,7.401714789314777,7.400243877570224
3283,16.49,15.328250066503028,15.325490806769258,15.327158229941677
27136,7.51,7.450379929007237,7.452490933965378,7.451647157081656
20339,11.71,11.023221258488757,11.021789818567338,11.023059990842233
19598,9.99,10.903116370906623,10.904702520211169,10.902991396619262
8898,13.06,13.452876067796598,13.455364750507188,13.453683648428743
28300,6.62,7.296686749349113,7.298418392881602,7.297277609545567
21027,11.36,11.016331632459673,11.016532290440821,11.016311995690318
9400,11.71,10.885082533175707,10.885091150394098,10.88464001784633
14951,13.61,13.515189922775193,13.5127174400012,13.514715473109991
25391,15.33,15.364714095402714,15.367478927836345,15.365317710162628
6454,10.99,11.016772895609318,11.015852162711397,11.016686695017064
1828,12.84,13.352557593810364,13.35086195757049,13.351610573155167
27349,14.96,15.425440180771563,15.426003984578518,15.425912212305487
24999,11.99,11.06025791811433,11.06283536924871,11.060932596871156
20126,10.65,11.065961550365975,11.065302645328796,11.06610672089655
10512,8.0,7.249711593952544,7.2518463535006505,7.250062994686481
27900,15.83,18.593099593126986,18.583763238716053,18.587508808863763
23662,6.99,7.302942549246934,7.305986959976119,7.303711156332201
2888,7.49,7.269473707627824,7.272130173427201,7.270021643009062
25532,10.0,11.062095439103892,11.059106238707116,11.061807393411348
23839,12.29,13.501486642511981,13.503258674909933,13.502108781754446
15767,10.75,10.990406291520678,10.989960757563841,10.99036442688174
16564,9.32,7.3842510778331585,7.386132563837287,7.385090912169034
29587,16.77,16.965874221617206,16.96071801850797,16.96372259378946
9994,15.68,17.00500637942854,17.000260147961015,17.0029921740741
15202,11.12,11.041215646647778,11.041025197892854,11.041379546401021
27144,10.99,10.938553650458976,10.938662285892374,10.938396082157336
5223,16.45,17.043153570134358,17.041020024298383,17.042275703147954
28122,10.99,11.063816372358755,11.061829302093285,11.063728385410467
15228,14.42,15.30573308305791,15.304199884151142,15.304880807436657
18476,13.8,13.570321794792466,13.567595443146562,13.569970872492513
27056,19.16,20.198087445929723,20.149699725099154,20.17090560406621
12039,13.22,13.457214560966339,13.45556476396245,13.456576158988874
31563,7.49,7.266969928142445,7.269455967363374,7.267474063853664
28832,17.99,17.265419367843904,17.263013619686394,17.265438153522304
29335,10.38,11.152899727139204,11.15280301327713,11.153290985639472
9638,13.79,13.46295301366479,13.460006512444675,13.46222511974468
21236,6.62,7.271517205782751,7.274164288939955,7.272176736220193
21584,12.84,13.480938292784284,13.477958769628644,13.48023175002269
546,6.54,7.410929673887856,7.414090857073944,7.412141805577122
17208,14.61,15.366680676775825,15.362818203233832,15.36559435905447
5117,11.83,11.03516893941849,11.035198956509438,11.035143072984674
29198,11.48,11.464644828365422,11.432572186878675,11.4643809016477
23711,7.51,7.27303576825505,7.275548109419187,7.27357355944456
26962,10.99,11.092768651900915,11.089522443783906,11.09250090240847
23358,18.39,16.94163436086852,16.936801213263763,16.93946975401744
24979,8.49,7.374523468616099,7.37639877232945,7.375362208426832
9431,13.11,13.481114134934101,13.477792765189655,13.480358247887494
30354,7.29,7.387385092481225,7.38893946269102,7.388173547817566
17138,7.29,7.415446060050826,7.4164637416246215,7.4162475638425
13694,7.88,7.269570499209049,7.272077153349621,7.270047891820285
14195,17.43,17.007803323928254,17.006653295998802,17.007158209228496
26908,13.49,13.34809489617668,13.349222920941564,13.348179282276991
30643,11.48,11.081801614106306,11.080183465533999,11.081794166365992
2565,11.89,10.98021429973052,10.9799890209726,10.979995280137054
17382,16.0,15.278454277997099,15.276164027591214,15.277303340991248
7120,12.99,13.489022601158325,13.486677211542679,13.488284117307135
12219,15.62,15.325911084215416,15.328502573947272,15.32636676547451
32130,15.2,15.281718891971188,15.278903483937206,15.280548421338485
3203,13.98,13.472751379288992,13.46991428013996,13.471880155920774
25555,12.42,11.07039874281918,11.069375106982507,11.070472386916219
16927,5.79,7.271368906715285,7.274428182309698,7.271960094606509
4121,8.49,7.419852737228724,7.4194432599606746,7.420439381900368
21033,9.45,11.009413592389725,11.008974431855304,11.00936515235082
30740,13.57,13.466368064362758,13.468641139726248,13.466898773977622
15747,11.49,11.080928876215857,11.08040069005813,11.081156724490434
2668,6.03,7.333843639630681,7.336175772355137,7.334503706271081
16790,13.79,13.468919189062902,13.469312852687958,13.4692766037278
6338,10.0,10.918366102921082,10.920487644830903,10.918491341557843
16508,13.22,13.462910375962565,13.465543428306162,13.463620406293014
7701,12.69,10.999454591498225,10.99899075751792,10.999376372548962
10013,6.54,7.351793587531461,7.354201330303934,7.352629069589473
27799,16.77,17.137542052407497,17.13747853298206,17.13735443400041
16208,17.99,16.95243915381742,16.951165553694885,16.951557799733184
14534,8.63,7.314351718296934,7.316135716022388,7.314981942631491
10580,5.99,7.4451013143521205,7.4448581672964504,7.445803112464817
14354,13.85,13.447401473566336,13.45052597234074,13.448070319614349
21290,12.68,13.439478537596386,13.436581433117238,13.438665776840779
23070,11.71,11.046767224254758,11.045464323742863,11.04670776636592
16812,12.69,11.005788573355147,11.00441811526588,11.005575117239685
32147,13.22,13.545620294371444,13.547800057922174,13.546389245713852
30647,7.9,7.368879858584713,7.370956371775893,7.3695437860447806
30358,9.32,7.379178864734798,7.380967051062105,7.379944590016162
19837,7.88,7.252424962483384,7.256323376111028,7.253184038496037
22288,11.54,13.435142036270657,13.433574243306166,13.434420564569695
3908,12.53,13.370784748721857,13.37182670674797,13.370968237871496
8608,8.32,7.281581611745372,7.283243019984127,7.282105775161954
4504,6.54,7.356826492483165,7.359092848117708,7.3575536592114
31127,8.59,7.339808465654591,7.343388260132841,7.340641775870381
3690,10.25,10.985719179568232,10.984805131452747,10.985535065201011
26435,13.61,13.526388283629082,13.527664782548825,13.527103995883586
15618,12.53,13.541143520553458,13.54199522960733,13.54184179850714
13444,9.91,10.980289000183777,10.981123777825399,10.980299729736043
9954,7.9,7.390953927331709,7.392429314382927,7.391740402841725
7598,10.99,10.926665922781694,10.926242781792038,10.926442691009953
17160,7.88,7.336284352767517,7.33933183668435,7.3370911458293
32343,16.29,15.461198743849142,15.462844179168348,15.461737857891382
3655,5.79,7.247920666545422,7.250521136938813,7.248386367689563
4320,12.09,13.468062817243098,13.468904707513936,13.468483877761528
30827,6.62,7.287878903702496,7.289828957665692,7.2884813087399385
8090,12.87,13.47429741717195,13.475892145299182,13.474751617807126
20693,5.42,7.379681640180574,7.380490367411718,7.380320721508468
23707,6.17,7.298376186238799,7.30071459972291,7.298922012358507
9426,13.79,13.495106981494946,13.491556816176065,13.494361833622847
22563,5.42,7.405571370455203,7.406687394576333,7.406303946591321
6078,9.63,10.914030579027726,10.913242685016373,10.913687303058902
4159,10.99,10.897834142421562,10.897320708306278,10.89746477145396
23988,12.21,10.925272176888887,10.92394389588672,10.92487021555259
4070,11.71,11.024674575677128,11.023018771573708,11.02446386081228
11443,12.69,10.978948552508367,10.979828682851249,10.978987659730661
2003,12.23,13.4410489774065,13.440108590481302,13.44049300880926
28631,13.11,13.40730272718155,13.409934422170794,13.407715128548041
20356,7.29,7.334474701865955,7.336338316568066,7.3352297090997896
1915,7.49,7.357277346083717,7.358874954571651,7.3578338538955546
13706,10.99,11.042627686423838,11.043159726748893,11.042814974013204
135,7.9,7.339646094137371,7.341601801129357,7.340196319418333
7906,7.49,7.30653597531062,7.308180146490427,7.307161351759709
32203,14.27,13.444700916419746,13.445487637321897,13.445025564826022
4739,7.66,7.420111497288843,7.420347855208483,7.42080325838251
9563,12.53,13.365859859830218,13.367847278627593,13.366082297163434
25526,11.11,11.073443057871867,11.07084800649747,11.073277096281942
4582,7.14,7.266014256050324,7.26890469351267,7.266606646261782
19450,15.23,13.440610072888155,13.438033877274428,13.439682612293947
22392,16.77,15.415624419299,15.415486996459,15.415744106845178
9571,5.79,7.280184049287123,7.282015210151484,7.280713412456941
10304,7.88,7.30928166021503,7.311244245634425,7.309947469581382
18687,14.72,13.514594682103532,13.513150395109324,13.514171745783305
18556,8.88,11.06659375364873,11.066562265286043,11.06686898985628
27081,13.23,13.44803790145179,13.449270561633046,13.448289873602718
18251,13.67,15.481144580544806,15.48321552617051,15.482007629439462
3609,11.11,10.962063235135682,10.962630078767909,10.961964048914792
11870,5.99,7.404669436618889,7.404292049095816,7.405157089040365
30377,11.49,11.038428931164294,11.037591540215423,11.038397223069596
587,16.0,15.33210161913901,15.33185216735699,15.331511088051553
432,13.92,13.58903294744448,13.586367413269972,13.588831114163591
5844,8.49,7.40896258187023,7.409740004885785,7.409727856248912
22643,17.58,15.28167036871132,15.278000156844652,15.280418282198404
8649,13.49,13.454523631464642,13.456093551702775,13.455043266398826
28333,9.88,11.03769980378508,11.036499432686291,11.037627541076253
29723,11.48,10.921408366285052,10.920664092708371,10.921039184234408
2815,6.99,7.355739981999045,7.357499228277495,7.356324273413364
8336,10.39,11.018236247809462,11.018187127511041,11.018176070441093
496,14.11,15.238988386323637,15.239952850466839,15.238954438643912
22826,5.99,7.293624438110231,7.294978398742622,7.294129122524602
25356,9.99,10.92461357752916,10.924228503732405,10.92419857909982
191,7.9,7.48168517612492,7.484676816565608,7.483003706013426
5979,10.65,10.917471898289515,10.918176038298656,10.917305424571826
4571,10.65,11.045794815701084,11.045505127190687,11.045777728428952
17619,13.11,13.485717318832812,13.482988468036048,13.484903369883355
17821,11.71,10.912915900164409,10.912231819862651,10.912581585385102
16759,9.91,11.014771110997227,11.013890671841775,11.014664618821074
4152,11.49,11.009301022921136,11.0079316594823,11.009118501689521
25190,7.74,7.288388695644625,7.2910028996822795,7.2889141768719945
5871,15.28,15.376164631315477,15.372093943538479,15.37513378512849
10837,9.25,11.01456847103383,11.01490292655888,11.014582245216726
12869,15.33,15.314326416008111,15.315881311369505,15.31448058067826
777,11.14,10.857628874268014,10.859842618324278,10.857469266782246
14970,15.05,15.386753433497063,15.38784819715859,15.387187299601596
19956,13.49,13.456242522659835,13.454270461204327,13.455643852693406
21647,10.59,10.990303601156711,10.990557657648235,10.990192400501524
8597,7.29,7.331250801878775,7.3332470766084645,7.331962069046604
2454,17.19,17.029202042647658,17.02356932502945,17.0271258633312
19265,13.99,13.474755808478207,13.474951721368232,13.475088950830486
16908,14.74,15.373546165047511,15.37410313272427,15.373824714158143
19224,10.74,11.034728104632716,11.03537267536886,11.03483519758753
10890,7.51,7.373211845938021,7.375677332632058,7.374017755144398
26724,7.74,7.313170639124166,7.314463989789676,7.313692940693827
520,11.71,10.864170392507862,10.864221811661107,10.863827312828207
23146,7.66,7.369839077531934,7.372617772415773,7.370697716261105
32332,7.9,7.426878326961725,7.430321407777256,7.427965354340087
7897,8.63,7.383100608926748,7.385415147106072,7.383841283157426
5977,7.29,7.373281604857828,7.375115679510498,7.373953536849949
27620,12.72,13.419182798212734,13.422125855414471,13.419808778165267
13038,14.96,15.379485232306102,15.381124925793074,15.380106273885861
1367,10.36,10.999676061178132,10.997997643777904,10.999390861572506
30541,18.79,16.90138617819487,16.901252305100755,16.900377730240102
22633,7.9,7.306179508831471,7.308855788209179,7.30678393743055
8468,6.92,7.281527758403544,7.283693589182905,7.28201540287277
10280,7.88,7.426551605297732,7.427354156505971,7.427351134056611
3059,14.26,13.441749674958178,13.44258920578248,13.44209850325424
10291,12.21,10.94549702500445,10.947554031616187,10.945718291317132
2270,14.26,13.475111448385231,13.47379477116112,13.474547723315142
15781,6.91,7.431335468993037,7.433890107110549,7.432349318181507
19966,9.63,11.106419757912382,11.104952825857122,11.106530144824983
20480,13.49,13.471805681643179,13.468656123289984,13.47104209603405
31691,6.03,7.290797932532449,7.293833673861566,7.2914174074053655
17091,12.73,13.397144212526445,13.400410687847046,13.39776594070117
20680,13.61,13.407200320050027,13.408342668528368,13.407558235019568
28736,16.77,15.420849606553915,15.42303526326061,15.421461514377686
20729,9.62,10.988225938970002,10.98830664212445,10.988080410965944
19213,7.66,7.289835239548519,7.292024475278746,7.290504913690436
20697,13.11,13.392308216288157,13.389457008072641,13.39142674502775
2226,14.91,15.378736413696313,15.379769584999659,15.379128082934333
2903,5.42,7.262034005754699,7.26480438078061,7.262527227820013
2781,10.99,11.027853772811056,11.028082933972833,11.027905614819705
10459,7.51,7.3479023185661925,7.350158940479375,7.348716684078278
16492,15.95,15.498550245964461,15.495211576690055,15.49802471323369
4720,8.9,7.337015133458628,7.339508165058854,7.337679094021605
8613,12.87,13.451825789888549,13.449420322341625,13.45114415011318
10929,12.18,10.93914085986126,10.940609986442155,10.939242009130101
8992,15.23,13.434343404487738,13.436950298111629,13.434894620466867
14113,7.88,7.445025417169464,7.446351638654093,7.445977990084936
14605,13.72,13.463432014037888,13.461057676143836,13.462898794356748
4828,8.59,7.268509266587439,7.271519875133769,7.269069690494603
1227,12.99,13.45841358749227,13.461543387813734,13.459129095447489
30936,18.09,18.581974998406537,18.567643809082828,18.5751079365665
9698,13.06,13.512588888934763,13.50901789499872,13.511882959903353
26876,13.49,13.555924852660025,13.555356765790657,13.556391634381106
1595,8.32,7.3712290138967465,7.371804775594222,7.3717759348992695
6636,14.96,15.346260182448512,15.34675384780018,15.346405374939334
12584,8.0,7.3344311934427076,7.335771713636303,7.335080860499283
9860,7.9,7.326983672711104,7.328840843354609,7.327721203351679
21566,6.91,7.3738921314147055,7.375227330164907,7.374590469829825
26095,7.49,7.313647407992445,7.315544651569091,7.314302146693706
32489,9.99,10.934257177332743,10.934214097307727,10.93407392192153
12911,11.49,11.072956347615676,11.071924450348646,11.073051416328385
26203,7.14,7.245434129035465,7.24872202558825,7.245999316471633
29847,15.62,15.241714134298926,15.239202827632681,15.240568838290631
7584,5.42,7.26932052202678,7.271368276937358,7.269692647879813
2320,16.69,16.96152102895953,16.956418160202077,16.95928462922288
29171,10.99,11.230568715315814,11.229122923518185,11.231108144416037
24512,12.42,10.924245561390709,10.925907770413952,10.924312861849241
30415,6.91,7.322803249734161,7.325275555148647,7.323466412382134
24810,7.51,7.438352834061961,7.43920640033698,7.439174924510541
25723,15.62,15.394479297866019,15.39131010946329,15.39377892636589
23150,11.14,11.029131151352797,11.028250056424111,11.029070462917742
18511,16.32,15.336388304062806,15.337065047956726,15.33642119997836
17930,7.51,7.314215858532403,7.315654233913899,7.314679286606261
31227,9.25,11.048202740188419,11.04938211656996,11.048573847505153
13334,11.86,11.010866177446356,11.009508567559092,11.010667728958978
8235,15.62,15.24066584481686,15.238648234076333,15.23947825630552
31255,10.25,11.042742449702608,11.041084147782595,11.042578784972001
14071,5.79,7.280646664458484,7.28335741059138,7.281197900276036
31696,6.99,7.31629021610701,7.31866864841781,7.3168282442852375
28034,11.49,11.06150145080261,11.061032144659428,11.061458179297476
6268,6.03,7.3822499752037665,7.383376162482983,7.382971219420302
9120,15.33,15.464580253798049,15.460501380474424,15.463904036161146
20027,6.99,7.338942512998535,7.341195436517071,7.3395675983633035
28727,17.93,17.033420887639302,17.033510099897086,17.032928893542547
15397,9.88,11.063162567178939,11.062649378579705,11.063339183871166
19402,11.49,10.998211384422508,10.996977898094386,10.997995286413339
32161,16.29,15.437131855040937,15.436972716165204,15.437473081185594
7147,8.9,7.389248058849773,7.390542331341143,7.3899942257666
5696,12.42,10.917936653105723,10.919100959141137,10.917794460706922
16934,7.4,7.284357932437219,7.2857522705424556,7.2848227345359575
27682,14.72,13.523349852799399,13.521436141319276,13.522861795581925
24643,7.9,7.427040172517783,7.42800932591273,7.427861435554034
17104,9.63,7.3703125019390985,7.371696027610249,7.371117267091076
4697,5.42,7.280016360044446,7.281980300846314,7.280599193535166
17699,7.88,7.2445051882525515,7.246802223413271,7.245019178345236
12195,10.99,10.986522501566814,10.987669041711353,10.9865923580251
4945,15.21,15.359942210445082,15.360294808687366,15.360126874808756
10474,11.48,11.00756025805899,11.007174840273887,11.007559756475349
30630,7.88,7.360909250415352,7.36335204129891,7.361755046202833
4863,6.03,7.361039471830356,7.363107743449846,7.361676433581412
9691,12.53,13.41859168408143,13.42171203747284,13.41923786552667
31134,5.79,7.270611383446813,7.273474323847965,7.271178766316944
20715,17.99,17.032695091995002,17.03133939589454,17.031803232834342
22048,13.61,13.488067595770673,13.488639482092697,13.4884853501283
6372,7.49,7.273917113744721,7.2757673174955855,7.274456849872101
24300,14.61,15.333006708560672,15.330407449958045,15.331918799881816
17093,7.9,7.3943593453997565,7.396377748876884,7.395306921877986
26930,11.36,11.068875817846932,11.068355054877962,11.06906529326088
4678,7.51,7.424426453429527,7.425377071226763,7.42524741003095
26584,6.99,7.328816108883398,7.330540559781819,7.329472840994889
19930,7.51,7.241484870550799,7.244043015881023,7.241876915457674
1104,6.54,7.430794445476855,7.432644815334014,7.431827049236546
22044,7.51,7.2824440783614985,7.284965921991724,7.282948439481763
16826,10.65,10.929743559876789,10.929301621408905,10.929523640119916
23572,13.92,13.446260700643261,13.44832451516206,13.446824692197527
25112,7.49,7.386920470607846,7.388928198582045,7.387804113571753
11271,12.99,13.493521877772304,13.49059957399357,13.4928939805929
9567,17.27,15.376298542658516,15.377641377858156,15.376539251286577
27924,14.65,13.38527826779913,13.382815882394048,13.384424581839067
12894,13.22,13.448416802870295,13.451100756427177,13.449104370906692
22938,12.69,10.916399938385775,10.917572801139407,10.916324817090938
25150,12.21,11.107294468323614,11.104433933024058,11.107180891695634
16135,7.49,7.306103023986039,7.308878537500333,7.306699475334371
9896,11.48,11.027686013203823,11.027685295016505,11.027680563807921
29340,8.9,7.406377520732516,7.406796250073958,7.407047672271777
2498,7.9,7.351518190124625,7.353710317091776,7.352133898853764
6624,11.86,11.016011650992256,11.01584325938905,11.015882186952968
30788,12.84,13.509668993549791,13.506472966663846,13.509032091927537
28700,11.48,11.12515992982146,11.124336490181733,11.1255071865987
30126,12.53,13.498875603797673,13.499249679612383,13.499321206315678
29283,11.49,11.153302205221927,11.15359939788829,11.153727261427484
25389,6.62,7.441378137766739,7.442584277543987,7.442288931782546
22918,9.91,11.026132782755033,11.025381990547427,11.026118565171284
19503,6.99,7.443245894553389,7.444362717019241,7.444160188224971
5906,11.36,11.014073617019305,11.013066130390783,11.013971175607043
28410,12.84,13.483885518442088,13.48565671690449,13.484535576837954
12737,11.99,11.033064534807236,11.033419316036543,11.03313514520716
3953,8.88,10.893548595555085,10.89300816467943,10.893198114479695
118,9.64,11.062350004247193,11.064204286550119,11.06284692746836
26978,15.62,15.300747038368407,15.297270822100886,15.299598359578916
14646,8.94,7.325827561164724,7.327451633481791,7.326503734326009
4847,10.37,11.005491729246573,11.004510830629824,11.005338263582438
11048,9.99,11.006425318020925,11.005320603206066,11.006217732497342
8795,12.42,10.99248448192425,10.992870440361726,10.992390282908076
22106,11.91,13.468154237828323,13.46602056307593,13.46743583961075
955,16.7,17.055435005337763,17.055421027032594,17.054913629162908
5719,7.66,7.336358646098683,7.338796286132562,7.337020595088048
21166,14.27,13.449828178884676,13.451812981804812,13.450285180143279
9405,14.65,13.464999348283555,13.466941682797408,13.46553830651715
24214,7.88,7.304213170220697,7.306363913995327,7.304736588467316
32272,12.84,13.362517639836748,13.359147998700543,13.361427467911186
13260,14.72,13.452227811364367,13.45497425833711,13.45289139293525
27156,5.79,7.3272846915311405,7.330098165732545,7.328048022060469
2796,13.11,13.474892613255637,13.47306125819085,13.474277815059576
26646,7.9,7.377814921949887,7.379354792744478,7.378392395241634
7143,6.92,7.282063719504975,7.283496430075691,7.282557178024958
24352,13.49,13.366036229976599,13.36816410342919,13.366229075788585
19771,11.49,10.937218224283276,10.936189275977405,10.936899465446308
16605,15.05,15.277973042943962,15.280438268155898,15.27822154420064
25084,6.54,7.36278393412238,7.36606906375626,7.363687211783248
8454,6.99,7.35753474542088,7.360112146492771,7.358338381659974
10791,11.99,10.992534976754898,10.993763380906344,10.992745677148982
12063,11.89,11.01906876740524,11.019782737780462,11.019203738619872
3871,10.14,10.993683070208672,10.99268446997622,10.99349692093081
24792,16.89,15.356265319793357,15.353535423226734,15.355509164822145
21276,13.16,13.477075699675048,13.477716315952488,13.477484409157434
25926,17.93,17.03501867392247,17.033511137596452,17.034398936370927
15218,15.68,17.06533099529397,17.060074232442393,17.063573435221006
19198,7.29,7.4393749054405305,7.440930403380865,7.440331779827377
23481,17.93,16.93257109478785,16.931594264387847,16.931651551351443
31360,11.99,10.900363523114137,10.900095586312556,10.899977853497798
15777,14.27,13.542297815919355,13.539263868706394,13.541828281116553
29765,9.32,7.296465930104774,7.298778455553601,7.2971536489180115
16650,14.79,13.326279093540169,13.325516664003532,13.325458324335273
5411,9.25,10.893804648126954,10.8941925899118,10.893433660839547
12383,10.62,10.99921967015524,10.99943457720745,10.999367071511733
22998,15.23,13.39724717152752,13.394147627204369,13.396328661187518
4837,8.59,7.2381464119369205,7.241754339752469,7.238795620521288
23210,11.26,11.30479797232811,11.275688448365738,11.30449523267483
28634,13.57,13.518996425466439,13.519731809552145,13.519530178385839
22315,6.54,7.3862067166344865,7.3878624702347,7.387010340898912
11569,16.02,15.33883985972194,15.340852461799228,15.339177116270992
24013,5.79,7.3912897164533415,7.392774287194133,7.3921096522595215
24062,12.53,13.478214640912697,13.47581979291892,13.477618876866831
7815,11.58,11.027064258734063,11.026101122670578,11.02701236857753
10450,16.29,15.272749608482371,15.273715284509887,15.27283681896667
6007,11.71,11.081755911968118,11.081555013139997,11.081968077246838
30348,15.21,15.431588241862716,15.426436570683002,15.43055943792498
9521,16.63,16.972370732299332,16.967896344467547,16.970515633609807
28628,10.99,11.040901852313814,11.040995545967066,11.040968652253122
30621,6.91,7.452235820886569,7.452367468894317,7.453026387168425
2557,12.21,10.970383058469443,10.970579026578628,10.970250321780023
26875,7.49,7.4047172253784295,7.406991892677762,7.405626768500247
24845,9.99,11.039476460179278,11.038800641501098,11.039486614024025
22035,11.49,11.058051678229816,11.056747256959593,11.058015679660283
25149,12.84,13.398710550586111,13.401785831112239,13.39932927840395
21482,7.14,7.260657059934328,7.264051785310272,7.261259686744049
11514,8.49,7.290612675040546,7.292153519465742,7.291150460557952
29107,6.54,7.3409916991565245,7.342385688280324,7.34163978447849
26462,11.49,10.960827934696095,10.961265422514762,10.960657677950447
8043,8.0,7.2517354589723135,7.2552623061453385,7.252413932759263
14621,16.45,17.010001325551784,17.00668576562341,17.0084244017457
12734,7.9,7.41954974156641,7.420947428433721,7.420426854801524
21658,11.14,11.038672854385727,11.037592260708973,11.03862006522602
13209,5.79,7.37252503321556,7.374588461219502,7.373292181741482
5534,10.25,10.98157510087164,10.98196522525835,10.981496140744577
27054,14.09,15.355932894910648,15.356625561303561,15.35597605042365
12555,11.86,11.060172516035891,11.05947902334784,11.060265080788865
20546,10.99,10.989856499420458,10.989077893641344,10.989513074366847
4646,13.67,15.3876938871379,15.384301602281898,15.38668398658102
20276,6.99,7.3751977811538945,7.375800066960777,7.3757802512722845
17494,6.62,7.410744706229603,7.412830910485576,7.411657650067082
31780,6.92,7.3317121778023555,7.334393954747594,7.332362635516797
6131,11.86,11.042067421336005,11.03926508716837,11.041725030862324
21556,12.18,11.005026185829061,11.004621998069062,11.004882173033575
541,15.95,15.418276488886606,15.419752275855691,15.41890917327133
14973,10.74,10.94203321240106,10.943163336187823,10.942043910322871
3980,6.17,7.381316453885401,7.382810208876542,7.381950672099009
5536,11.11,11.011403651322492,11.010924339807401,11.011241256948063
10919,8.59,7.371882346010569,7.372996968791143,7.372476548553474
6906,15.68,16.94306664106044,16.9390960430501,16.941006684489732
8869,12.04,13.471948625502755,13.473945116364977,13.472430619921742
32183,18.39,17.116711016595524,17.112243749009355,17.115361538874893
29922,11.49,11.06665208467345,11.066643025512935,11.066763737469799
27509,11.83,11.044155353765632,11.043991602221247,11.04441342280835
22944,8.9,7.326633953097466,7.329162922365402,7.32738079989085
24251,10.71,10.984875801094454,10.985698912875774,10.98513694028729
734,16.0,17.11602288327378,17.110738207811046,17.1144495039341
1110,9.91,11.052083195306615,11.053116233827463,11.052333778279326
4905,7.74,7.378273981257559,7.379581102335351,7.378987167452775
11702,9.63,7.413303081693611,7.415525226922285,7.414129985912129
8065,11.28,13.383139002410747,13.384194868981055,13.383374227386536
27712,9.63,10.985718276944887,10.986464519973024,10.985719814197271
22503,9.63,7.371526050787215,7.3737711327239115,7.372266185611841
28923,7.9,7.38828500435801,7.388626038345283,7.388861822755518
6555,10.59,11.040160666931197,11.037606849132825,11.039844719480447
24433,11.89,11.020967268843876,11.020392654473483,11.021078387674706
1155,10.59,11.077705988689832,11.077793463335421,11.077909098036343
20146,11.49,11.024301783906342,11.023034023893791,11.024173245207487
10311,11.34,13.418065763628292,13.417328377045003,13.417487178867392
4961,6.62,7.297713896271949,7.29911268090337,7.2982747241860135
4614,9.32,7.407559942143305,7.409795599869755,7.408342362947412
4714,11.49,10.90047365580325,10.899581316473174,10.900040165041135
8283,16.77,15.232750652464514,15.234751091786718,15.232702121641687
30486,8.94,7.450543633113199,7.451048237843361,7.451313944084217
3703,14.35,13.44736875723919,13.44844387547127,13.447768640861828
362,7.9,7.565084470832238,7.566537392709309,7.566504728635667
29409,11.83,11.083299952145037,11.08390533544561,11.083637106065758
13974,14.74,15.282534902420593,15.278961355295138,15.281312826489089
7745,13.16,13.461752094985265,13.459881099903987,13.461018734326698
7674,10.99,11.059430758493377,11.057203995527345,11.059300066029522
20603,7.14,7.428162098433901,7.430271519324388,7.428969757320801
18767,14.74,15.245018554770265,15.246584614451535,15.24494546016994
31420,11.48,11.058960695601925,11.059215631071758,11.059097351858796
21573,7.14,7.350117742234935,7.350996831639197,7.350544601425217
2522,13.11,13.443863754775542,13.441346548297515,13.443002194994715
9169,11.58,10.948700251616643,10.948608246334365,10.948528936111293
12282,7.29,7.376940415182751,7.378948235453079,7.37780080386395
20675,6.91,7.466929821517388,7.468802294688867,7.468098992543558
17750,9.63,7.278500882076247,7.281438991880611,7.279145302194474
24848,10.38,11.051320767293529,11.050308707083907,11.051314602100156
19459,12.99,13.499255833645075,13.495589874494542,13.498506303620918
12251,14.96,15.348102379232143,15.345511088180176,15.347258286845648
10696,7.66,7.380674651353278,7.383007235471396,7.38148808004578
25244,10.99,11.0285312968901,11.02854130168809,11.028758866025687
11423,7.14,7.305688449486602,7.30714511341898,7.306274469640763
8676,11.49,10.997768894824937,10.998317741101971,10.997714273739705
29815,9.32,7.429227508531569,7.429635562280297,7.42995027523852
22746,12.54,13.515617696038571,13.516939327803488,13.516094968861765
18127,11.66,13.593536781816375,13.592327325125492,13.593493133379887
14413,7.49,7.345044637457475,7.346756578652632,7.345820949603506
16407,12.69,10.895473663786667,10.896036133711313,10.89512933328745
22137,12.99,13.355355262850852,13.354074013617911,13.354527248083759
15709,13.22,13.442330820424285,13.445040190310817,13.443018115784016
13771,5.99,7.27681953012629,7.280148684027846,7.277548943955312
3159,7.9,7.2579738134805964,7.260012076651602,7.258482885674848
14470,6.92,7.345311262432622,7.347052041218777,7.345867683229253
6747,9.88,10.941388896018378,10.942000258255332,10.94123848453399
5903,10.99,10.944495708042233,10.944367624777405,10.944394712499214
1152,13.11,13.526001843068384,13.5281697911174,13.526761478191643
19290,12.69,10.91876925725854,10.92005368966969,10.918706137105783
23619,14.35,13.467117549872032,13.465545798437937,13.466450990448248
4531,10.0,11.031880127935182,11.030462996700468,11.031724792400839
29112,14.11,15.367310101346638,15.367208106422956,15.367441946831054
32356,10.37,11.097757477185116,11.097587574337282,11.097898794692295
25422,10.65,10.958139685931863,10.958569840880132,10.958157443969785
11504,15.23,13.378456996855483,13.376724231546877,13.377529618663633
20567,9.63,7.447226025788959,7.447984356939986,7.448050505764258
20748,13.49,13.464805177920836,13.46650301195115,13.465197891219956
13852,9.91,10.942654400969484,10.943271840682552,10.942535377877775
20674,9.63,11.020499225181112,11.020347372158295,11.020380344674773
14772,8.49,7.387008689224195,7.3901760801038305,7.387995898217685
150,11.83,11.171475471961092,11.169151362205291,11.171665188150735
5577,13.92,13.485535938774325,13.48186149338814,13.484734854393508
9279,7.68,7.2696370937813475,7.272073619466211,7.27014182048885
17934,11.14,10.936507259336356,10.937074880687838,10.93632637043793
25786,10.25,10.965218462581547,10.964073053583059,10.964960897890167
3854,14.54,15.30387351757655,15.305817171955626,15.3040635598943
14907,7.9,7.391013926722245,7.392901835981015,7.391970461292212
3675,7.29,7.302388244100621,7.3054798624626915,7.303092340983888
10035,11.49,10.9348980720592,10.934663086716746,10.934748256708097
8313,14.96,15.378819682770752,15.375164847127078,15.377858273972862
7234,10.0,10.903036622479355,10.904975781978429,10.903100160192558
15742,15.31,15.390938401822238,15.393253246584523,15.391512433658267
10639,14.11,15.244864672650635,15.241021476864184,15.243478410074626
14443,9.63,7.386808928511076,7.386563429269449,7.387302697430483
20597,11.49,11.109257665450045,11.107558571051086,11.109304558477001
19594,7.68,7.403239739036305,7.4043273411328,7.403853933345216
29712,15.62,15.252475543866886,15.250529374175336,15.251278582348366
25328,13.48,13.440744272320114,13.441603974040547,13.441074002708143
8782,18.43,18.566719090986037,18.556035387997298,18.56062612426793
352,13.06,13.341832767567954,13.344061186655509,13.341984301759982
165,12.69,11.060822318628361,11.059930956603143,11.060819165272296
23820,10.65,11.05531129135019,11.054131683608464,11.055302732069046
25261,6.76,7.297880528495385,7.2991211242041505,7.298368443155264
15204,10.38,10.951598665643125,10.952032430492686,10.951411198190346
11803,7.66,7.4267384674351895,7.428741878941038,7.42756749074969
20234,8.0,7.372262203583427,7.37418900782945,7.372921017145836
25442,13.16,13.537441803135085,13.539111991450394,13.53808258671124
5778,11.99,10.963549349307282,10.963960569624872,10.963397546972137
28500,11.58,10.979334925899478,10.97925484833735,10.979284719144944
9943,12.69,11.033843079714238,11.033085468043243,11.033829432288979
16333,8.0,7.334580292103191,7.336589370075558,7.335265875045205
8390,6.62,7.2654254943624235,7.2688896635172116,7.2661607314083065
9628,7.66,7.334730025549646,7.33667187496245,7.335508198338904
944,11.49,11.02261885130229,11.023277383517943,11.022878152944594
5136,10.99,10.934768476334561,10.934687523687,10.934652275834543
18693,15.57,15.440312190966184,15.438015638773047,15.43966244376162
15717,14.26,13.543471296673424,13.54037276023572,13.542974716678293
4007,7.51,7.265428817026578,7.268656114931489,7.266079415635005
10846,7.49,7.382140577519638,7.383748382345447,7.382949455477185
28200,15.27,13.561412476997871,13.559145134020367,13.560965661305914
18169,8.49,7.526059975830797,7.528551511224471,7.5273414012197035
18560,13.85,13.508188376508944,13.507457175484035,13.5079252341623
8432,6.91,7.365935591377895,7.368596481017761,7.36697579972712
3574,12.42,11.028781347251797,11.027412558545041,11.028634854679645
8217,10.75,11.023264828902004,11.022419804166645,11.02322974968731
19602,7.68,7.383284185801605,7.3848094336196946,7.383861613536636
29155,14.96,15.380236312786456,15.377321888202626,15.379397072228226
17204,12.23,13.480162175274803,13.480456328765177,13.480526771540656
23777,14.27,13.479262610656047,13.480821947003633,13.479863768870239
2867,7.9,7.423509500353441,7.424068083937499,7.424284206858098
14648,10.25,11.002236499534442,11.002739818030106,11.00238811478796
26942,13.49,13.44733080153526,13.449748369658657,13.447863024126303
5570,7.49,7.390869632336026,7.391859310137099,7.391535151838976
8789,9.99,10.89444171171638,10.894679094726156,10.894073394757289
2877,12.42,10.918709434944748,10.919351285994951,10.91864156089576
23727,8.38,7.2166078186503055,7.221569529702867,7.217399121412989
25559,10.74,11.02577644955241,11.023193205248695,11.025381808584246
25395,15.27,13.358691724689123,13.357497430086294,13.357895344033267
12526,12.72,13.39040828513075,13.387455577527646,13.389482009999721
16606,16.77,15.357225558667562,15.353506832570806,15.356202094917542
13168,11.71,11.059515040644499,11.059174576813135,11.059537975469738
5442,14.74,15.34726640982677,15.34856495450129,15.347394551550277
27430,10.0,10.942259267279537,10.943315864133654,10.942207706984336
23399,12.42,11.030452891755408,11.030146786324197,11.030370258987439
10682,12.21,10.966921071473424,10.967823887492845,10.966920204630544
27608,9.63,7.343135799452464,7.34401815773022,7.343701679459264
23188,8.94,7.355085370002595,7.3569174906971755,7.355938650956551
31741,10.59,11.137698258065436,11.136313817326718,11.137957201732137
1157,11.48,11.094298672153455,11.093313076411196,11.094495600512818
16425,8.59,7.376240430329635,7.377670638372814,7.376751593213828
14436,7.88,7.34473467497265,7.347408034751793,7.345495388696498
8725,10.65,10.889740414528868,10.889975241480453,10.889365088080933
30023,11.86,11.014704522008529,11.01512292873683,11.014727345781452
1181,15.28,15.378666265128706,15.380520059230221,15.379218698227628
7149,12.98,13.524119426682653,13.523486442112251,13.52449724637303
2605,8.0,7.243550808315078,7.246331913695564,7.244027554753895
795,14.35,13.553473225344035,13.551695953864314,13.553144428479644
11540,7.49,7.291715768598783,7.293790618619918,7.2923441131849325
4255,11.86,11.022450212843676,11.022287045816574,11.022457209576555
27857,11.58,11.03774265706975,11.037373484820728,11.037799406480932
25845,9.91,11.020655491754606,11.018992706256277,11.020437242694587
20979,15.96,13.539645368181407,13.53519922900206,13.538935110002164
15825,11.12,11.059110167179808,11.059727038055447,11.059370636198416
10103,9.32,7.26339824170944,7.264650322560076,7.26375910697194
31425,12.69,11.065414313172074,11.0642589092316,11.065347254845632
3212,12.21,10.991246937921757,10.989849560291976,10.990994921941937
7733,12.53,10.908505765857806,10.907621837392217,10.908132322485987
3797,9.25,10.9153144019212,10.914727551544686,10.915016308001817
8809,7.49,7.462837999945926,7.464452335385442,7.463856603648776
29753,6.91,7.304109114819547,7.30577020479277,7.304714591049778
11325,16.45,17.0148604613829,17.01055368116001,17.013203006392718
13100,6.54,7.218995646981203,7.222153493786957,7.219470920777497
7160,13.11,13.470001630999015,13.471399258309239,13.470410150154722
30555,6.91,7.348710209611487,7.351198937792493,7.34950691279191
31399,5.42,7.248598315560582,7.251839632246418,7.249145624974967
27347,5.99,7.451763559799011,7.453261217127395,7.452888028638832
18339,8.59,7.224667593173471,7.228415931117883,7.225285534109187
15997,9.63,10.885930806206321,10.88586999771193,10.885497942710572
2166,14.79,13.455941330920894,13.456173295230197,13.456188548976495
6012,10.65,10.925014553561345,10.924732247388027,10.924832446736769
21678,6.99,7.379273710489149,7.38059604434903,7.379997495734988
10125,7.49,7.410813992012977,7.411908696251288,7.41161311690192
29648,16.89,15.367302501109226,15.363982831441025,15.366209991106313
25703,6.62,7.3243735144909845,7.326170377336636,7.325068540546326
16123,11.86,11.012488720055028,11.012430003843654,11.012363652181339
1613,6.92,7.252315826017413,7.254847887500051,7.2527844750835895
24454,5.42,7.267174182752281,7.26995554799699,7.2677388024503715
6894,15.58,15.288095204727775,15.286410725142986,15.287168149882874
21564,5.42,7.31121793265693,7.31304718620785,7.311895159271799
23721,7.88,7.2940943688726545,7.297480106139861,7.294798447097973
4168,11.99,10.909575723860302,10.909696780678033,10.909205238172055
31797,6.91,7.433940356543469,7.435762662319165,7.434974294741128
7296,7.4,7.395740119345339,7.395376833338102,7.396253021796036
20191,7.51,7.297483464855508,7.300800309910685,7.298375899163566
16507,11.48,10.886592788668697,10.88724787644971,10.886276573504205
203,15.33,15.439330212488281,15.44096613107939,15.440076146588002
19253,13.11,13.460705859281262,13.462089348010725,13.461030271681771
16305,8.59,7.2506268280988495,7.253588552449634,7.251204261322356
531,16.89,15.446271284907517,15.443607082844615,15.445783327774738
11775,16.29,15.398048360711337,15.395009841558943,15.397143518433754
2489,6.92,7.251817660627204,7.2542314827512415,7.252264150181369
1174,16.77,15.437186600338785,15.433865975094946,15.43654108626663
12090,7.74,7.281801195482129,7.284228990714326,7.2823366257608075
8322,10.01,10.993419301994333,10.993971128879206,10.993430711275623
1623,14.35,13.456683528111142,13.457117513845372,13.456982344411145
15283,11.12,10.904237255209534,10.903580876853281,10.903814833040842
20334,15.62,15.347227954428012,15.347777070139632,15.347377708419831
15385,7.66,7.32671708659258,7.328450243211115,7.327378562486783
6490,8.0,7.382557638254077,7.383873099663839,7.383293020413737
9389,15.28,15.369290715008296,15.37052944673324,15.369496039516651
15473,12.73,13.346231017390862,13.348620648326612,13.346371195575706
20758,8.49,7.39212555211944,7.392644896980084,7.3927702873789425
19548,9.76,10.924504045147614,10.924879546745219,10.924228730165698
19339,12.68,13.46425343728894,13.464745535038745,13.46460412770113
8182,14.35,13.369654426470465,13.368877553718368,13.368960507461285
1357,9.91,10.848912121406313,10.850963068849985,10.84874110284771
25986,15.7,15.387730575116956,15.384918262118921,15.386935794819788
24691,7.88,7.361327511552034,7.363103456136108,7.3621798460665575
4782,10.38,10.924305354302575,10.924380385823769,10.924191448291738
2939,10.37,10.886069082569687,10.88537709836186,10.885636745311993
12131,12.99,13.48183379015762,13.483346067136722,13.482452940820274
31362,10.59,11.014102824305093,11.014195405999896,11.014285420816496
21948,9.99,11.00471191608578,11.0050082656251,11.004657715866035
4290,13.99,13.429599855694136,13.431543428117473,13.429971964690319
11135,6.03,7.403451089842624,7.40553650199684,7.404286844431777
15491,10.99,10.941105798002022,10.941431356800065,10.940894108863493
21601,13.22,13.472087672313533,13.473187138835906,13.47256441527314
17102,15.05,15.344963339538635,15.346682451358852,15.345177358183982
4436,9.63,10.880171205921112,10.881343635373428,10.879987249439564
22506,7.49,7.37406105707983,7.375554158352425,7.3748005421957314
29412,11.99,11.085683845639782,11.086273481280546,11.085926737639067
7603,5.42,7.267433220440589,7.26905464962557,7.267885939727387
2994,11.49,10.997045298154532,10.996557844190395,10.996840911081314
8901,10.65,11.040274323250713,11.039107756820886,11.040231425539666
31102,5.99,7.320419974388942,7.3220663708345075,7.3210642727595285
1478,10.37,11.021664398989818,11.020035995903887,11.021451648231363
20789,11.49,11.056961197866816,11.055247694434655,11.05684839926381
22660,10.39,11.009551761810668,11.009975905763499,11.00959613984218
717,14.42,15.441311954076657,15.439325940753866,15.440745107068096
32020,13.92,13.369940607439553,13.366598238081611,13.368843557640808
18953,8.94,7.213294928269454,7.218108907996232,7.214110298387657
5730,15.27,13.468232145979849,13.465232730810307,13.467488949741195
6748,9.99,10.935881692818343,10.936687632651166,10.935817632053702
30127,8.9,7.340206380325056,7.342949520836431,7.340959294829903
28304,7.51,7.337493984452676,7.339747066868808,7.338377559507827
19660,13.11,13.34614826843225,13.34871965875353,13.34657809060569
19724,7.68,7.327349583699913,7.330043167398882,7.328060992315599
20623,11.89,11.047710262240962,11.04674013566949,11.047732336681266
17493,11.12,11.016150504120208,11.017304003155392,11.016439966219881
7365,7.51,7.2886778925219415,7.290482393453325,7.289269127351631
27148,11.99,11.024001364622855,11.023804071915622,11.024138424289816
10092,7.88,7.3603285046576215,7.3629109215216175,7.361111024620997
17792,13.85,13.50337559523739,13.504886644392549,13.504073836268851
18596,8.94,7.4769151659595545,7.478114987321348,7.477994852507996
4667,10.36,10.998204854669781,10.998755551863201,10.99820293354638
26743,10.36,10.965953792940011,10.965492936910643,10.965845996012874
21148,7.74,7.357331866854128,7.358665007317239,7.357949282137649
25399,11.58,11.035653820267163,11.034448525789163,11.035459864745825
31987,13.11,13.67512638604783,13.671930589355423,13.67509767434004
9292,15.99,15.325789859124157,15.323218493826637,15.324729427068775
17319,16.0,17.034108520779547,17.033986055840437,17.033571443801556
17786,12.18,10.954355081278932,10.955285907312046,10.954369710435708
29002,14.22,13.451859081213279,13.45095286065245,13.45127549979836
29,12.84,13.643699740810398,13.616132892862442,13.643440610928744
28305,12.87,13.520598707506531,13.52105085024506,13.521132365714845
16482,14.42,15.237221852619149,15.235233268356744,15.236049237793726
27813,7.88,7.469799997838405,7.472511413498648,7.470951170721436
6815,16.0,15.378886782221878,15.375902890726007,15.377871358746045
8706,14.27,13.46914316357436,13.469279741581822,13.468996475523996
3867,13.61,13.45284378662097,13.453458333802896,13.453183638630723
16162,13.23,13.466078040905929,13.467564208362251,13.466620279475295
19858,7.74,7.406116408512319,7.406840184580972,7.406852582416953
30118,5.79,7.371969756566769,7.3737725304946675,7.372735682296621
4217,8.88,10.92826028501445,10.927988239775031,10.928065390268852
5002,14.84,15.361302089810017,15.35771870035211,15.360296388327868
3039,16.0,17.037608068915965,17.030249549860596,17.035347185901777
32317,14.59,15.360465235371755,15.364401271603734,15.361138015478538
2144,10.59,10.998042657794409,10.997511704432494,10.997814777861047
22686,12.92,15.33244106364073,15.334282842357418,15.332660624012295
1100,6.54,7.425697087514139,7.427849194815272,7.426757919767396
1124,10.38,11.038232230135485,11.039455603784695,11.03846250191124
30095,13.48,13.521619710646753,13.521597994083933,13.52203624474209
11974,6.91,7.303861203645889,7.305315892427842,7.304396565684008
29940,12.99,13.358494261363182,13.356591934111357,13.357512669763619
26336,6.54,7.37388631042485,7.3760557643974085,7.374864124986783
13204,7.51,7.330594477275081,7.332464484998135,7.3313141810465945
26765,9.63,10.977673378112462,10.978242311576913,10.977649240660483
7705,16.49,15.342939237146988,15.344559058416554,15.343132687420344
28382,12.69,11.009656722482813,11.009629915578685,11.009833792661087
29523,7.9,7.367825265325052,7.368586688116253,7.368384338505815
8087,12.42,10.879378486825132,10.879897210301095,10.879015702779004
8489,16.7,16.989321883430335,16.98817417841274,16.988506293112493
26470,7.49,7.307599838451024,7.30923198763234,7.308165665559813
17850,10.59,11.199237815386645,11.199131238328329,11.200000848379839
5047,16.77,15.286397722473545,15.283225612922031,15.285307350724148
9459,14.35,13.40558815384138,13.403161661476279,13.404800493697753
19927,6.62,7.382696397835561,7.383776181630723,7.383265927186149
29291,11.63,11.172891889317203,11.171940751422422,11.173329102495646
3426,12.18,11.057270137645727,11.057045944824399,11.057254136809924
3677,7.14,7.241163530103595,7.244819290979408,7.241840764606348
8873,5.42,7.277086461493043,7.279451274766698,7.277533775851093
18517,16.82,17.080339989413176,17.075564156354492,17.078728509160626
1434,10.95,10.99849876092147,10.997024871937628,10.998195230316313
9094,15.31,15.388732407207996,15.384667645885536,15.387757551488164
12847,14.35,13.35653020856595,13.358706438074359,13.356701183170681
24818,8.49,7.250200773216989,7.253118011633061,7.250726598105236
19727,6.39,7.313306326088889,7.314675285356136,7.313841514600433
30497,13.57,13.591735975490952,13.592052548242226,13.59254633979548
12408,10.65,11.021873680589483,11.022378118192535,11.021951253339068
26842,8.49,7.297892512885227,7.300329327234946,7.298385681079953
4664,10.99,10.90545332991048,10.906054552651211,10.905222965899465
15904,13.47,13.385131723457466,13.384034068839481,13.384191772131214
26060,8.94,7.283234039491602,7.28679054463386,7.284017381098215
31761,15.62,15.262206719770663,15.260595026782454,15.261166785450087
17047,13.24,15.422258677393584,15.418080335296871,15.421405615705115
12407,17.58,15.363350572122377,15.365302079075953,15.363945926959833
28701,12.53,10.895696663736839,10.897772752985746,10.895734764320897
30801,8.9,7.402143276263517,7.403748029250463,7.402982834241277
8601,11.71,10.992184652185045,10.992162110740416,10.992174055715864
24687,10.38,10.97390325278729,10.973350283338615,10.973781761275928
7951,5.42,7.394913256247316,7.3951604064396,7.3953789337307825
23550,7.29,7.297861939768764,7.299909152329489,7.298492776576127
13928,9.63,7.297530972417868,7.299000521483748,7.298053968935311
1631,11.99,10.995609848351931,10.994772832700429,10.995326190643048
8996,12.23,13.455452333700258,13.453246057023826,13.454696404039638
6403,11.83,10.921169399825274,10.92095249314639,10.920972193449444
13638,12.09,13.505720285592458,13.503285194759638,13.505220912133879
4025,13.47,13.469221129583364,13.465993996165409,13.468420665879435
10146,9.88,11.00256820245612,11.002566595112906,11.00260160878151
1791,11.89,10.980575817007654,10.980411055005579,10.980419817627858
23158,20.16,20.208718476480172,20.16267175922198,20.182162642170045
5062,9.99,11.015313543160758,11.014899241778474,11.015141551437212
20977,13.79,13.50367511208393,13.499824678268705,13.5028981626607
6573,11.89,11.003338526336094,11.003163917076817,11.003210600881825
29682,7.37,7.400586700341659,7.399885183499004,7.401038276978484
11322,10.91,13.468817568575812,13.471345185151367,13.46970988138418
29908,13.22,13.39102772368669,13.392432902228997,13.391353343884834
8910,7.29,7.260556325209747,7.261967651091342,7.26096129408955
27723,7.51,7.30257103364279,7.3055675950402135,7.303277583868944
1844,7.51,7.292759927725361,7.2947705588953005,7.2933991834547065
23012,6.99,7.282364452146731,7.2838739537278085,7.282835333887323
16157,11.12,11.073629735738319,11.071945740437739,11.073633760078646
8238,10.59,10.990597980454794,10.990019340410838,10.990484248439966
19741,11.71,11.027392192681777,11.025932865365867,11.027232698734213
15396,12.69,10.9316232283641,10.932917199666747,10.931592591796377
11277,13.22,13.438080367775306,13.43611792725137,13.437555581964862
18883,16.77,15.320451168480998,15.321414963534396,15.3205143005207
15999,10.65,11.063242111207105,11.062488261946546,11.063311956404279
9539,8.9,7.279597819287231,7.28075227127223,7.280032074338386
12852,7.88,7.257543443265826,7.259202465682407,7.257953455784557
18970,10.75,11.097382224364287,11.097281894754344,11.097542695714747
1736,7.12,7.341432793543151,7.343185357462501,7.341978405122808
29863,6.62,7.392288246739592,7.393445434054414,7.393006510193514
24785,8.94,7.371252668882202,7.3725023153688864,7.372007055929479
30321,12.84,13.417757521505074,13.416647714772338,13.417085228793113
15348,14.96,15.512777170125672,15.512105117561005,15.513337400918875
157,12.87,13.53638641604803,13.535899962498485,13.536216643715832
32084,12.21,11.050060551711125,11.050470468651152,11.050229156536444
13501,7.29,7.413713792838532,7.415371160018445,7.41464667982561
8891,7.29,7.394222498239207,7.395220927129133,7.3949649244089155
26620,6.76,7.253668763012125,7.256172019561086,7.2540410609795165
32379,9.91,11.037741274055918,11.036630276084619,11.037656862008356
2588,13.3,15.343199325543958,15.344313949161128,15.343285877849926
6656,7.29,7.291822994513466,7.294930103116378,7.292546125657329
31564,12.99,13.350628498798091,13.353364617972996,13.350925108018524
30012,6.91,7.440493400550585,7.442179079005826,7.441313865470628
14066,5.79,7.276525796291333,7.278200284923454,7.277001569310669
9448,6.91,7.2456239476425175,7.247799985375517,7.245980466246981
15315,8.49,7.281306864011909,7.283817095935165,7.281813611966139
5894,10.71,10.91655454183081,10.91645079871499,10.916343661872402
21031,7.88,7.414347858134887,7.416142990992387,7.415157010376893
3929,12.99,13.477402504121414,13.474042539925183,13.476615278748609
26822,6.03,7.35100077602905,7.352819457618728,7.351782588222097
21018,10.0,11.05439737170476,11.053061994015422,11.054380143662138
14831,17.58,15.462469629049252,15.465136158317065,15.463449124910323
12987,6.91,7.370870729880527,7.373172381351564,7.371847671328375
13429,13.11,13.4732196857816,13.468542256281182,13.472230613999276
4235,8.88,10.90429139995047,10.903797795401141,10.903965314136855
32208,12.68,13.396978721636984,13.395453922328969,13.39616374388512
12723,7.9,7.329501247895042,7.33164163284827,7.330290690423113
20448,10.99,10.987199615872033,10.986864524882524,10.987104488416469
22231,14.96,15.321282437589756,15.323060600091756,15.321461419609747
2627,8.0,7.3662156755520725,7.367040119289729,7.366805249597273
16848,16.89,15.3468408025432,15.348067433378496,15.347018874825796
17800,6.03,7.249499273228366,7.2524937078209675,7.2501898844867165
13272,12.68,13.524755684875517,13.528360246443778,13.525932135957756
17905,12.99,13.433413835722373,13.432728125323829,13.432883055939005
20551,7.88,7.359372465855562,7.36076495967744,7.360054485802735
29715,7.68,7.383903793566947,7.384769845744634,7.3845526716729815
22666,8.32,7.417384857133845,7.418524495941545,7.418204338613632
4778,12.53,13.431525971960117,13.432369682174397,13.431852110128684
19726,11.49,10.901161253354424,10.901874245282638,10.900871095452127
237,11.49,11.042058053202641,11.04185971603621,11.04223008743941
32173,13.06,13.455016807957275,13.45711615302671,13.455620533121017
7900,8.49,7.292120110379152,7.295022365308879,7.292732862576928
21784,13.98,13.468999760240573,13.465963715253032,13.468239191189145
2995,13.49,13.451306135392134,13.452699193663719,13.451646599874287
24807,9.99,11.101790614384758,11.10030214955591,11.101873915279342
2974,7.88,7.247251761584418,7.249277857477441,7.2477528293542335
20963,10.0,11.04104905536836,11.0408252286889,11.041008622081208
6388,6.99,7.391435632821688,7.393249819323814,7.392262481682024
10574,7.29,7.3863723106593575,7.3881255436386,7.387203181853867
16658,12.21,10.989411957777541,10.989657723905243,10.989568056920461
30638,16.07,15.255656051716983,15.254068527700237,15.25456801341507
11338,6.92,7.317436222732419,7.319080263889657,7.3180814664006215
28964,7.51,7.272137423859691,7.274819131834133,7.2727086229171745
26782,16.35,17.014643614282868,17.010378147660738,17.01287985360866
13627,11.49,10.931341778525452,10.931778462900393,10.931080434124882
3305,7.51,7.364239179780176,7.36517982968291,7.364851989279845
6328,10.99,10.90525421712336,10.90554876363834,10.904891307857365
12773,10.99,11.078974213163807,11.077821248041381,11.079074481586767
26669,5.99,7.277155196746392,7.2788660065764095,7.277633245363112
12741,6.99,7.377358215617253,7.380306735305238,7.378300897810921
27734,17.49,15.460835223969282,15.457320193148407,15.460206006831445
22871,7.51,7.33320330971289,7.335098567340391,7.333946367474847
3342,7.51,7.270750994080156,7.273424508059943,7.271303575968267
9439,7.9,7.387478799131353,7.389374568215611,7.38820569978858
3105,11.99,10.961529379246553,10.961914585781976,10.961404784830199
28490,5.79,7.425086964485597,7.426441669281469,7.425786872307052
30573,6.62,7.3643232102708325,7.366582615071333,7.365144932726205
18083,12.69,11.036278584250319,11.035492671101752,11.036330924979547
2705,11.71,11.056447979190665,11.055590415411308,11.05653103669004
24383,6.92,7.301076314293284,7.304380150726163,7.301891512920414
13402,9.91,10.901735785531177,10.901804938597959,10.90129652403892
12428,8.88,10.95530049037316,10.954510387213345,10.955114505260523
2012,10.37,11.039273583612733,11.039194566730995,11.039444361588975
2636,7.9,7.383074728214641,7.383841152417942,7.383708191313842
6841,16.0,16.93836577563897,16.934980279881955,16.9364126992656
27366,14.61,15.354254350099996,15.352644069665175,15.353559094613413
16190,7.37,7.376992246926884,7.377707265402139,7.377604335252111
29289,14.11,15.495436100931771,15.496232308809073,15.496196775656916
6597,14.79,13.477322635481034,13.478168159864623,13.477777386551953
18129,9.32,7.304931149968299,7.307388576690774,7.305527308389246
26653,6.03,7.288023827668425,7.28955978903828,7.288524724774306
1876,7.51,7.278655434642419,7.282040616808156,7.2794959416129545
28378,11.11,10.956262389247803,10.95568574819232,10.956123891901807
20026,15.23,13.460080340810556,13.456701853903438,13.45913712916806
2864,10.36,11.016720739070784,11.014913446789127,11.016471164217059
6912,9.91,11.02092007266851,11.019761173452881,11.020779318422829
10956,16.63,16.959529479069626,16.95958196639079,16.9587919900599
29998,12.84,13.371915590252064,13.36868627107242,13.370875364690614
13131,6.62,7.404789491345323,7.408002525623537,7.405906311617842
8879,15.33,15.360582086539411,15.36104461126159,15.360800625002799
7341,12.69,10.946065527560526,10.946749855665159,10.945932116926912
8557,13.57,13.344961876268922,13.345323303000834,13.34430887102107
15406,15.05,15.301927204436119,15.302923943419822,15.302103724869308
10584,14.17,13.366354760366018,13.363320216434056,13.365334199392937
10581,7.49,7.2644636241416025,7.26785203557147,7.265168415809668
12041,14.61,15.26752563075285,15.264915682350647,15.266311993902821
25186,7.51,7.382790048730371,7.384456080951444,7.383629137775572
12481,14.84,15.35290708483916,15.350901213173922,15.352056052888162
16088,5.42,7.344973250613615,7.346490355479036,7.345652199255038
18495,5.79,7.3856395897922535,7.385378207147288,7.386147243901043
16006,16.07,15.374326258641968,15.373249036140283,15.373780238264278
3573,7.49,7.3611036990555805,7.362920546985306,7.3616836920881275
27088,11.83,10.980879132188944,10.980150263158286,10.980682847910604
25689,17.93,17.090300939755735,17.088068688982858,17.089596110147646
24078,7.49,7.373165912396884,7.375354492078908,7.3740288432022165
12118,11.71,11.032930137283863,11.034223034315808,11.033250211817519
6391,12.42,11.013945131216838,11.012949679284626,11.01384534682798
31831,7.9,7.528127753990587,7.530395581940301,7.529473840538436
26261,16.77,15.429585664753503,15.431335066209474,15.430399532721275
20422,13.99,13.489344491488414,13.486480883960091,13.488551539478173
26404,8.07,7.301066613971806,7.303539148016978,7.301677534878425
32495,8.9,7.491331532676075,7.492807424528558,7.492295914196633
2540,7.49,7.366017590530918,7.366825041875797,7.366613395740188
14522,8.9,7.292697996440994,7.295090240004577,7.293243021991631
31382,11.49,11.074259339161436,11.071891855731534,11.07409612885216
22572,8.0,7.374389692367185,7.376309409957888,7.375201149552463
31677,10.99,11.041631851235291,11.043089948575853,11.042069814582145
15625,10.74,10.909423712915665,10.909098840396155,10.90907702802608
16911,11.97,13.384013461885193,13.381368563907106,13.383129734227815
15555,5.79,7.350948227347726,7.353597525929901,7.351735404416174
9692,9.99,10.93852068233672,10.93812992218643,10.938357274679007
19861,11.14,11.066241995628609,11.065518642573622,11.066360441898727
10422,12.61,13.436583826144066,13.439313482458243,13.437129709094076
18362,7.88,7.261333052399243,7.263558766677049,7.261767892991413
27451,10.59,11.077151691947977,11.077194771811843,11.077330176464594
15964,11.86,10.920648202684609,10.92134993866159,10.920381267513156
28473,11.71,10.960816982150165,10.961676061421498,10.960812914583583
6215,12.98,13.427590599267699,13.429680287055344,13.427988963795752
32349,13.48,13.444558761831969,13.441695448741726,13.44371520856702
24495,7.74,7.366068605375658,7.368878548806887,7.366885545450417
31658,5.42,7.384706680574118,7.386919676855336,7.385507111504738
23935,14.65,13.376632871745377,13.378618974234783,13.376913274501309
28645,8.7,11.125665970254097,11.125681108446889,11.125912676373188
24647,11.71,11.069644588165536,11.068595409316924,11.069708125954092
9875,6.76,7.3901920659071925,7.391582345772669,7.390992625655063
1688,6.54,7.317254123725331,7.31980558582075,7.317850256502647
30373,13.16,13.405286426139305,13.408694379969955,13.405963665990395
8483,14.83,15.28859890371206,15.291089155928969,15.288803561944185
13822,13.99,13.491547195214098,13.49109358790443,13.49183311311226
14586,11.11,10.96660801802087,10.96588152261076,10.966415524753808
23296,16.29,15.387161701399446,15.383217129752202,15.386177456018242
1962,10.59,11.002507967234532,11.001157260596939,11.002276158878818
6791,15.62,15.323258553509671,15.320362390541277,15.322260099917571
4591,13.43,13.350943117816067,13.349357012413812,13.35001682751146
30434,6.62,7.3182280875033925,7.321172348663533,7.318988501778389
32376,13.23,13.504860183894454,13.502579653471724,13.504145912533193
14021,8.49,7.285007244929599,7.286376562074084,7.285481043754629
12495,15.21,15.386244292956233,15.386828201303715,15.386593231040372
811,7.14,7.2276220984057815,7.23022384000458,7.228159430338031
16412,15.27,13.464633923948725,13.463991879213712,13.46415350578624
22437,13.43,13.360503040823927,13.362626554768068,13.360727024633512
7387,12.68,13.415305699333125,13.4178881423656,13.415740435639984
25360,7.29,7.299880079777103,7.302481518599965,7.300444061238656
16596,12.53,11.053188380032246,11.053035182366864,11.053455104279257
29923,10.28,13.521272906554838,13.522979516277829,13.5218147616913
13351,11.48,10.900715252832882,10.901031902070397,10.900319014966403
9387,6.99,7.380771275372207,7.382714296606527,7.3814937598850765
28244,7.49,7.492733140262858,7.494882405779692,7.49390791544741
8324,13.23,13.529368469788249,13.525139620000408,13.52866120570022
29214,7.51,7.356299719947618,7.358137737057669,7.357036517366213
30904,7.9,7.363405346737335,7.365942357563601,7.364389706578507
11726,7.88,7.41215924127789,7.41427938493517,7.412968610670958
2934,11.11,11.041190013168066,11.03908085693873,11.040972224556558
17033,10.99,11.003790837785573,11.002341209378482,11.003578014063029
23147,5.79,7.3774954954608996,7.38014205299312,7.378355737234007
7683,5.99,7.340302660236472,7.342833654236887,7.341005742511499
17615,9.76,11.001272924805708,11.00022616300125,11.001113641890774
31277,9.99,10.946215660960902,10.946574236061087,10.946112740275202
29526,6.62,7.382400301983005,7.38314746744366,7.382973171299093
7111,5.79,7.3803213565702475,7.382136105551005,7.381018907732387
19917,13.57,13.385244360927746,13.387409010587259,13.385524263789579
14381,8.94,7.430427134217739,7.431579145764075,7.431324396779434
26216,12.23,13.40269076502603,13.399651668065257,13.4017288369512
10622,7.66,7.320058779916625,7.32181783171377,7.320726935833144
3300,12.69,11.007422363237607,11.006136927449415,11.007225496684658
6191,7.49,7.352748497760181,7.355199073669879,7.3534292154194665
18778,9.99,11.030593423345046,11.028843723849059,11.030373883021003
23501,8.07,7.460264624700729,7.46011824448647,7.461025394453966
4411,14.54,15.340758262778767,15.342035412056887,15.340876473311283
11842,7.49,7.312225137924954,7.314326505025094,7.312979413800843
23247,9.45,11.112562668358937,11.110055320889908,11.112544509136097
17511,12.69,11.001969435898456,10.999755407005903,11.00162659733035
22920,7.9,7.284768038765155,7.287207257226893,7.285243992386099
779,7.49,7.485275949864625,7.487010735158988,7.486472431368691
13491,18.62,18.581491551189067,18.567383718949745,18.574357865690462
19277,10.0,10.998272639036193,10.99704394871663,10.998049973954151
27512,16.77,15.324587531969051,15.325862727525472,15.324833857255904
18893,6.39,7.286115314924385,7.287038722659947,7.286540386288488
6381,11.86,11.006813769995475,11.006551553729746,11.006692055724452
29148,11.49,11.079449697284538,11.080035609287096,11.079696021327749
32152,9.62,10.938239043573489,10.93850347438419,10.937906899315955
16335,6.54,7.430392486538802,7.432452761659321,7.43130260040569
26291,5.42,7.3071737738410905,7.308688212872588,7.307714577816435
13593,7.49,7.471883267784761,7.474639123010392,7.473366203997418
30509,7.51,7.292207168318256,7.29425107690679,7.2928495048103485
26884,13.85,13.406742083735274,13.403896582022384,13.405861476949886
14292,8.49,7.4105288307067685,7.4130118017214315,7.411460222870224
20560,7.14,7.410696346033806,7.410321708261328,7.411233318056269
20688,8.9,7.384615563770048,7.385682050750459,7.3853189713067255
22306,9.91,11.04411342674237,11.043110793410742,11.044094167322644
28090,14.46,15.354193418554523,15.351473410012884,15.353346170162563
25096,6.54,7.450061707516222,7.4491944286709915,7.450617964093442
19152,8.49,7.406839286628179,7.407174944753606,7.407476261705452
30296,6.99,7.441948333659823,7.442561432385161,7.442723838763063
25450,8.49,7.344349445415488,7.347209162004961,7.345190270753025
14929,10.65,10.883837022960083,10.884136718183585,10.883413359461253
15564,8.49,7.416428786021187,7.418060996898942,7.417354885870512
20388,11.03,13.462122474287906,13.463793689111078,13.462492043031418
15773,10.37,10.994450390047563,10.995935282587903,10.9946785523007
24539,8.94,7.296384784180373,7.297399805413229,7.2968070871721995
1579,10.99,11.001814013666966,11.000038367787036,11.001526867250371
27387,7.88,7.309155831586076,7.312405566461253,7.30991510718355
2804,12.69,10.894928168815099,10.895605151202833,10.894669603695355
27533,11.48,11.078818370066937,11.07914165753504,11.07899839359206
29924,6.03,7.43714770555274,7.438377144966602,7.437982827200616
25237,7.51,7.3776863713086005,7.379831354686161,7.378656319937578
18540,7.51,7.485760706658738,7.487257300476467,7.48686928822764
10616,13.49,13.473563817453755,13.470982965202872,13.472937415259093
6107,14.84,15.29708776401603,15.299484657025292,15.297249054939195
26126,12.73,13.401009714694124,13.402865308637276,13.401437414474055
14284,15.65,15.385553382421207,15.385379787828615,15.385576713211826
10656,13.23,13.472693544256813,13.469888619900209,13.472028216504967
25713,14.96,15.406122518257146,15.403348780787338,15.40519699022942
7339,12.86,15.292797279227557,15.295372096427226,15.293092210872539
11980,12.04,13.493354657371299,13.494768016056089,13.49398545027515
14504,12.53,13.427942761185527,13.43117076160565,13.428663819029609
19920,13.61,13.50263548891099,13.504478313077254,13.503330039015017
489,11.99,10.982546301608458,10.981829515505513,10.98231389040071
7410,7.51,7.431161654447738,7.430305320529715,7.4316920739591
11957,13.06,13.3545034130842,13.35242408510057,13.353469086107353
23932,17.58,15.338381369945997,15.335619464190428,15.337477705231635
3162,5.79,7.358356224607366,7.360168559106913,7.358973668828241
15814,12.8,15.429211654339342,15.425801450258943,15.428477029927777
7565,6.62,7.294374708014693,7.296124496734979,7.2949492546622965
23748,6.54,7.414883177977921,7.416049175131903,7.41568060341919
14584,6.92,7.257618166743207,7.260437259895505,7.258044633182354
2140,13.75,17.00387713241744,17.00117912943491,17.002826754734837
18456,8.59,7.374799773252042,7.376460641363177,7.375468981792098
16152,5.99,7.295624992133884,7.298933355046973,7.296426619388128
140,14.79,13.61340238500043,13.615042746680354,13.614582162186007
511,12.69,11.096158400833795,11.095970398615835,11.096512434689219
13891,6.54,7.350255168995532,7.352085695882128,7.351053175850379
1839,16.0,15.405702320712464,15.407383401989703,15.40612719605879
12303,9.88,10.975362435628185,10.97606688380191,10.97538636431609
30804,10.62,11.0184528363485,11.018123791396722,11.01847813320565
25021,12.68,13.450217904452526,13.452535867243046,13.45085774833317
8229,13.57,13.399122651785223,13.40258014188276,13.399792098257524
6195,8.59,7.3669583766357105,7.3684732546259974,7.367668017135194
14905,6.62,7.391899372306034,7.395061493614583,7.3929421995644
9977,7.29,7.380522578780369,7.383133833661287,7.381317691381766
16358,18.79,17.010953242627235,17.008247934495813,17.009925265231235
19756,7.51,7.226300177806802,7.229881149333118,7.226889759610085
26516,6.99,7.2929573358950455,7.295177610540828,7.293607263315154
10691,13.48,13.474257609131467,13.471790106685193,13.473643799206986
6005,13.11,13.465139226504109,13.465747666146376,13.46549616464628
22641,12.69,11.006439097264929,11.005924520550597,11.00636975764262
23472,11.71,11.01738548382489,11.017025122695356,11.01739261408973
12614,14.35,13.44878431399744,13.449663725185182,13.449148624255603
19220,13.49,13.517004654721694,13.514273580444346,13.516486171358881
32251,10.25,10.984810661719692,10.984214599889114,10.984719451689964
11904,15.21,15.376680914347467,15.373926695121988,15.375779008984502
31583,14.27,13.452855998944372,13.449943137627782,13.452097762022763
2393,14.35,13.466389615571945,13.467469429470125,13.466673706490742
24393,10.36,11.012907863405044,11.01371423696413,11.013027720477236
8086,8.49,7.387831300231232,7.389080526823289,7.388555997090869
17740,11.78,13.37943395857499,13.381903502778247,13.379752211376399
23814,15.27,13.397609698995751,13.398395473308646,13.397851514944815
32333,10.65,11.093923478769604,11.092543162202597,11.09378599694967
17520,9.99,10.917725199009016,10.917707749409873,10.917401780257379
23370,8.49,7.4414972249103775,7.441921108226596,7.442268022036913
13331,17.56,16.996031654161918,16.99281584764628,16.994423907667745
28007,12.68,13.46834230560957,13.47017549898138,13.468747557738203
9396,14.26,13.499023207698261,13.495514894977147,13.498295769588164
7363,8.94,7.29132897971806,7.294527174242158,7.292012754925015
24019,10.74,10.889573862325502,10.890075504845933,10.889258969553378
8853,10.65,11.0220911412118,11.02125372438615,11.02204591942485
29492,8.49,7.34975229430437,7.351283039470303,7.350366417261697
19375,14.35,13.452656290452865,13.450555372215575,13.451826699126759
8872,18.25,15.331255589666894,15.328980833875645,15.330268410724852
27613,11.86,15.29414645125659,15.296523984840412,15.294407572708216
22200,6.92,7.393839283449962,7.394987588958947,7.3945865056839315
15504,8.88,11.038444290733828,11.038298553701804,11.038666930891353
10334,7.49,7.307913492676948,7.311674422440383,7.308717755095938
17830,14.91,15.38813436411163,15.389307857371536,15.38857597971376
17490,10.99,10.912224740215894,10.914388512421876,10.912263501015506
25965,7.49,7.288217372754344,7.291650049872989,7.288972420362479
4032,8.9,7.35042848776582,7.352202635317348,7.351007039276097
14442,14.91,15.416891818305357,15.419305060999173,15.417668519681023
22824,11.14,11.034155158760449,11.03303341229963,11.034109609015642
30029,13.67,15.22211156978002,15.223449842379992,15.222073755832628
24428,10.95,10.947575630016344,10.94749803635493,10.947482357703187
21552,14.27,13.456863434573728,13.454360373099679,13.456063276716383
3,15.23,13.630373640996037,13.628986974148127,13.630583096409811
12389,11.89,11.013548242644355,11.014132375063335,11.013615528438411
1868,7.9,7.270061741227594,7.2717894508988685,7.270577722367792
13750,15.27,13.479281609140367,13.481245305351065,13.480084184381354
30875,9.63,7.721006675757431,7.691102899344371,7.7212135109736035
17616,12.68,13.430978662661257,13.429689929898693,13.430397059710295
18391,14.59,15.438196029165255,15.439273588143445,15.438837126291332
27089,12.73,13.511460559291264,13.513966734684411,13.512290359487034
17042,5.42,7.254284019423224,7.257628952139567,7.254938378864675
3901,7.14,7.246023340727254,7.248899827926773,7.2465671386932495
527,10.59,11.032314978598192,11.029845911732645,11.032004388704383
13433,11.78,13.372919986058555,13.37415819806555,13.373147975213751
8491,13.16,13.42714540623841,13.42949947024255,13.427596261380241
7162,17.04,17.0445937889969,17.03843461318847,17.042546093810092
9004,7.88,7.359556784244413,7.361787899516159,7.3605028192530115
14236,8.9,7.42839784874725,7.429815624326615,7.429348388166912
4995,14.17,13.451605652993866,13.453169907334885,13.45198078201971
24941,10.99,10.91264975191541,10.913644193593365,10.912482244337768
6099,14.46,15.33566826641815,15.337104607337304,15.335831931547592
25477,9.62,11.007644632850653,11.008836772439977,11.007832574959178
17044,12.18,10.900008615709154,10.899833988813105,10.899593778762993
14735,12.53,11.053959654612552,11.054642763774861,11.054286343072887
6603,10.99,10.897792968129334,10.89707120703589,10.897407322792626
15605,7.9,7.452344465753144,7.453732256710501,7.453331140278242
24059,9.99,10.909713160452483,10.90900410940277,10.90934720477945
10157,11.89,11.005164995807887,11.004854026638935,11.005147900050936
12473,7.88,7.319183229772199,7.3221378889846545,7.319962066408241
24693,13.57,13.519520567193531,13.516380222220516,13.518920655150751
22695,12.61,13.51173204487884,13.508230030955362,13.511027679436928
27371,14.27,13.518923217583675,13.520500509722815,13.519667166188173
30628,6.91,7.332162402379153,7.3341828890068115,7.3329533696110065
21019,6.99,7.40313137380354,7.40500054823641,7.403926686787436
8259,10.65,10.935139279763964,10.9346408738489,10.934918812310219
10642,16.0,17.00665613668987,17.00250987937151,17.004705177856
23283,9.99,10.935089762621521,10.93486522855341,10.934954564189301
29585,7.88,7.3922921207955765,7.393256751239247,7.39297735745551
22238,6.62,7.347097496391318,7.348456487465387,7.347804353581281
31149,12.17,15.32409734506,15.322068217940805,15.323229878436269
19613,13.99,13.467945258760867,13.468448436792343,13.468246186932383
972,7.49,7.369060478592001,7.369818244420582,7.36954266219049
29114,19.74,18.56125526729953,18.550126305265437,18.55531641561956
27553,12.99,13.415368322658539,13.41657537363994,13.415718124827219
27847,8.94,7.307960270669051,7.310273992227289,7.308531020742728
15006,10.37,11.04515065758659,11.045685562276264,11.04532280212553
30736,9.62,10.913182602454816,10.913089490477637,10.912855343600398
7177,11.71,10.94552721479386,10.947174656184789,10.94564065917567
3906,6.76,7.358021427499328,7.35999677324938,7.358657996778827
17288,13.49,13.38090147454594,13.37847719386535,13.380068044102925
1596,9.99,11.032456083029398,11.030509353107751,11.032257158221974
31245,9.91,10.895917201292061,10.896365997851705,10.895607669578123
8692,14.65,13.324460649585738,13.327453892601252,13.32477814997613
30716,7.14,7.4101462740930915,7.410925852224798,7.4108524194110394
10526,13.22,13.469170076619069,13.466682082682505,13.468524946931653
26018,13.06,13.453631086418165,13.4547488364172,13.454116480641694
30337,10.51,10.975959957210256,10.975038342449412,10.975802801048445
28327,7.37,7.3351698500966895,7.337491206403419,7.335819591878914
25210,11.99,10.999161134758904,10.999627588167414,10.99920443848418
919,11.48,11.127703847334278,11.126699038164736,11.127955252124504
7487,5.42,7.267941947729963,7.269765239011421,7.268430070927074
26556,14.42,15.279820933044167,15.282477802625706,15.280146888476708
7231,7.74,7.411405917978218,7.412200668941393,7.412125649373481
31984,11.36,11.044180308101478,11.044603605656832,11.044304110514268
32182,16.35,17.034037821037796,17.033004324851582,17.0334585370762
19110,6.99,7.398584148322063,7.39894618905214,7.399200830374429
25012,11.71,11.044912033457917,11.044942150672266,11.04502472515187
31124,8.59,7.445870060744464,7.44503037753583,7.446395447877324
29818,8.49,7.439177706020182,7.439181434896973,7.439873278259847
27822,14.42,15.713204454444494,15.68347982123768,15.713009561796678
24985,14.46,15.314465120320946,15.316286276025739,15.314778539677892
16249,11.49,11.028397857846567,11.027505402106675,11.02836861404946
9242,16.49,15.330651330550076,15.327971045159522,15.32959207841984
23741,7.51,7.308821211937689,7.3118237985312575,7.309618171096311
11834,7.88,7.360827194231921,7.362968403890022,7.361741012860029
23015,9.99,10.928933916316693,10.928695361741191,10.928708640268306
29636,9.76,10.951826758405108,10.951157884193286,10.95159903893398
29726,9.91,11.023362174040068,11.023937985724935,11.023384980635035
27186,12.87,13.370043456309011,13.372458710461302,13.370360126616255
11427,13.79,13.486983686225983,13.484654345521644,13.48631933954044
8014,8.9,7.365966293108237,7.367480009820509,7.366702027980303
4992,7.66,7.392941398135746,7.393915876400218,7.39356438985574
27986,11.12,10.978840416780693,10.97873301540007,10.97877356322116
14093,17.51,17.065242987465208,17.064356598475406,17.064603223877707
30680,14.59,15.392644905582223,15.392715194649625,15.39287691807267
14456,17.03,18.51488865474656,18.50111809912295,18.50774350387358
29921,7.14,7.25132666870004,7.254805419848605,7.251933943906615
29938,15.23,13.38119308374967,13.382423161573477,13.381438391222723
20432,10.0,10.945060820187571,10.94607820535762,10.944988382610708
10159,14.91,15.35655628442915,15.357757108591333,15.356890380711484
14092,6.17,7.350588026666828,7.352453223939254,7.351377160195927
11699,11.86,11.062473861285191,11.061116982768514,11.062471393521268
6703,10.36,10.937558529367033,10.937346046111799,10.937404628288522
5304,6.91,7.343876231627678,7.346129730328995,7.344643125329084
19308,11.14,11.008226037947932,11.007695613099312,11.00798480072025
25519,11.89,11.358417435113571,11.328529338043658,11.358156057549573
30543,16.0,17.000551989145862,17.00041143195922,16.99984417472675
14671,11.26,10.998481095891442,10.997863544020513,10.998444489550522
22671,7.49,7.290157786689712,7.291588073755377,7.2906676383188
21039,13.49,13.466588884430182,13.468892155021315,13.467184204755434
14045,10.59,10.948477294963155,10.949994836328344,10.948608586068467
23080,6.17,7.472553795485672,7.473483696076448,7.473604249439687
4825,7.88,7.376926814191714,7.3788959000763175,7.377594785500568
6010,11.12,11.014871231085005,11.013647074987531,11.014697841338139
16688,15.7,15.34746257975763,15.34550580570097,15.346733174772488
19346,10.99,10.983872809872969,10.983301953438989,10.983721374017632
32560,7.66,7.452520650655973,7.453048643194071,7.45330372510042
14930,12.69,11.015036601807637,11.013189910872953,11.014797432110448
18239,7.49,7.5160493881277235,7.51866096173076,7.517362535980576
4349,11.48,10.89612118131006,10.896468937403618,10.89578938153282
22823,8.88,11.057943829625028,11.056675726809722,11.057941689611152
9898,10.39,11.010502043769591,11.011086053958783,11.010486756623404
16942,12.42,10.926252031135633,10.927682446851895,10.926193990630104
17958,9.99,11.084766150472197,11.086347197367312,11.085251092540771
7191,8.9,7.264988433123875,7.2678709407263495,7.265569955182908
28815,10.59,10.968508268069584,10.967588739210974,10.968350269842013
19216,6.17,7.38372239679569,7.3860579940685165,7.384675466768898
21875,10.39,10.934707435017154,10.9345881570747,10.934543115106814
27737,6.03,7.377561443992527,7.379167190114764,7.378351940982099
28842,6.17,7.478593762354745,7.479989758856204,7.479623611988379
18250,11.49,11.149043125941267,11.148747516490243,11.149559585194549
3347,11.86,10.983588448715416,10.984340844712467,10.983586744004361
19539,12.84,13.363053612199712,13.364308251730051,13.363249094876142
11690,8.59,7.276852411432349,7.279586044519695,7.277426680444223
20549,10.74,11.001824694010082,11.00196482766952,11.001763414861935
3927,14.59,15.234641782678075,15.236439920599345,15.234614386354195
23537,6.03,7.3380413908253,7.339831411079166,7.33878574574888
14868,7.9,7.453465242771258,7.455653656291961,7.454719492940548
31188,13.43,13.378216229620211,13.375040378947475,13.377203199521116
20756,7.51,7.358929977715257,7.360352649983566,7.359594240994953
28663,10.36,10.938037650599886,10.938739938295893,10.93805396537481
29317,15.33,15.471317172962081,15.468880691501374,15.4708015860562
18535,16.02,15.410773922594242,15.4081180740017,15.410140898153276
32002,8.0,7.2391728386156355,7.243106382340703,7.239861078492045
13250,8.49,7.349516147494424,7.351490405615964,7.350354725580424
13552,9.63,7.291269191625474,7.292721077735341,7.291785925488441
2055,10.99,10.995728661206106,10.99469125380772,10.995535450364631
29934,14.84,15.418912321690154,15.419212900678183,15.419283001728491
21278,15.68,16.99698208290644,16.99582903609544,16.99604376493387
28136,12.21,11.015970817425078,11.017267265471439,11.016189561417269
1543,14.27,13.457431610522391,13.453839636386679,13.456524640872239
15026,12.53,13.457250883958649,13.453432485725322,13.456330934833236
7326,15.95,15.324126305007585,15.322100222858223,15.323201504548251
26787,13.49,13.37398484934267,13.375025773566453,13.374166846100403
29637,11.71,11.090061282370218,11.088932565515467,11.09019684339656
29034,6.99,7.267141327077685,7.269563984633897,7.267576101984756
16852,7.68,7.231011907787413,7.233944597493575,7.231504438484862
11286,10.59,11.044596951217244,11.043395482328958,11.044579874765027
27961,7.66,7.396880207016931,7.397448634030309,7.397534922015264
2716,10.0,11.035312955932161,11.034579040809872,11.035355823593187
1600,12.99,13.353046138131482,13.354601155612436,13.353158286339163
19148,10.65,11.022525102310428,11.020929423651165,11.022329411733413
23607,6.03,7.251781805563491,7.254529925454066,7.2523205176068775
16948,14.27,13.476319822072107,13.478303506804846,13.476858397585604
8523,7.14,7.382004761280892,7.383477088691777,7.382758857652413
14835,8.32,7.337405553680408,7.339305744105419,7.337959981892742
28760,8.59,7.2971951540617965,7.2998962676224375,7.297803957554977
16512,15.23,13.366189832042842,13.367498261601222,13.3664206511843
6052,6.17,7.387072198207435,7.388213074718499,7.38772362282681
27249,13.43,13.437486357973928,13.436725727919796,13.436995066224508
6576,12.41,13.48513722413368,13.481579768616385,13.484362739846006
32166,13.49,13.522972939660443,13.519743789072376,13.522366811349514
2154,13.49,13.476077241166404,13.476316089025591,13.47641010531461
13034,10.62,10.968747447913039,10.969883365207583,10.968766429617357
23245,13.24,15.455758142385061,15.456249410792946,15.456191971968451
11441,6.03,7.301584010946434,7.3033154688259465,7.302212129689823
22988,5.99,7.3321039254225555,7.335133675208352,7.332844261200409
19882,11.49,11.051464937048602,11.050654918326504,11.051502359559882
10834,7.66,7.366257890490314,7.368888351986605,7.367065452676385
5242,10.0,10.95792926840574,10.958184774964714,10.957865250912871
23137,11.12,11.03055141027229,11.029602389576038,11.030496963134983
25819,12.21,10.97478692504704,10.973811728963993,10.974608352860123
28102,11.12,11.055057243744676,11.053395085235248,11.05494671982109
26243,11.86,10.90632399094618,10.906643061566005,10.905982956272304
2078,13.48,13.36730746406819,13.364273350655647,13.366283178584942
20969,13.61,13.48655368106907,13.487749558292302,13.486935286680485
17771,6.62,7.327467041890641,7.330606318906933,7.328231084239767
6330,7.4,7.340336327268482,7.342598405942916,7.340989089714469
32345,11.58,11.059442336463965,11.059407466296866,11.059632413341982
18275,13.49,13.582003259992458,13.579796233786464,13.581826806442354
12524,11.46,10.948159219629972,10.947397130092936,10.947936997479406
2805,5.42,7.256948173170733,7.259777578609671,7.257426012820319
18521,14.09,15.414098214549982,15.41250190555303,15.41359251321505
25288,16.35,16.911586488386597,16.910119069317584,16.91049986379452
23654,7.49,7.316203838593896,7.3175104495880525,7.316784790937877
23745,8.59,7.3144597966765845,7.3174249270693705,7.31515746309827
31381,12.73,13.431999048082286,13.433440247433747,13.432494301965814
12455,10.0,10.989358756237351,10.989995671946351,10.989376050996226
748,11.14,11.107032883219903,11.106673474552828,11.10740608513973
18501,12.42,11.081747197317519,11.082592682731352,11.082107422025775
21390,13.85,13.50612746187973,13.506569761509668,13.506600589166776
12374,7.49,7.284606850987999,7.287026706192094,7.285071459137147
358,8.9,7.527600813635911,7.5290237601231516,7.528861484477426
15910,11.11,11.099843504711675,11.099280691530222,11.100151518586195
15378,6.99,7.349737837970639,7.351464999400866,7.35051090434676
7285,11.36,10.920394419114125,10.920074552658885,10.920154431563066
5913,14.59,15.280267949442056,15.281975575159596,15.280405293833098
6397,13.57,13.459358057079253,13.460968113052617,13.459774953931493
14432,12.18,10.999098517612243,10.999871842394255,10.999235571924762
17608,5.42,7.2742605466448085,7.2754522530000365,7.274645211457841
15402,11.99,10.87158072731479,10.872266703834368,10.871211081700812
10477,11.14,11.01181791544561,11.011685006897862,11.011868478055773
15571,13.49,15.254465524130632,15.255517669597024,15.254432813571112
13803,8.49,7.391045673569691,7.391817563845964,7.39176245757727
412,7.9,7.472985017629982,7.475320681387569,7.474275952810625
26398,10.39,11.026642848778309,11.028431903367991,11.027096334829395
18081,10.62,11.060031589891281,11.056974192186585,11.05970530797595
4743,11.86,10.966518959087184,10.966788389911388,10.966347505207521
23100,7.51,7.402592539794923,7.403637641293208,7.403355489527359
7720,7.88,7.337200556191846,7.339929012775545,7.3379156296267505
14561,6.99,7.262969552545822,7.264490948547253,7.2633423131145545
10601,13.22,13.380070768902552,13.383500748423952,13.38069157621951
10999,9.62,10.908363175566558,10.907627956026689,10.908001487488216
7357,12.69,10.891480125003977,10.890504200829316,10.89103135098271
1290,17.15,18.61168132751503,18.597403326100206,18.604732891931555
2600,13.06,13.454421089831893,13.451731485323176,13.45355410741243
416,7.9,7.452673342106687,7.456083703851732,7.453922517899443
5209,10.99,11.048149244668512,11.047758300365157,11.048184895475753
16521,13.22,13.482448590331671,13.479231401472969,13.48170742222646
9414,10.0,11.002242695178307,11.002604768256438,11.002245879859313
30871,15.7,15.3823739261799,15.383443591082395,15.382756564429368
29270,9.91,11.144179855438628,11.144820942997818,11.144669778086392
12330,7.74,7.3036834900863346,7.305201741376962,7.304244601753492
26778,13.35,13.368680827198116,13.366215177716501,13.3675952189182
22558,7.68,7.451453091145109,7.451857868457224,7.452222693685017
21705,5.42,7.297089051516127,7.298428062727367,7.297603550671156
2385,18.64,16.993228800787023,16.98782381225616,16.991027245910534
12776,7.49,7.255252901413081,7.25774932798983,7.255671418286675
11393,6.54,7.404547959268538,7.405988800470162,7.405393598391079
3356,15.28,15.37035243177422,15.367335682195677,15.369487861059195
18788,13.49,13.4864727008191,13.48628175304352,13.486727134944493
1618,7.51,7.368704514619712,7.370116715228231,7.369269187838316
9880,7.9,7.313417839049548,7.3149421497068365,7.314027910286788
21020,11.49,11.079580652630918,11.077912340072734,11.079620965912477
6925,5.42,7.28276748194779,7.285189648042366,7.283269198188022
10897,7.51,7.279200350546962,7.2805738878807285,7.279659935871162
31409,14.11,15.396129188014296,15.39345933748556,15.395303246808098
6818,7.68,7.399461791527688,7.400021571885249,7.400129044421776
13419,19.29,16.97764976351589,16.97651494962767,16.976654306077048
131,11.83,11.100518581927194,11.101104716700618,11.101033696694163
11272,14.54,15.361323700150018,15.36210882607553,15.361614079217624
24083,12.42,10.952783239435064,10.952620252811174,10.952681210438705
29977,8.49,7.403643941469622,7.404426822748074,7.404348298103101
13042,8.59,7.4396479385453596,7.440259198226804,7.440346958619548
24203,13.16,13.463062558136638,13.460958251446542,13.462458612055023
23392,13.79,13.511942067510123,13.512987897504,13.512485238850328
8214,14.75,16.9888936448261,16.98357303861132,16.986841927171845
21863,10.95,10.905936575829687,10.906639434810632,10.905736283497081
6620,9.63,10.918152020167113,10.918404077466947,10.918035530269442
21969,6.17,7.265556323705864,7.269650862351032,7.266244091846726
26717,11.48,10.945466459308118,10.945993615027637,10.945279771018626
23113,7.51,7.299807217860102,7.30138158893494,7.300389035224392
16932,11.71,11.035297292070544,11.034100462937788,11.035197865877832
1782,6.91,7.247862091649087,7.250167452303338,7.248274017073686
27534,11.49,10.88185534768295,10.882799133287033,10.88155003547099
9130,8.0,7.386000705188389,7.386866383783846,7.386662612335434
27829,11.48,11.02838306316433,11.028951391824556,11.028469837871217
20287,9.99,10.966979245039093,10.966768241250811,10.966709006690655
14244,11.36,11.01706346092399,11.018057607463291,11.01724185919681
100,12.18,10.99202072773888,10.993432692682344,10.992209897781787
22716,5.99,7.31669757093472,7.318015996659208,7.31729129137553
14968,5.42,7.314864503728613,7.316323760085073,7.315460658557738
13778,5.42,7.251304957058721,7.253754510455348,7.25171574588293
20466,11.26,10.913174162281784,10.914212263344192,10.913005279862196
3529,7.66,7.3761937526920445,7.378839152569902,7.377037821009425
8988,11.86,15.359157093752449,15.356507596055225,15.358197862953663
8668,12.18,10.998742820646811,10.998420046868691,10.998712076897073
14387,12.84,13.407232588854946,13.408913847862946,13.407652330678406
27019,16.32,15.400436261233171,15.401718458159579,15.401043469389062
23102,13.98,13.50465760030285,13.503583000470632,13.504870923132408
6737,11.86,10.916196246995579,10.915360370010294,10.915850944409115
8797,7.9,7.400117359537004,7.401342149643316,7.40089406008244
20088,10.37,10.979457784649458,10.97866441125784,10.979267741504337
22606,14.61,15.254415045306468,15.25512241862238,15.254359281824298
895,14.3,15.35523806169063,15.355057756031803,15.355311691176802
8637,15.96,13.411456557145861,13.413374260624813,13.411982752707278
31057,15.99,15.42094020182931,15.421202946944126,15.421288555851646
1076,11.49,11.076995318342156,11.077509260770162,11.077238954791888
10957,14.42,15.324525232770883,15.322881159799694,15.323733805394806
13746,16.07,15.32545594059755,15.327547203598241,15.325765333838856
21994,10.28,13.447624623630627,13.449962065666645,13.448157564320105
27936,14.96,15.334130692198277,15.3346975050142,15.334262909868414
25785,7.49,7.383651363199861,7.3844120804164515,7.3842803174784795
21271,10.75,10.924430530341397,10.924603929935301,10.92413497515966
5057,10.59,10.865086404281154,10.866469557184018,10.864897657114682
16956,7.29,7.283551545585084,7.28624055805913,7.284113373244095
30,11.12,11.022037164744217,11.019611542774243,11.021725867944866
16414,11.99,11.004655228221912,11.004207681172877,11.004640686133252
27641,12.84,13.38545585164567,13.387268496960306,13.38567686756075
5799,9.25,10.973514026662668,10.973811584337188,10.973375353925363
30792,14.35,13.296225724658328,13.29566783298182,13.295316679535311
6725,7.51,7.388441844275888,7.3893651129385285,7.38913501647192
27016,20.03,20.251933860314892,20.202203406469813,20.22417708895635
2500,16.0,16.900557629596044,16.895055050155158,16.898256488808695
12496,10.37,10.935471282843103,10.93704163803797,10.935555246573726
3429,6.91,7.38314153961751,7.384826677039063,7.383960117527499
2536,9.91,11.031912082423574,11.03053404789874,11.031849282319396
618,10.38,11.06382690373736,11.063985085041928,11.064134301027224
17451,14.11,15.38517583636656,15.386089037949743,15.385563054241256
19634,10.38,10.971252725064739,10.970340463770002,10.97101927380532
1083,10.62,11.04984236830717,11.05100172571476,11.050183154784701
29139,11.49,11.031813343089814,11.030466049904746,11.03148886204324
10752,8.49,7.387660515105484,7.3892711342094115,7.388486346570273
21057,12.18,11.017902112981247,11.016739838583886,11.01774684898929
6529,14.72,13.47072723827537,13.471325586055446,13.471129027912962
8620,6.76,7.288612359893565,7.291505656022524,7.289205571006115
32369,10.71,10.93813780752189,10.939916904560688,10.938348254939498
3855,14.83,15.352250240087601,15.34917748053651,15.351185552227328
16870,15.95,17.10013151040985,17.09494212727752,17.098497238273143
1922,9.63,10.985163708760123,10.984538529995186,10.984878744907217
27967,14.72,13.441555889170946,13.437947905615363,13.440605267407724
1785,11.71,11.00224377207326,11.001830827063886,11.002020549845035
19409,7.51,7.284369395386477,7.287044666374162,7.285099899338978
31810,13.43,13.536071194449312,13.533318971407668,13.535706962078322
21239,7.43,7.4072714267687285,7.4078414122326,7.407850819049273
3101,12.21,11.029904987913742,11.028499357895459,11.02971242646942
4834,6.92,7.34331283369251,7.3455531316731975,7.343963027870038
13049,9.32,7.256370116344194,7.258670029036635,7.2567760231506035
32268,8.9,7.475742913042098,7.4780414287384005,7.477085314082846
18925,14.72,13.402632009435115,13.404007218093692,13.402909685945062
6801,11.49,11.01859439049041,11.017215842380963,11.018435263666596
8832,5.99,7.302580530597205,7.305414288141027,7.303234647373093
4288,15.23,13.463329587844392,13.46072152531701,13.4625118874185
6805,15.05,15.373997896786278,15.374007948311045,15.374173556589497
9503,10.0,10.914833007938977,10.915316886905654,10.914545301840539
1970,13.48,13.437159435661954,13.438640276782294,13.437465117759064
8737,15.33,15.338167170163256,15.33578272191433,15.337191931435331
31715,13.47,13.475544542753179,13.47505618587545,13.475179672587924
24248,10.0,10.971053206294812,10.970887924937635,10.970828183794755
9398,13.49,13.444855992125099,13.447025911831219,13.445365145905463
20069,15.21,15.390108625395879,15.386456036031595,15.389233405358222
3576,6.92,7.2533300088568184,7.256001888169164,7.253832259612857
27937,13.43,13.498097850322567,13.499134175063379,13.498556076037627
16087,12.87,13.436557589936768,13.438326251168242,13.43705570720542
27718,12.42,11.112472562181614,11.11218160779087,11.112705818947337
31325,7.51,7.441583369780837,7.442279407754996,7.442425426165633
20110,13.79,13.37361866643811,13.375755305026575,13.37387646793201
11226,12.21,10.939384795688795,10.93977438880616,10.939163113116752
13688,13.98,13.516006670498038,13.517138320944616,13.516649639228792
18805,6.76,7.395610547385156,7.3960890546176765,7.3962266433306425
17961,9.99,10.934115497284898,10.933490992926671,10.933766101916898
14513,12.87,13.396440392762216,13.397801238053583,13.396763497728774
27374,15.27,13.513261474452486,13.511460451485712,13.512780151300792
27406,13.47,13.432113340058933,13.430681471430756,13.431445679858944
30195,15.62,15.365061784281751,15.362742211439944,15.364098118345456
32363,12.42,11.123802797823982,11.123341750781492,11.12394131360893
3787,13.06,13.48704664879406,13.487772335028202,13.487547825105972
13920,9.99,11.039369803650471,11.039897093724822,11.039510821908532
9381,10.25,10.954871976609539,10.956164607588356,10.954958898986028
6649,7.14,7.370237743961649,7.372240804626222,7.370925372203462
20219,7.74,7.2849412493981855,7.286454828903914,7.285445321188624
25454,10.62,11.039377680823272,11.038927160672603,11.039434767651755
635,12.18,11.05418587767907,11.055159437937814,11.054491732644887
6147,7.9,7.320390839471207,7.323582708373952,7.3211734375979125
14251,14.96,15.352201595266639,15.350185446846826,15.351416790228658
31802,14.09,15.484255848853385,15.479999095657144,15.483566574783193
16264,15.62,15.348490883273875,15.344185021550597,15.347325456136389
6082,10.74,10.914881108656799,10.915279801983278,10.914573571852555
14294,6.17,7.389259841938073,7.389077210996692,7.389772610671052
2148,9.32,7.273069386330318,7.275046181754117,7.27363061518752
24598,7.9,7.361320242831954,7.363805988613993,7.3622831314732995
19293,11.99,11.04696815448315,11.044778663132993,11.046752443756008
20490,11.71,11.034787161903456,11.034259817761427,11.034653144228058
27871,16.45,16.93417354266549,16.93525013038431,16.933305549707512
10899,10.25,11.014459681176373,11.014682420567608,11.014459500008087
30435,5.42,7.337871076125228,7.3392979832392005,7.338559557098309
14049,8.49,7.32554570599627,7.327441356215551,7.326236797040982
20083,12.84,13.39698194268016,13.3953809861087,13.39611764693397
22328,6.99,7.267710872172571,7.2704059290762055,7.268171360805651
17466,14.42,15.414718905567366,15.415716681201838,15.41521743887445
14806,13.57,13.440219337466964,13.43769084197455,13.439538055150038
386,12.87,13.600092796200233,13.60133409554403,13.601095891551491
1930,15.37,15.364386782977055,15.360012062548424,15.363244887552497
1548,14.17,13.458087335799261,13.458023469234336,13.458335671483168
22277,16.77,15.359911217176752,15.361297931963643,15.36008276112322
18354,7.51,7.459175044132204,7.461833197067833,7.460301322090283
18731,7.88,7.476117225051696,7.478212534324206,7.477170896281186
786,13.85,13.582691185353353,13.580578465233135,13.582367841144539
10031,14.35,13.42522428826531,13.426615100706865,13.425707401649845
12082,7.88,7.292551405747534,7.294973697691725,7.293126110920372
23508,8.9,7.499273940631142,7.500476571812481,7.5003322448590035
30285,7.29,7.43742137995655,7.437894612785101,7.438154017106047
28908,11.86,10.905935172246307,10.907786882201263,10.90586372416782
29780,16.0,16.98090645522175,16.975469748911237,16.978779779872763
14955,15.99,15.262529253779455,15.259261595644332,15.261300052699122
20840,13.98,13.46454542511109,13.466351709679675,13.464943618467078
16377,7.49,7.319715724272202,7.322645809114661,7.3204895629701054
27099,5.42,7.307938912537918,7.310834500593599,7.308678642539486
3181,5.42,7.3831147050582775,7.3839887833886895,7.3837486795652225
18568,10.65,11.066765861589726,11.067437899889486,11.067099044551345
2328,12.84,13.454256116436042,13.450862380552248,13.453374979502687
20136,7.51,7.357808681323617,7.359073883379586,7.358445563364493
1751,7.74,7.335476711538932,7.337553649208778,7.336061711639568
8874,16.49,15.361827907004791,15.359390879886487,15.360871276447249
13953,10.37,11.032282773960315,11.031967535017253,11.032374216210691
3106,15.65,15.273764383948064,15.275860074678256,15.273837500865802
5963,13.49,13.368499236882993,13.367433466384314,13.367690020046195
25504,15.58,15.4256548533727,15.424693961831233,15.425852064012712
29350,14.84,15.319445756343654,15.32110431827235,15.319603379435602
24910,10.0,10.930316901776683,10.930010973242062,10.930086416352705
14878,12.04,13.492921538795596,13.494566738263782,13.493615504152881
18472,10.99,10.93411092497311,10.932849390576763,10.933767273447014
31767,13.8,13.521241110843603,13.523273383789775,13.522127356623589
31557,11.11,11.068733010468351,11.068081723899937,11.068896246811313
22692,17.74,17.092707385279773,17.09190389621523,17.092181303680917
8623,10.59,10.892965480944797,10.893430124812957,10.892628645151657
8715,12.73,13.429863174577845,13.428177134845182,13.429118514241015
13611,7.9,7.291398606797328,7.29285559728713,7.291891417326349
18071,10.99,10.87541224054397,10.876519597003407,10.87507347149591
16429,11.78,13.461360129471847,13.458303100796149,13.460568843600374
24704,15.7,15.377677730242192,15.3750017979767,15.37673859664924
22145,7.74,7.374951737317294,7.3764859962448455,7.37566000799903
26635,6.03,7.272537065533372,7.274745510178235,7.2729621781836205
5089,12.87,13.531014914620748,13.528006969506986,13.530528018126116
13021,11.97,13.529926904637346,13.526692269080833,13.529341237418398
29072,5.99,7.300595817956215,7.302157873795246,7.301096098769313
28846,5.99,7.411757223638141,7.4125815951680645,7.41243056020258
11804,10.99,10.97040052768071,10.971202545698251,10.97042639783242
19355,13.85,13.40560801713361,13.407838664890736,13.405933533134732
17939,7.9,7.524522143927592,7.527402995006565,7.525974794031383
10283,11.14,10.957322969963855,10.958061469831994,10.957291360511219
4821,10.25,10.907769170722137,10.908083008669461,10.907476619737926
17498,17.51,17.019481027942213,17.014679851720672,17.017742797818283
15057,13.22,13.427051325419548,13.428162716528355,13.427435898767222
31441,13.92,13.574024259389475,13.57590223003904,13.57494762827426
4298,7.14,7.276472947448326,7.279720487215924,7.27711973690126
28515,5.42,7.382947561212088,7.383931295077575,7.383615218449374
18396,13.49,13.523615100184848,13.522539874319275,13.52336354862251
10431,14.79,13.391835462801549,13.394036725885101,13.392202987684767
28328,14.84,15.379272155635306,15.379364726927417,15.379312817932988
6350,11.86,11.029168912836766,11.02811160088054,11.029101382343253
13774,10.38,11.0184686801032,11.016856310599946,11.018282148587993
11429,7.9,7.410033978152513,7.414104745233095,7.411405270207619
26051,12.53,13.510692174514116,13.509058712539773,13.510163945206761
9348,7.66,7.2926889259451935,7.294151430344365,7.293214428170932
32478,9.99,11.010182745426539,11.010053379405125,11.010269038966126
27410,16.29,15.498366303464513,15.493256424810895,15.497572274489226
7081,6.91,7.384373528310558,7.3857525781087245,7.3851221300921726
12116,5.79,7.392559910488256,7.39365900229463,7.393201683655096
3114,13.48,13.434292216777365,13.435374824074067,13.434634465925978
27162,10.75,11.068554723975216,11.068473438758138,11.068898558115473
19893,12.53,13.481267291199638,13.483415802186787,13.481886311057469
3082,10.39,10.91132594508154,10.911500195429417,10.911140256813074
1590,15.99,15.305164366869409,15.30669894376146,15.30527823015057
22155,14.79,13.403037735871173,13.399799514526837,13.402094431417417
2558,11.89,11.004971106754294,11.004337782558887,11.004768777289144
2912,16.32,17.007254303290154,17.000925591637994,17.00503342305847
15855,14.96,15.505074847539085,15.50597393068605,15.505762366594354
9632,14.35,13.501515160805624,13.498307803488606,13.500863145976925
24557,7.88,7.431470160836526,7.432560160068865,7.432340889916287
14852,6.92,7.321661335205028,7.324044762140742,7.322318493979096
24455,15.95,15.3240299650035,15.324970250967652,15.324291192399869
12964,11.12,10.894038602081022,10.893630728193767,10.89366209304811
20228,15.99,15.228067473107128,15.22609245002356,15.22686253509015
1042,13.85,13.515278705159599,13.514097951672076,13.514966222207832
19504,7.9,7.403228918512705,7.405712650725879,7.4041313216414055
24618,11.99,11.039559678275126,11.039747170186896,11.03957012327701
17071,8.0,7.387384343364922,7.3885557461123925,7.388100981955517
11221,13.23,13.488432540174934,13.489432999400954,13.488972629791302
4160,5.99,7.337783315341362,7.339572094663226,7.338437456045092
6913,7.88,7.3450791549360295,7.347583806976012,7.345803601417796
24163,6.54,7.254379930268496,7.256527198305283,7.254707815434947
17959,12.42,11.216862031107393,11.215695938382476,11.217370798437432
26186,7.51,7.320969214401824,7.3223774697315545,7.3215469824466135
12049,6.62,7.336981600656017,7.338497741603209,7.3376841788470815
31735,10.74,10.961890506549627,10.96250102812539,10.961744835283433
28420,11.49,10.935342858981324,10.936361490809118,10.935259694457102
19088,5.99,7.377273587149349,7.378953666031167,7.377883533925096
15859,7.9,7.461756557920764,7.463952817495679,7.462746367494475
3134,15.27,13.365037927809126,13.362285061902387,13.364083153262973
10889,10.99,10.884443958543697,10.884738654845993,10.884001917905078
31430,6.92,7.435607055335224,7.437550193062068,7.436624609027416
24104,9.91,10.894467207505327,10.895061814739048,10.894186627514076
5250,6.62,7.395293720461012,7.396276106855882,7.3960363912607185
20089,12.84,13.3445026218367,13.347410180693785,13.344987710955333
14582,11.49,10.987236876733617,10.985842737313593,10.986956691883266
27994,6.54,7.403419027585715,7.4058142072289375,7.404343505175263
2772,6.91,7.3982599507059055,7.400714517266993,7.399146880593322
27285,17.56,16.871056022172937,16.867367120331032,16.868802522652043
23835,5.42,7.376866719513821,7.379678439533423,7.37775806539339
18541,9.91,11.078035959100141,11.078941215588673,11.07833431251759
3761,12.29,13.459419195002067,13.460107038271271,13.45977929516456
20857,15.58,15.38983484164669,15.390003596432395,15.390108977284829
2787,7.88,7.403831465519897,7.405353207407804,7.404706035516101
9490,10.08,10.91373906430577,10.91419931465228,10.913447208554011
29756,7.66,7.385392027212991,7.387317727956877,7.386248043684846
26699,11.12,11.07916347115604,11.078991210942402,11.07952221913671
16228,10.99,10.999119844847622,10.998834101083558,10.998960048877995
15190,10.39,11.053869194407035,11.053569205085836,11.054032903200522
10858,12.69,11.023138877541427,11.022710125001925,11.023173206108947
31881,7.14,7.26608716473925,7.269822841758434,7.266781940820329
32451,13.11,13.49361385692862,13.495010998881334,13.494197069286741
11714,8.59,7.319285897830969,7.320911915374502,7.319940794082816
28017,14.27,13.504179089101768,13.500257770074153,13.503386337423482
16432,13.87,15.28581230723983,15.286633256164304,15.285931815241149
13993,10.65,11.074956669424125,11.074004895794902,11.075090362694434
23362,11.36,11.001660578179887,11.002229382634427,11.001681986452127
3308,10.0,11.006100007275204,11.004983364052837,11.005938109412886
30419,6.92,7.280221414200711,7.283296656440185,7.280901108571798
13795,11.11,10.999524893653216,11.000312017789136,10.999616033170776
12213,10.99,11.049838241057413,11.047929490270871,11.04955787538611
3810,9.99,10.993307628084928,10.993388089115088,10.99313589348684
30207,14.79,13.493144482954754,13.493622405591399,13.49357842166463
685,12.42,11.095291482535087,11.095219300029997,11.095665812242636
7382,7.88,7.257962332166834,7.2602890465167915,7.258404416128384
12963,5.79,7.322272081355179,7.325172601831338,7.323062157774627
27609,12.21,10.932623047427633,10.932061018672982,10.932320390716312
15369,12.42,11.088300533415818,11.087216570848337,11.088466076338605
20586,12.21,10.941689194644908,10.941142175162975,10.94148078132929
985,15.99,15.2308955944374,15.232326641633387,15.230911246722668
2208,10.37,10.94695357276332,10.94831620749442,10.947033963359885
29018,18.53,18.56986782916276,18.559004084041945,18.56401455450893
29243,10.99,10.968626125177778,10.968723624001603,10.968448439085943
20254,10.74,11.0015879175544,11.001200552019245,11.001400066593511
23661,6.99,7.274513533824888,7.276425567852163,7.2750194871061
16454,7.49,7.396655893175986,7.397368032499667,7.397302314656507
12872,12.53,11.077666759289425,11.076543451659903,11.077765571211271
18798,11.71,11.007814836521389,11.007220284872005,11.00757222855676
17464,11.46,11.005894786768676,11.005835509382615,11.005802935341979
31752,14.72,13.425094351074009,13.421898353832791,13.424140959693542
45,15.33,15.392363978902386,15.39084119860023,15.391691588481802
3237,15.65,15.356293862557454,15.352457597850384,15.35521275505209
28192,13.49,13.454155965133555,13.450539899212302,13.453205171781276
24004,6.99,7.364858056698656,7.368466362310283,7.365937941662882
8175,16.32,17.00445116975859,16.99968438709798,17.002415120690056
8609,6.99,7.414969223889641,7.414502704055476,7.415491189864705
11185,14.84,15.31048739041877,15.311409909587912,15.310682544441118
19139,16.49,15.34377834305813,15.343871633975503,15.34385760422316
15766,12.21,11.01288884724551,11.013696109058795,11.013025352293553
18471,11.11,11.133844853986668,11.134003464102365,11.13418505874215
17780,12.87,13.464037179359273,13.462103936620919,13.46330169446583
23227,12.72,13.576524334394918,13.57239353291773,13.57599607906285
21062,11.34,13.487817073619548,13.488422786535125,13.488250541756443
661,11.12,11.073243640288071,11.073259974786692,11.073568964580732
5723,13.49,13.461863976088157,13.462457365091398,13.462226397755094
18376,20.17,20.271102114258014,20.224297955145005,20.24451171998119
28859,6.62,7.267758220973666,7.270149209149369,7.268222722356743
13926,11.14,10.865520314107707,10.866187674830154,10.86513186717068
9843,7.9,7.325112963214974,7.327028189565661,7.325839286729452
16486,15.62,15.39957448929564,15.400782590872604,15.40012016934439
228,13.35,13.591311841536818,13.589739189851084,13.591174742694683
5248,7.9,7.275261527997488,7.276823541922496,7.275770404489593
28809,13.23,13.361530347690223,13.363891962916288,13.36180796048028
2359,7.9,7.252349673393651,7.255306516928702,7.252851315359495
10558,11.03,13.46896714860205,13.47057576356439,13.46954976438659
22602,8.59,7.262723349495455,7.265819943294736,7.263313659169512
14428,12.84,13.434147679536455,13.43389298601991,13.433633210222723
23183,12.18,10.905098739408526,10.906748723561508,10.905000890162528
5543,10.39,11.018348000497197,11.01698821018542,11.018163957222594
4060,14.27,13.376403286382438,13.37472639494337,13.375667552460225
13765,5.42,7.309936903639856,7.3116937736733005,7.310571942585547
21557,6.99,7.2945512328662145,7.2971535416765025,7.295194589488634
2598,6.39,7.369097938592253,7.370702433294326,7.3697109878866325
1403,7.51,7.348891305251653,7.350278295334039,7.34939712364467
17901,13.99,13.390248325237614,13.38926107881362,13.38932745472986
21364,8.9,7.287078777306302,7.288105919373468,7.287506827037864
16705,9.63,7.358873927506642,7.360793623707614,7.359713754080151
26010,11.63,10.923223443782256,10.92284957036653,10.922946463147854
20723,12.84,13.41411981037346,13.417092908810762,13.414848038139741
4512,13.49,13.44383888034688,13.441920842610873,13.443101888781412
2914,5.79,7.358202598077506,7.359990005736005,7.358741833004784
6428,6.62,7.358786693957069,7.3609507772546126,7.359473004333649
20256,14.61,15.366038322386505,15.366993095313878,15.3661615486909
16266,7.66,7.355636793079688,7.35790969874597,7.356273906501748
11573,19.74,18.608486702259498,18.593791979691673,18.60161803806853
19369,16.4,16.969233812373442,16.967809898469376,16.968274850945907
20494,7.51,7.417705462131534,7.4180832780715145,7.418382532921236
32316,13.49,13.580396217218091,13.577880808814369,13.580164692952962
18302,16.29,15.373375076919956,15.376824740044022,15.374110393846522
6571,10.99,10.944606372584175,10.944479765733425,10.944501199068899
26643,12.09,13.380805044703155,13.37957887644432,13.380072787107068
11250,9.32,7.413243952231382,7.414619364292362,7.414108184565103
31305,10.99,11.083375073035732,11.082634815415647,11.083496577844848
4683,8.9,7.421590147364839,7.422825819181894,7.422420618918289
16615,7.74,7.311208139414553,7.31304617936081,7.3118769482102035
6547,10.33,11.01787963976207,11.017865409409598,11.017774002075518
9680,9.91,10.950709616741596,10.950612203950108,10.950639860520589
1215,15.31,15.244230917663758,15.241841049059406,15.243116990924015
18572,9.99,11.053435666457188,11.05483744554564,11.053817163194116
3290,8.49,7.368191176320813,7.369275648253696,7.368821113772057
24028,11.83,10.941521002104086,10.942956426986362,10.941480690974373
11054,12.53,10.930152724095482,10.930727840782637,10.929978471536346
31826,6.99,7.48296546127067,7.482351340265139,7.483636853337848
25877,10.25,10.839372319456082,10.839850914027153,10.83884077928869
29973,9.99,11.017874100513978,11.0179330490591,11.01776599684286
960,11.71,11.019104739001143,11.020754270030931,11.019356601459414
32522,6.99,7.407770613543325,7.410884150390771,7.408872410146898
22798,13.23,13.358378201845657,13.357555036423562,13.357634547963634
5809,14.27,13.43125223306687,13.43236465642914,13.431621206930203
14175,11.34,13.427295935262695,13.429907202119832,13.427815063036443
24385,11.11,11.188538820107823,11.186903699515948,11.188991921927709
30174,15.27,13.450019598557258,13.451585927019774,13.450500960164746
30122,6.03,7.392271489647136,7.394231159194505,7.393014414695057
19049,10.36,10.995735077510417,10.99448638488102,10.995466384044907
3532,10.95,10.887631934874632,10.888458219732883,10.887380033301705
7867,10.99,11.082198770328631,11.080010501973373,11.08212008055027
19208,10.65,11.007736366996994,11.008711889618855,11.00785034574739
5698,10.65,11.015128230983358,11.013994917526128,11.014905466809301
18601,10.0,11.133195962902178,11.13202608999518,11.133484262175845
30090,8.49,7.436106178897708,7.436670951450985,7.436840283939965
5750,16.02,15.282223596280755,15.28471895849038,15.28244217812116
7653,9.99,10.994491918541984,10.994829839198786,10.994392001442497
14447,11.09,13.466707299555353,13.46493221878687,13.466201222529424
5435,15.62,15.34161798128398,15.339144229472502,15.340656308317325
19108,8.88,11.028205570731876,11.026659907983266,11.028004311092722
11770,6.62,7.319862195310306,7.321398747389755,7.320520116144252
24425,15.37,15.292228658396768,15.293471818661283,15.292267492665285
76,9.91,11.168449283752208,11.168073887385916,11.169039839023078
22030,6.17,7.3786439010132305,7.378182978158536,7.3790476402487695
1999,6.99,7.367223046648687,7.369789723257224,7.368152454132661
22779,15.27,13.442125534449577,13.439887328568124,13.441405462606632
25488,15.33,15.442226796363368,15.442316970787871,15.442679973256407
8755,14.18,16.98172570730299,16.977084740799796,16.97965708000842
15517,9.63,11.037518530731063,11.034990947773094,11.037236399974784
16029,13.11,13.430372719229233,13.428948975892464,13.429677048211598
259,16.02,15.48505594387426,15.482974134645676,15.484645260677969
28752,7.88,7.299068784651356,7.30244583054546,7.2998247108548195
17713,16.63,16.97545278949257,16.97412738834688,16.974546592923605
12380,11.86,10.967634148929749,10.967563914536367,10.967627055893976
2138,12.18,11.03304135589201,11.031302191935328,11.032853497905213
9507,7.14,7.424578025364335,7.425222533055558,7.425309352262788
28583,12.29,13.349312428751572,13.346255178291486,13.348209132335615
8588,13.8,13.434900223533909,13.43469373527223,13.43456849567241
28275,11.71,10.918347583706913,10.918987998468246,10.91815142250957
5967,9.99,11.02142824316549,11.020487173256239,11.021342103935636
23698,12.42,11.061982950290048,11.0608179712086,11.061988565833897
2083,10.99,10.908542147582011,10.908108280427209,10.908256464806636
429,10.37,11.127358032898162,11.127103693338613,11.127835614124196
16924,12.99,13.481623792298535,13.479007787215533,13.480828659229878
837,13.72,13.584410382879732,13.582211800050942,13.584066180915297
349,19.74,18.61463775115571,18.60086209925868,18.607825563078066
8622,6.62,7.297273203364832,7.299503937821261,7.297969054148022
21321,15.96,13.47895030479744,13.480638060619066,13.479388220369284
3252,10.75,10.997970244264375,10.997430209734876,10.99773206781343
