source_row,actual,KNN_predicted,KNN_score,SVM_predicted,SVM_score,DecisionTree_predicted,DecisionTree_score
29195,0,0,0.0,0,-1.0573686694936755,0,0.024745762711864405
31277,0,0,0.13083080326323684,0,-1.4784488686150659,0,0.049344978165938864
17713,0,0,0.3961064224065666,0,-0.36388685641116364,0,0.46551724137931033
21376,0,0,0.058858461080920244,0,-1.5818660042426838,0,0.07979695431472081
21062,0,0,0.07318041290235078,0,-0.8339180190997033,0,0.07979695431472081
25654,0,0,0.0,0,-1.4611690976146967,0,0.0
20561,1,0,0.0,0,-1.4670179408552273,0,0.049344978165938864
30943,0,0,0.12782769116313475,0,-1.1627848083915486,0,0.07979695431472081
347,1,1,0.6784546999911949,1,1.622095888436999,1,1.0
15895,1,0,0.19011914970729776,0,-0.886809749765755,0,0.1524008350730689
16894,1,1,1.0,1,2.882213186360198,1,1.0
9807,0,0,0.13695833580939362,0,-0.9345143141091996,0,0.07979695431472081
20546,0,0,0.060520156156893726,0,-1.475050928984283,0,0.049344978165938864
30554,0,0,0.060737656750624605,0,-1.198104251135236,0,0.049344978165938864
15803,0,0,0.06972708633669918,0,-2.3363907709618883,0,0.049344978165938864
13700,0,1,0.5014703033030191,0,-0.3337383449928803,0,0.1524008350730689
31398,0,0,0.20315445086886388,0,-1.0343192283204448,0,0.049344978165938864
6508,0,0,0.0,0,-1.9261531650989872,0,0.1031578947368421
1411,0,0,0.08110986872118908,0,-1.1821542760378296,0,0.05655655655655656
17404,0,0,0.22656191957999602,1,0.08620524413203368,0,0.07979695431472081
26538,0,0,0.29461704231453717,0,-1.1126291096078131,0,0.42857142857142855
11883,0,0,0.0,0,-0.9993772861597483,0,0.024745762711864405
7683,0,0,0.06474074587139095,0,-0.9851787989577476,0,0.12232204561161023
17360,0,0,0.0,0,-1.5033172521531997,0,0.07979695431472081
15466,0,0,0.0,0,-2.5712217343073624,0,0.0
3296,0,0,0.0,0,-1.0849289228531538,0,0.05655655655655656
28986,1,1,0.7167957047104865,1,0.4335251798284064,1,1.0
29841,1,1,0.7326516443518482,1,1.6531191451529885,1,1.0
19332,1,0,0.4065651484511813,1,1.2448203564647777,1,1.0
16904,1,1,0.9276938056952196,1,1.66929494443576,1,1.0
7243,0,0,0.0,0,-1.0697398318820512,0,0.049344978165938864
3807,0,0,0.22126971591408542,0,-1.103869689780664,0,0.12232204561161023
9002,1,1,1.0,1,1.7502114416377177,1,1.0
17764,0,1,0.7691418736406815,1,1.997951332010748,1,0.7674418604651163
8330,0,0,0.15396485007354666,0,-1.4757938722689155,0,0.07979695431472081
11326,0,0,0.0,0,-1.5359066019043883,0,0.07979695431472081
32577,0,0,0.0,0,-1.9136432105117271,0,0.024745762711864405
25558,0,0,0.0,0,-1.7011066542583015,0,0.049344978165938864
1582,0,0,0.20421722618500626,0,-1.087234265642625,0,0.05655655655655656
7674,0,0,0.0,0,-3.1009323509092517,0,0.07979695431472081
14285,0,0,0.06323315541355058,0,-1.5041077471869642,0,0.049344978165938864
8301,0,0,0.0,0,-2.862824466231814,0,0.07979695431472081
19488,1,1,1.0,1,1.8166422346659994,1,1.0
15386,0,0,0.0,0,-1.3835555209402621,0,0.024745762711864405
8112,0,0,0.05947518571285485,0,-1.1113181179893896,0,0.05655655655655656
17071,0,0,0.0,0,-2.2440168015536783,0,0.0
27347,0,0,0.0,0,-1.8099058829855816,0,0.024745762711864405
7729,0,0,0.17488115104125931,0,-1.0920093424176596,0,0.12232204561161023
8653,0,0,0.07340899605368961,0,-1.1284838433092692,0,0.07979695431472081
11117,0,0,0.0,0,-3.237521822117775,0,0.024745762711864405
32281,0,0,0.14925731473287224,0,-1.0649703968757307,0,0.12232204561161023
6625,0,0,0.05078760128802541,0,-1.137120637673366,0,0.05655655655655656
26287,0,0,0.0,0,-1.1625680193109633,0,0.024745762711864405
17667,1,1,1.0,1,2.153959610420282,1,1.0
23171,0,0,0.09836769749569128,0,-0.7324674851737538,0,0.16833333333333333
23260,0,0,0.08361128969833467,0,-1.1512457739468471,0,0.12232204561161023
7407,1,0,0.15261215284422167,0,-1.0984796473047287,0,0.05655655655655656
25253,0,0,0.061016232272537795,0,-1.1147049237644904,0,0.024745762711864405
22695,0,0,0.18843321655669917,0,-1.5161404750173508,0,0.07979695431472081
9969,0,0,0.19926948389051294,0,-1.0077392869503843,0,0.16833333333333333
10425,1,1,0.6924102702367071,1,1.4157495223777061,1,1.0
31493,0,0,0.06281648334209117,0,-1.2733154240470133,0,0.07979695431472081
13492,0,0,0.055853037903049005,0,-1.1694325744434853,0,0.024745762711864405
8738,0,0,0.05105018968107072,0,-0.8055308962135941,0,0.1031578947368421
20214,0,0,0.0,0,-1.7816834037722233,0,0.07979695431472081
19918,0,0,0.4203956094273293,0,-0.6712337554795265,0,0.1524008350730689
31499,0,0,0.0,0,-2.076020568232276,0,0.16833333333333333
20209,0,0,0.13098350752291485,0,-1.131850846062606,0,0.05655655655655656
9342,0,0,0.12052538794516605,0,-1.0278971908860326,0,0.024745762711864405
27928,0,0,0.07494451706277103,0,-1.430820332581201,0,0.024745762711864405
19760,0,0,0.0,0,-1.1137123952649381,0,0.07979695431472081
25425,0,0,0.0,0,-1.1696709717921034,0,0.024745762711864405
23398,1,0,0.3695968228048552,0,-0.20824798002071926,0,0.36363636363636365
5923,0,0,0.1445716046843741,0,-1.1356328335345953,0,0.07979695431472081
32093,0,0,0.19779178951862425,0,-1.2628502828411663,0,0.07979695431472081
27478,0,0,0.0,0,-1.242526452973782,0,0.049344978165938864
2878,0,0,0.06645124757031316,0,-2.597409428312708,0,0.07979695431472081
30171,0,0,0.12922880410790963,0,-0.21846271366491726,0,0.05655655655655656
29786,0,0,0.19116099847360998,0,-1.3167650395285877,0,0.02127659574468085
10780,0,0,0.0502505307635938,0,-1.1512066356165171,0,0.07979695431472081
18791,0,0,0.06070079986567237,0,-1.1198009177484276,0,0.07979695431472081
11948,0,0,0.11984756396423593,0,-1.0012858080799025,0,0.024745762711864405
9598,0,0,0.06577257375110251,0,-1.005485749134305,0,0.07979695431472081
24331,0,0,0.1943164110855481,0,-1.338917951749338,0,0.07979695431472081
4275,0,0,0.06624855606539014,0,-1.0587112446225024,0,0.07979695431472081
16345,0,0,0.0,0,-2.672573744062947,0,0.024745762711864405
15540,0,0,0.0,0,-3.039149396463374,0,0.07979695431472081
1001,1,0,0.36304655989655427,1,0.4045034682364577,1,1.0
3749,0,0,0.056635292899974696,0,-1.2608338739733076,0,0.12232204561161023
12461,0,0,0.06345504644459142,0,-1.0219994318169316,0,0.024745762711864405
24576,0,0,0.0,0,-4.884565276435147,0,0.07979695431472081
29948,0,0,0.20150146264845456,0,-1.371764848760051,0,0.02127659574468085
1996,1,1,1.0,1,7.1061117650597625,1,1.0
901,1,1,1.0,1,8.467324252385987,1,1.0
4801,0,0,0.18833869394655736,0,-0.9299376198895755,0,0.36792452830188677
526,1,0,0.4490577582559599,0,-0.6549507410060109,0,0.07979695431472081
8805,1,0,0.3432431237104125,0,-1.0072987916018665,0,0.07979695431472081
32095,0,0,0.0,0,-2.7048212999670938,0,0.007952286282306162
14566,0,0,0.0,0,-1.738778431497546,0,0.007952286282306162
4411,1,1,1.0,1,1.3835811043710255,1,1.0
24548,1,1,0.8834634129737415,1,1.1286089907660863,1,1.0
23847,0,0,0.18021417710980536,0,-1.1702526753455542,0,0.024745762711864405
9746,0,0,0.4235335563060218,0,-0.28874249150996584,0,0.12232204561161023
3404,0,0,0.05021914207591861,0,-0.8448204076547523,0,0.16833333333333333
2199,1,1,1.0,1,5.945371192531971,1,1.0
1274,1,0,0.19265197179389107,0,-0.4835048619349052,0,0.12232204561161023
30932,0,0,0.06366637614682019,0,-1.2852987154603266,0,0.024745762711864405
15977,1,1,1.0,1,6.971374929260839,1,1.0
30514,0,0,0.20296533620737664,0,-0.8173937972028706,0,0.07979695431472081
20359,0,0,0.11814655945953044,0,-2.3620296377542256,0,0.0
4108,0,0,0.15583543610719447,0,-0.9831996390240225,0,0.12232204561161023
12409,0,0,0.32481396086694536,0,-1.0292313183629824,0,0.0
24626,0,0,0.05959510779380944,0,-1.1403094734632808,0,0.07979695431472081
28866,0,0,0.11289030995420651,0,-0.9729754806735307,0,0.049344978165938864
5075,0,0,0.0,0,-1.5047680821600153,0,0.0
18286,1,1,0.6054381213072814,1,0.31932301303862104,1,1.0
24512,0,0,0.12751200227330997,0,-1.0363269640064365,0,0.16833333333333333
1740,1,0,0.26228160394111116,0,-1.027874297745917,0,0.12232204561161023
8763,0,0,0.0,0,-1.1243014499408779,0,0.024745762711864405
22741,0,0,0.1815433339280386,0,-1.0110690952942099,0,0.049344978165938864
30059,0,0,0.0,0,-1.3251665619582331,0,0.05655655655655656
24582,0,0,0.2064429931764909,0,-0.9509255811934594,0,0.07979695431472081
5208,1,0,0.1353580704877177,0,-1.0790093174316402,0,0.07979695431472081
3518,0,0,0.0,0,-2.253650003057151,0,0.07979695431472081
4228,0,0,0.1819151819829276,0,-4.293035733194808,0,0.1524008350730689
21693,1,1,0.9392919634244695,1,2.2529068151773215,1,1.0
31101,0,0,0.0,0,-1.549499594103462,0,0.024745762711864405
30426,1,1,0.9430168145280305,1,1.8840803328571627,1,1.0
9110,0,0,0.051017587679075806,0,-1.16382000718689,0,0.07979695431472081
29422,0,0,0.3142680284903465,0,-1.2784440839064426,0,0.09210526315789473
11911,0,0,0.0,0,-1.1466698691879085,0,0.049344978165938864
23873,1,1,0.7752503554391917,1,1.9987464757366156,1,1.0
17821,0,0,0.0,0,-1.7260405395526082,0,0.07979695431472081
3212,1,0,0.16262032675594634,0,-1.085941492502917,0,0.07979695431472081
3498,0,0,0.07654803584444328,0,-1.188095657024458,0,0.024745762711864405
32147,0,0,0.39299190700987696,1,0.2690162861057948,0,0.07979695431472081
7020,0,0,0.07136573184379134,0,-1.4918648612836511,0,0.05655655655655656
32173,1,1,0.8120999608176372,1,2.9949598540403533,1,1.0
10011,1,1,0.7035244383406427,1,2.49320942985278,1,1.0
13579,0,0,0.054304360280583934,0,-1.2471628470905327,0,0.049344978165938864
24540,0,0,0.0,0,-2.1829770230165844,0,0.024745762711864405
19126,0,0,0.0,0,-1.3923659818913192,0,0.02127659574468085
24865,0,0,0.06061560553718834,0,-1.7446631693170924,0,0.024745762711864405
15849,0,0,0.0,0,-2.653966819970386,0,0.007952286282306162
23832,1,0,0.0,0,-1.8677200487339234,0,0.07979695431472081
31467,1,1,0.8259941279570743,1,1.518762777424519,1,1.0
6055,0,0,0.3364717186373266,1,0.006993074176251113,0,0.12232204561161023
26057,0,0,0.0685310031135048,0,-1.1004897352008105,0,0.024745762711864405
8119,0,0,0.28662953189208606,0,-1.048335573296245,0,0.07979695431472081
25743,0,0,0.0,0,-0.9717976859812467,0,0.024745762711864405
32434,0,0,0.4671607711645035,0,-0.37540730807135764,0,0.36792452830188677
17557,0,0,0.0,0,-1.1667781484811783,0,0.024745762711864405
15744,1,1,1.0,1,2.572799596655506,1,1.0
6046,0,0,0.06124057237410087,0,-0.9999022681707976,0,0.024745762711864405
26102,1,1,0.576450181132384,1,0.057746341681150726,1,1.0
4351,1,0,0.470729741013407,1,1.7712903567266371,1,1.0
29139,0,0,0.0,0,-1.9641800591009324,0,0.007952286282306162
15037,0,0,0.2464670502459889,0,-1.2028124126391802,0,0.46551724137931033
14450,0,0,0.0,0,-1.8473977119448106,0,0.0
16638,0,0,0.0,0,-1.7700471255558163,0,0.07979695431472081
17337,0,0,0.05495747608736195,0,-2.464893565176767,0,0.05655655655655656
19912,0,0,0.0579930540399303,0,-1.3856278993524695,0,0.07979695431472081
11600,0,0,0.32571358081924057,0,-1.1458833058478293,0,0.19480519480519481
6208,0,0,0.25138084459651616,0,-1.1147520725935647,0,0.12232204561161023
11896,0,0,0.0,0,-1.1860277650838795,0,0.024745762711864405
425,1,1,0.7593704360682951,1,1.4812515985318577,1,1.0
2513,0,0,0.11788472489638559,0,-1.2542910914766718,0,0.1031578947368421
16713,0,0,0.05151392304781942,0,-0.9660896471173501,0,0.07979695431472081
15274,0,0,0.0660336635690881,0,-1.2283285859875992,0,0.049344978165938864
7956,1,1,0.673225918315781,1,0.9968587829983713,1,1.0
15615,0,0,0.11871161808348707,0,-1.2731305803626078,0,0.1524008350730689
22555,0,0,0.13907294780583832,0,-0.9924504765328612,0,0.05655655655655656
8804,0,0,0.13612218668459947,0,-1.564635899202825,0,0.07979695431472081
27920,0,0,0.0,0,-1.3551441950178635,0,0.0
20692,0,0,0.16494546621248699,0,-1.018015918277397,0,0.07979695431472081
7295,0,0,0.0,0,-3.5779632407278577,0,0.07979695431472081
30362,0,0,0.1348574778378731,0,-0.3373135216542094,0,0.05655655655655656
26849,0,0,0.12318687063673327,0,-0.9766043173603332,0,0.049344978165938864
25813,1,0,0.11974716000566663,0,-1.5568719922354126,0,0.16833333333333333
18931,0,0,0.3381993171130933,0,-0.8865550721177033,0,0.12232204561161023
32002,0,0,0.0,0,-1.3830988869038279,0,0.05655655655655656
11153,0,0,0.0,0,-0.9805708619225366,0,0.024745762711864405
29751,0,0,0.056544210327753926,0,-1.486504860009247,0,0.049344978165938864
25588,0,0,0.07478523290110951,0,-1.4760842213766825,0,0.024745762711864405
16682,1,0,0.0,0,-0.7104509222895878,0,0.049344978165938864
3074,0,0,0.19167434794373273,0,-1.0071046511323516,0,0.02127659574468085
15687,0,0,0.07792561695966665,0,-1.1517406293441272,0,0.049344978165938864
30048,0,0,0.0651133816460906,0,-0.9544188411488805,0,0.02127659574468085
3477,0,1,0.5688015027556708,1,0.6264628967667933,0,0.1524008350730689
11416,0,0,0.06984057707004679,0,-1.063094211757984,0,0.07979695431472081
8377,0,0,0.0,0,-1.2433661253808044,0,0.07979695431472081
13111,0,0,0.0,0,-2.2056678779569183,0,0.007952286282306162
8269,0,0,0.0,0,-4.251573573153365,0,0.07979695431472081
24963,1,0,0.3663599557027439,1,0.3518932451629431,1,1.0
29979,0,0,0.0,0,-1.5902920234935172,0,0.05655655655655656
676,1,1,0.8878725739553303,1,3.4163185913314513,1,1.0
19976,0,0,0.36000772702137407,0,-0.634401590735149,0,0.23655913978494625
16528,0,0,0.13394416386295868,0,-1.3003444526333041,0,0.007952286282306162
12298,1,1,0.8858955708830948,1,3.352659778132722,1,1.0
26805,0,0,0.06441567165169787,0,-1.2778585971658094,0,0.024745762711864405
1507,1,0,0.1360487075661174,0,-1.0668627684407443,0,0.12232204561161023
17555,0,0,0.05612164772020864,0,-1.812792818556178,0,0.0
7001,0,0,0.11744678435680088,0,-1.361622554508061,0,0.05655655655655656
31817,0,0,0.0,0,-0.8142227002562161,0,0.049344978165938864
25713,1,0,0.2642530505408155,0,-0.6021332635239891,0,0.1524008350730689
19685,0,0,0.2234664333594785,0,-1.3973768260266914,0,0.024745762711864405
24229,0,0,0.13117433557653832,0,-1.0939657904579996,0,0.024745762711864405
32166,0,0,0.12480133953856187,0,-1.477946884880744,0,0.07979695431472081
12598,0,0,0.1713249473214265,0,-1.126691945290072,0,0.024745762711864405
10510,0,0,0.4432699662567051,0,-0.7695792215106922,0,0.1724137931034483
15968,0,0,0.05446822603463993,0,-1.0967871324692253,0,0.05655655655655656
17126,0,0,0.0,0,-1.2023150086531422,0,0.024745762711864405
27487,0,0,0.06411828504095006,0,-1.2624336189032253,0,0.049344978165938864
24828,0,0,0.06941415065683676,0,-1.4059217920727458,0,0.16833333333333333
16257,0,0,0.0,0,-2.120937256616207,0,0.024745762711864405
19791,0,0,0.2210501355207852,0,-1.156628489417419,0,0.16833333333333333
26654,0,0,0.08579250731442568,0,-1.406915555835527,0,0.049344978165938864
17208,0,0,0.16302341407775878,0,-1.620294693038573,0,0.1524008350730689
28258,0,0,0.0,0,-1.0877030640094871,0,0.024745762711864405
10998,0,0,0.05840124972473772,0,-1.0132470682725754,0,0.024745762711864405
21487,0,0,0.18727920178406776,0,-0.4609521243804688,0,0.12232204561161023
6498,0,0,0.0,0,-1.9738992447543384,0,0.0
31579,0,0,0.0,0,-2.8081731264761025,0,0.0
28506,0,0,0.0,0,-2.108414397701905,0,0.007952286282306162
24641,0,0,0.24426881045243262,0,-1.8461564717127827,0,0.1524008350730689
27688,0,0,0.13664569773763918,0,-1.0097074127797052,0,0.07979695431472081
8645,0,0,0.12019970634038475,0,-0.5299165247854483,0,0.12232204561161023
20872,1,0,0.4823183181806141,0,-0.2143076342140668,0,0.1524008350730689
26834,0,0,0.0,0,-1.1437160656389753,0,0.024745762711864405
25735,0,0,0.12173200257809035,0,-0.7137222600827484,0,0.0
25349,0,0,0.0,0,-1.0546057427462079,0,0.024745762711864405
10014,0,0,0.0,0,-1.8108510441823595,0,0.024745762711864405
25617,0,0,0.0,0,-2.7839941718465897,0,0.007952286282306162
21929,1,0,0.08387820990815732,0,-0.9677921901972719,0,0.07979695431472081
15277,0,0,0.0,0,-0.931033723095291,0,0.0
21430,0,1,0.5838982425108982,0,-0.620507842499773,0,0.1524008350730689
28957,0,0,0.0,0,-3.2804467479212427,0,0.0
16308,0,0,0.0,0,-1.0316395571210626,0,0.049344978165938864
18184,0,0,0.20328414747309956,0,-1.0074976565778726,0,0.1524008350730689
4661,0,0,0.0,0,-3.41094001969696,0,0.1524008350730689
5814,0,0,0.15096224433459857,0,-0.8425381057359436,0,0.12232204561161023
3616,0,0,0.0,0,-1.0071823956221202,0,0.12232204561161023
22285,0,0,0.057210576373658166,0,-0.9925656364443445,0,0.024745762711864405
23491,0,0,0.18806296148242851,0,-1.2420178896805147,0,0.1031578947368421
5397,1,0,0.4863335182337843,1,1.0708696757098373,1,1.0
6347,0,0,0.15089754019878818,0,-1.0448814529705945,0,0.05655655655655656
2992,0,0,0.06069339357676123,0,-1.1629715857421392,0,0.12232204561161023
27997,0,0,0.06282313630469705,0,-2.3527055861951864,0,0.07979695431472081
11138,0,0,0.0,0,-4.881419330565438,0,0.07979695431472081
2541,0,0,0.0,0,-1.632925999950373,0,0.02127659574468085
23270,0,0,0.18469822121918314,0,-1.1317464708041491,0,0.12232204561161023
21711,0,0,0.0,0,-1.63400994534324,0,0.05655655655655656
13406,1,1,0.9502475667219155,1,1.4471845159957715,1,1.0
8985,1,1,0.7300227135960092,1,0.02136681782925548,0,0.1524008350730689
25819,0,0,0.0,0,-2.219385465247199,0,0.007952286282306162
17335,1,1,1.0,1,7.076820026601351,1,1.0
9407,0,0,0.0,0,-1.300529861835902,0,0.024745762711864405
24646,0,0,0.0,0,-2.7606944999903944,0,0.0
25848,0,0,0.19025569059809647,0,-1.0106949159277834,0,0.024745762711864405
7755,1,0,0.05927455738103691,0,-0.918858467805423,0,0.23655913978494625
22982,0,0,0.23337068632354402,0,-1.5672049759473579,0,0.07979695431472081
1194,1,1,1.0,1,4.74335898545899,1,1.0
1455,0,0,0.07412940286671385,0,-1.4718663140007506,0,0.12232204561161023
27622,1,0,0.07599682377775811,0,-1.230222222041999,0,0.049344978165938864
14978,0,0,0.0,0,-1.144407148690632,0,0.049344978165938864
24955,1,0,0.05594897567704694,0,-0.6505422641858303,0,0.07979695431472081
1926,0,0,0.058031405595070924,0,-1.1836823517032824,0,0.07979695431472081
3582,0,0,0.0,0,-1.9350410143384043,0,0.0
24375,0,0,0.0,0,-1.0378317440035323,0,0.07979695431472081
8601,1,0,0.33150752278326084,1,0.440214394718727,1,1.0
22077,0,0,0.11808890778939464,0,-1.1695899399402832,0,0.07979695431472081
18395,0,0,0.24821067777564124,0,-1.3377694373718558,0,0.07979695431472081
24777,0,0,0.06170553323621589,0,-1.0957212573219781,0,0.024745762711864405
10199,0,0,0.055587606887693944,0,-1.0175844843114272,0,0.07979695431472081
18193,1,1,0.5443964303587743,1,0.27908986341615244,1,1.0
9803,0,0,0.2819384499914084,0,-0.6487405566213751,0,0.12232204561161023
23740,1,1,0.6007178249926121,1,1.4541897470002498,1,1.0
2260,1,1,0.9513335849641114,1,2.189163650173394,1,1.0
13080,0,0,0.0,0,-1.2813687719704123,0,0.024745762711864405
19027,1,0,0.061209523285069276,0,-1.1350377584884541,0,0.05655655655655656
18018,0,0,0.06906865479419619,0,-1.475417789084533,0,0.024745762711864405
7110,0,0,0.3324457985318575,0,-0.7463471247529212,0,0.1524008350730689
26644,0,0,0.0,0,-1.5739819887444655,0,0.12232204561161023
7618,0,0,0.08483560418028725,0,-1.1374003240969608,0,0.07979695431472081
19750,0,0,0.05638501559313026,0,-1.1459610762912265,0,0.07979695431472081
6358,1,1,1.0,1,1.5694829970527069,1,1.0
29387,0,0,0.25376840173346543,0,-1.1251945615310455,0,0.024745762711864405
25697,0,0,0.12906256221179807,0,-0.958146419164551,0,0.049344978165938864
32407,0,0,0.06812371890563983,0,-1.8432198278856569,0,0.0
1725,0,0,0.11469505180123873,0,-1.0166373508350341,0,0.07979695431472081
18182,1,1,0.5694368670567839,1,1.197657845132979,1,1.0
15490,0,0,0.13675203837111286,0,-1.937445939337426,0,0.07979695431472081
7462,0,0,0.06292209793247694,0,-3.3151415652742418,0,0.05655655655655656
29381,0,0,0.31951717592691464,0,-1.4816144369770403,0,0.46551724137931033
30199,0,0,0.09370556474945453,0,-1.1996210297288443,0,0.05655655655655656
6797,1,1,0.8897785368105926,1,2.8646388321295726,1,1.0
27731,1,0,0.14247314210315942,1,0.7465762149391213,1,1.0
9696,0,0,0.058722396602098145,0,-1.1546348179032475,0,0.07979695431472081
7509,0,0,0.2953962798200584,0,-0.6564675888842315,0,0.12232204561161023
12952,0,0,0.0,0,-2.8422880827102714,0,0.0
8290,0,0,0.12488780493168114,0,-1.275945281456472,0,0.1524008350730689
5835,0,0,0.0,0,-1.1034290658414463,0,0.07979695431472081
27316,1,1,0.8018211478625636,1,1.1863671922678727,1,1.0
1830,1,1,1.0,1,1.6291067471112595,1,0.9941860465116279
15319,1,1,0.6268120179544417,1,1.3320645386012941,1,1.0
6698,0,0,0.48669198132660896,0,-0.7858820329106351,0,0.1524008350730689
9465,0,0,0.0,0,-1.9603707333530265,0,0.0
15885,0,0,0.0,0,-2.0182588445216436,0,0.024745762711864405
14963,0,0,0.0,0,-1.2821175739118869,0,0.024745762711864405
13727,0,0,0.0,0,-1.3356033081500183,0,0.049344978165938864
13659,0,0,0.0,0,-2.3290401682081057,0,0.007952286282306162
21019,0,0,0.0,0,-1.672380449704065,0,0.05655655655655656
4097,0,0,0.0,0,-1.0823406126981674,0,0.05655655655655656
7774,0,0,0.0,0,-1.3504683124241985,0,0.07979695431472081
19355,1,0,0.17214830565638103,0,-0.4916820156046721,1,1.0
13391,1,1,0.7994743036255271,1,1.3340877012808763,1,1.0
8196,1,1,0.8808456458442386,1,2.952530735984454,1,1.0
32218,0,0,0.0,0,-1.2283890499382881,0,0.024745762711864405
2672,0,0,0.0,0,-1.183734681941064,0,0.05655655655655656
21979,1,0,0.30715021832480605,0,-1.1922925090453944,0,0.1524008350730689
28512,1,1,0.5420458975545747,1,1.9163006386552728,1,1.0
20036,0,0,0.0,0,-3.4483374560492392,0,0.0
17997,0,0,0.0,0,-1.0349046288759567,0,0.024745762711864405
22374,0,0,0.0,0,-1.8680963951651255,0,0.0
404,1,1,0.9371001809236492,1,6.5249063337192625,1,1.0
20773,0,1,0.9510381173666566,1,1.0373177905575957,1,0.7674418604651163
231,1,1,0.5416678914849398,1,0.8755916894081637,1,1.0
9276,0,0,0.12559017723797467,0,-1.3395888735634247,0,0.02127659574468085
14934,0,0,0.05379670918052681,0,-1.7100947001492433,0,0.049344978165938864
4776,0,0,0.1147459477536572,0,-1.2307679017665467,0,0.12232204561161023
11526,0,0,0.06904085175578444,0,-0.9680129335175012,0,0.23655913978494625
21235,0,0,0.15200960088286725,0,-0.9795927943614118,0,0.1031578947368421
25137,0,0,0.209233344006523,0,-3.2646159028715673,0,0.007952286282306162
19513,0,0,0.13424114132435178,0,-1.2374840453127938,0,0.36792452830188677
23025,0,0,0.05170599120093817,0,-1.1911062400634633,0,0.024745762711864405
17310,0,0,0.05229711116688977,0,-1.6501304206405694,0,0.049344978165938864
7351,0,0,0.19955683404743152,0,-1.1635356616592771,0,0.024745762711864405
22431,0,0,0.26506256242230913,0,-1.2434040835460867,0,0.07979695431472081
18081,0,0,0.0,0,-1.2604527336164302,0,0.0
27477,0,0,0.0,0,-2.166834462306222,0,0.007952286282306162
10566,0,0,0.17664786201496804,0,-1.0996444129357095,0,0.16833333333333333
28873,0,0,0.05559735597229671,0,-1.077895593728654,0,0.07979695431472081
28452,0,0,0.04372556965039848,0,-1.2110107873564124,0,0.07979695431472081
32141,0,0,0.0,0,-1.4024843691915643,0,0.05655655655655656
27470,0,0,0.05062522926298711,0,-1.3337536236695957,0,0.07979695431472081
20714,0,0,0.06286915445234743,0,-1.0739449164237553,0,0.05655655655655656
9534,0,0,0.06322778079733854,0,-1.1493305572377213,0,0.049344978165938864
11090,0,0,0.117870491011768,0,-1.1269353215555058,0,0.07979695431472081
12339,0,0,0.10838248889529375,0,-1.091448937698454,0,0.049344978165938864
5369,0,0,0.12471817248610612,0,-1.1861569576616433,0,0.1031578947368421
14796,0,0,0.0,0,-1.132830931826775,0,0.1724137931034483
19616,1,1,0.6152691306158319,1,0.8378019357139099,1,0.9941860465116279
32540,0,0,0.0,0,-1.4989101053073839,0,0.024745762711864405
14092,0,0,0.0,0,-2.1406619940696294,0,0.0
30113,0,0,0.0,0,-1.8131115055082998,0,0.0
19239,1,1,0.860690128610944,1,3.7919849092390945,1,1.0
9261,0,0,0.19084088339252758,0,-1.0471695148897862,0,0.024745762711864405
23037,1,1,0.7346403194199999,1,0.6253848093579946,1,0.7674418604651163
21191,0,0,0.20605523232751916,0,-0.9601077725503613,0,0.07979695431472081
15262,1,1,0.6080179581420471,1,1.1020439251706566,0,0.5
4517,0,0,0.0,0,-1.0438855318865157,0,0.07979695431472081
7434,0,0,0.0630142358575653,0,-1.0810952468472639,0,0.07979695431472081
8035,0,0,0.0,0,-2.1169219949054483,0,0.0
4752,1,0,0.05650975071708743,0,-1.1983378111209895,0,0.1031578947368421
31233,1,0,0.3358534218411911,0,-0.48187165182551767,1,1.0
23308,0,0,0.0,0,-1.1231946007657665,0,0.07979695431472081
13587,1,0,0.44991927217977934,1,0.11065405116268473,0,0.1524008350730689
13449,0,0,0.0,0,-1.190667187516929,0,0.049344978165938864
27111,0,0,0.0,0,-2.558166325213594,0,0.024745762711864405
19597,0,0,0.09242858893692289,0,-1.3229047575839075,0,0.16833333333333333
8208,0,0,0.06824340328786774,0,-1.1613376134961912,0,0.02127659574468085
32566,0,0,0.0,0,-1.3144774333379967,0,0.02127659574468085
27821,0,0,0.4168653653120198,0,-1.1051820337093066,0,0.18
2833,0,0,0.1013390406904879,0,-1.264623957885322,0,0.1031578947368421
6320,1,1,0.8731437664957129,1,1.5645400854751905,1,1.0
30190,0,0,0.13878034798862454,0,-0.730434512080111,0,0.12232204561161023
3555,0,0,0.0,0,-1.0731647536114626,0,0.07979695431472081
17775,1,1,0.8283572532233984,1,0.3797303125103824,1,1.0
24649,0,0,0.0,0,-1.1515907269781507,0,0.024745762711864405
5423,0,0,0.340355007418023,0,-0.45045269828661044,0,0.16833333333333333
21045,0,0,0.12778238979048198,0,-1.6847957106005833,0,0.05655655655655656
22436,0,0,0.11054545470037276,0,-1.2599978791244517,0,0.23655913978494625
13596,0,0,0.1282846406722914,0,-1.034149822835888,0,0.049344978165938864
17250,0,0,0.0,0,-2.0069751546232752,0,0.02127659574468085
27543,0,0,0.0,0,-2.036408228510143,0,0.0
13170,0,0,0.0,0,-2.0610899440497916,0,0.007952286282306162
8897,0,0,0.0,0,-1.1672642978316303,0,0.024745762711864405
3151,0,0,0.2754024590718553,0,-1.000312163834596,0,0.12232204561161023
19141,0,0,0.20909468947571094,0,-1.04454122672169,0,0.36792452830188677
25385,0,0,0.13277829451014944,0,-1.7782912264937951,0,0.024745762711864405
8277,0,0,0.12204599844329603,0,-1.0447096534991382,0,0.07979695431472081
13444,0,0,0.05080980464786217,0,-1.0534683840377486,0,0.049344978165938864
3277,0,0,0.1694866061214616,0,-0.9851763423670172,0,0.12232204561161023
16866,0,0,0.35491790421098013,0,-3.3398226425459234,0,0.16901408450704225
19941,0,0,0.10448388330551603,0,-1.0834653733709254,0,0.07979695431472081
10596,0,0,0.11241441101108138,0,-1.619535409512368,0,0.1524008350730689
8042,0,0,0.0,0,-2.1179161727166815,0,0.0
16613,0,0,0.0,0,-1.0365406409418634,0,0.024745762711864405
23470,0,0,0.11104304564924902,0,-1.4103630835410352,0,0.07979695431472081
6991,0,0,0.1888468089528652,0,-1.4110964945932667,0,0.07979695431472081
24201,0,0,0.0,0,-1.4226752897073967,0,0.05655655655655656
3527,0,0,0.06504524725083773,0,-1.682761643405746,0,0.07979695431472081
21636,0,0,0.19167181551607443,0,-1.2780797545468203,0,0.07979695431472081
8600,0,0,0.12456546417317665,0,-1.0098091797125155,0,0.07979695431472081
20495,1,0,0.0,0,-1.266993667219737,0,0.07979695431472081
12293,1,1,0.6649866645139807,1,0.8341975548107885,1,1.0
29383,0,0,0.0,0,-1.1353333924279636,0,0.12232204561161023
7289,0,0,0.0,0,-1.490962802096587,0,0.0
25972,0,0,0.0,0,-1.1336834998223222,0,0.024745762711864405
18131,0,0,0.054232172574023456,0,-1.983014729335657,0,0.007952286282306162
17648,0,0,0.0,0,-1.2818847749356128,0,0.024745762711864405
15598,0,0,0.0,0,-1.6646116429705122,0,0.049344978165938864
12138,0,0,0.0,0,-1.7576046188229495,0,0.07979695431472081
13545,0,0,0.0,0,-1.332780379683734,0,0.007952286282306162
26709,0,0,0.0,0,-1.0827655488899248,0,0.024745762711864405
6578,0,0,0.0,0,-1.1872141983873619,0,0.05655655655655656
13494,0,0,0.2019238391829935,0,-1.2467259374795887,0,0.07979695431472081
312,1,1,0.5985084758878007,1,1.2159067660844316,1,1.0
27275,0,0,0.06447753207069548,0,-1.1775214331674086,0,0.049344978165938864
24173,0,1,0.7602199360278922,1,1.0941748913512277,1,0.7674418604651163
5266,1,1,0.8671010194889502,1,1.6525488689170866,1,0.7674418604651163
19286,0,0,0.0,0,-1.8026400047905726,0,0.0
12025,0,0,0.05389816611380077,0,-1.0359917438819737,0,0.07979695431472081
30124,0,0,0.0,0,-1.8112887536677298,0,0.05655655655655656
1431,0,0,0.054838652653152874,0,-1.6238466821101767,0,0.02127659574468085
23905,0,0,0.05355559161037243,0,-0.9830961719320759,0,0.1031578947368421
26218,0,0,0.0,0,-1.2833154116145005,0,0.049344978165938864
28133,0,0,0.16758013476171732,0,-1.3290418300948241,0,0.12232204561161023
29530,1,0,0.26832495047241944,1,0.10423436147373116,1,1.0
29367,0,0,0.22538802400307603,0,-0.994944886263426,0,0.07979695431472081
21228,0,0,0.0,0,-1.5982912946309071,0,0.07979695431472081
5375,0,0,0.0,0,-1.4698324294558829,0,0.07979695431472081
29341,0,0,0.34017477661472806,1,0.04144420088825568,0,0.1524008350730689
27864,1,0,0.3081291522772215,1,0.7022692856718102,1,0.9941860465116279
30706,0,0,0.0,0,-1.3315827534341604,0,0.024745762711864405
29509,0,0,0.11589988638905391,0,-1.821601107031459,0,0.46551724137931033
32551,0,0,0.0,0,-0.2645104990937271,0,0.024745762711864405
1053,0,0,0.0,0,-1.5868168264085578,0,0.049344978165938864
11471,0,0,0.0,0,-1.2696296493602826,0,0.07979695431472081
5624,1,1,0.6127283580205777,1,0.9168526655758542,1,0.8461538461538461
28904,0,0,0.33674156445610554,0,-1.2511754507640567,0,0.1031578947368421
2282,0,1,0.6156203447362272,0,-0.2398783974097462,0,0.07979695431472081
490,1,1,0.8786739080876247,1,2.1160827481448394,1,1.0
18701,1,1,0.9350796957241655,1,7.928194599743838,1,1.0
31032,0,0,0.0,0,-2.329260645572262,0,0.0
5572,0,0,0.14474282418129955,0,-1.0184669345148338,0,0.07979695431472081
12320,1,1,0.7182949234560774,1,1.6002694762401264,1,0.9941860465116279
29466,0,0,0.07215875703898733,0,-1.1541251322239678,0,0.049344978165938864
5005,0,0,0.0,0,-2.0995603007109027,0,0.07979695431472081
23205,1,0,0.20711829768016682,0,-0.31816370970187385,1,1.0
18637,1,1,0.8620032519554649,1,3.7657322312359343,1,1.0
24680,0,0,0.40251627180699745,1,0.0370322975433473,0,0.1524008350730689
28614,1,1,0.9431822255885083,1,2.8901897707709554,1,1.0
15310,0,0,0.06239041017037254,0,-2.0788642440662897,0,0.07979695431472081
22953,0,0,0.0,0,-1.1311703679794527,0,0.07979695431472081
14030,0,0,0.0,0,-1.335710414523506,0,0.024745762711864405
22682,0,0,0.0,0,-1.2872253996622582,0,0.05655655655655656
26771,0,0,0.0,0,-1.0861704928765477,0,0.024745762711864405
1780,0,0,0.17390621535552692,0,-1.0287229237122446,0,0.12232204561161023
9279,0,0,0.11988443656781196,0,-1.0348569231950815,0,0.024745762711864405
29552,0,0,0.1964684064791861,0,-0.9798445922151058,0,0.07979695431472081
16536,0,0,0.05768466749519184,0,-1.2338943985029307,0,0.024745762711864405
1303,0,0,0.4076695883041014,0,-0.9672804293529023,0,0.1524008350730689
27460,1,1,0.725882806355958,1,1.4392686990920855,1,1.0
14174,0,0,0.0,0,-1.3993018234913073,0,0.049344978165938864
27012,0,0,0.0,0,-1.012828127667054,0,0.049344978165938864
15461,0,0,0.0,0,-1.8835227244928028,0,0.0
19950,0,0,0.05174747469863375,0,-1.7311480691895587,0,0.05655655655655656
15854,0,0,0.0,0,-1.4371406886593345,0,0.024745762711864405
24307,1,0,0.28482520465286043,0,-0.7246674587942368,1,1.0
30682,0,0,0.05895661333877807,0,-3.4067989703236203,0,0.024745762711864405
29628,0,0,0.058746988635449277,0,-1.111709692358678,0,0.07979695431472081
23245,0,1,0.6117744297487566,0,-1.5301850530458787,1,0.6
10986,1,0,0.06439248806533679,0,-1.0911404577423758,0,0.07979695431472081
20132,0,0,0.0,0,-1.4308588502729136,0,0.07979695431472081
20739,0,0,0.0,0,-1.8651022587153503,0,0.05655655655655656
16756,0,0,0.05851318027162066,0,-1.8425677865975318,0,0.049344978165938864
24862,0,0,0.0,0,-1.4784579756570535,0,0.024745762711864405
10833,0,0,0.24182736419868986,0,-1.3788655520362032,0,0.05655655655655656
22820,0,0,0.24703006996784252,0,-1.5142901347725854,0,0.16833333333333333
22089,1,0,0.12391765542556854,0,-0.9387482803824714,0,0.16833333333333333
31994,0,0,0.12413469067198317,0,-1.0304666725284155,0,0.02127659574468085
3192,0,0,0.133530826516375,0,-1.2024596326200503,0,0.07979695431472081
3969,0,0,0.0,0,-1.1033900600754625,0,0.05655655655655656
30049,0,0,0.049424376300396373,1,0.29874918021604085,0,0.007952286282306162
4664,0,0,0.13475680973277104,0,-1.017438094067719,0,0.07979695431472081
16385,0,0,0.05900011924264075,0,-1.0194887941895066,0,0.024745762711864405
15005,0,0,0.0,0,-1.355524857152794,0,0.024745762711864405
1230,1,1,1.0,1,7.398450384943578,1,1.0
30134,0,0,0.0,0,-2.6509525515229835,0,0.0
24125,0,0,0.0633167469065094,0,-1.0331567195475198,0,0.024745762711864405
15707,1,1,0.7483357034943148,1,3.306916543180012,1,1.0
30601,0,0,0.0,0,-2.4576876268252903,0,0.07979695431472081
17771,1,0,0.40627397973128015,1,1.095085301205289,1,1.0
19654,0,0,0.16352390265656802,0,-1.1850710350420424,0,0.07979695431472081
9859,0,0,0.0,0,-1.9658696143302459,0,0.0
31800,1,0,0.13917397184347857,0,-0.44227720585029345,1,1.0
3661,0,0,0.0,0,-1.8793600832671764,0,0.07979695431472081
5011,0,0,0.05020955448930954,0,-1.0629723439406766,0,0.07979695431472081
28895,0,0,0.0904411910994394,0,-1.1189938680641855,0,0.05655655655655656
28982,0,0,0.0,0,-1.9933260427524382,0,0.0
11942,0,0,0.05286865422344431,0,-1.1299730585506644,0,0.024745762711864405
12843,0,0,0.1798334925903478,0,-0.9451546067986831,0,0.049344978165938864
8771,0,0,0.0,0,-1.3666290781373083,0,0.07979695431472081
4869,0,0,0.06966214347955245,0,-1.4999101118253073,0,0.05655655655655656
11665,0,0,0.0,0,-2.486329137369251,0,0.0
19610,1,0,0.0596197617292101,0,-1.1723113138518624,0,0.07979695431472081
21229,0,0,0.0,0,-1.8347101926275555,0,0.007952286282306162
1374,1,0,0.28044459493730156,0,-1.009732616963163,0,0.12232204561161023
162,1,1,1.0,1,4.74126663311489,1,1.0
7799,1,1,1.0,1,0.6141220199699247,1,0.6
14973,0,0,0.09911414523622203,0,-1.1240682105752133,0,0.049344978165938864
15610,0,0,0.0,0,-1.6664940117757427,0,0.049344978165938864
9243,1,0,0.15022838332182875,0,-1.1344966028607235,0,0.07979695431472081
29204,0,0,0.06727943203799042,0,-1.9139060809742907,0,0.007952286282306162
27954,0,0,0.0,0,-2.3935481149181155,0,0.07979695431472081
6536,0,0,0.05235881419501782,0,-1.8125409908800183,0,0.07979695431472081
14544,1,1,1.0,1,6.0760979736981575,1,1.0
1170,0,0,0.40174402130410414,0,-0.8173375682293453,0,0.07979695431472081
627,1,1,0.9495634601183868,1,4.921934557600543,1,1.0
11755,0,0,0.07258131800266669,0,-1.3586696758431676,0,0.024745762711864405
23474,0,0,0.06999966514028279,0,-1.2424979844628905,0,0.16833333333333333
13756,0,0,0.0,0,-1.2819195974943884,0,0.024745762711864405
28758,1,1,0.688436311819515,1,1.3043218257965083,1,1.0
6029,0,0,0.13823350290227063,0,-1.0088696093353131,0,0.07979695431472081
7170,1,0,0.05630015433342218,0,-1.18644016818268,0,0.07979695431472081
1977,0,1,0.6164126255120485,0,-0.49784050190693113,0,0.1524008350730689
16800,1,1,0.8597490506124051,1,1.7774575490993347,1,1.0
29052,0,0,0.0,0,-1.311312009649394,0,0.049344978165938864
29304,1,1,0.9413969525083313,1,4.45396834211958,1,1.0
16837,1,0,0.0,0,-1.1545072970197996,0,0.05655655655655656
8450,0,0,0.26198119688814,0,-1.478950007068231,0,0.1524008350730689
27681,0,0,0.0,0,-1.4142453152328538,0,0.049344978165938864
28652,0,0,0.0,0,-1.7866242080923311,0,0.07979695431472081
11551,0,0,0.0,0,-1.2186597196319031,0,0.024745762711864405
9048,0,0,0.0,0,-1.3007647121624832,0,0.05655655655655656
21541,0,0,0.0,0,-1.4463622528337754,0,0.12232204561161023
334,0,0,0.0,0,-1.8500108327697111,0,0.049344978165938864
26630,0,0,0.08262237398037564,0,-1.0288515012364168,0,0.049344978165938864
29808,0,0,0.0,0,-2.434544580326896,0,0.07979695431472081
12878,0,0,0.15350967495598322,0,-1.4222329816465393,0,0.07979695431472081
4183,1,1,0.8803597482557696,1,1.4395265871649006,1,1.0
12940,0,0,0.05828506636360528,0,-1.4956534042931584,0,0.049344978165938864
16341,0,0,0.12481580851191874,0,-1.0286017250741715,0,0.049344978165938864
2250,1,1,0.8832573561110025,1,2.9652876506678503,1,1.0
2404,0,0,0.061284105748181605,0,-1.1045362624882107,0,0.02127659574468085
2754,0,0,0.0662437498725841,0,-1.2085058907283075,0,0.16833333333333333
7421,0,0,0.0,0,-3.063033346176337,0,0.07979695431472081
25468,0,0,0.0,0,-2.753803342854447,0,0.07979695431472081
12338,0,0,0.0,0,-3.6130132349890727,0,0.0
6535,0,0,0.2315419596689281,0,-1.1655967448614073,0,0.05655655655655656
2115,0,0,0.040740960625645584,0,-1.0375229979626475,0,0.27058823529411763
27858,0,0,0.32976814302488483,0,-0.17753829321525177,0,0.0
1922,0,0,0.21004011126294936,0,-1.140236772379047,0,0.07979695431472081
7914,0,0,0.0,0,-1.336643770149441,0,0.05655655655655656
8662,0,0,0.18430475661312049,0,-0.8622433831010379,0,0.12232204561161023
4363,0,0,0.11115981122480686,0,-0.7069187603813456,0,0.02127659574468085
30161,0,0,0.1465702083770539,0,-1.3628744131344877,0,0.007952286282306162
23934,0,0,0.0,0,-3.3016012337982588,0,0.0
31462,0,0,0.19495482152993893,0,-0.8903729186767992,0,0.049344978165938864
25099,0,0,0.0,0,-2.6707233198135,0,0.024745762711864405
5352,0,0,0.0,0,-1.9112848729773053,0,0.07979695431472081
30532,1,1,0.7359601748587936,1,1.9653843789737797,1,1.0
10574,0,0,0.12526126170932522,0,-0.854242084935058,0,0.0
762,1,0,0.25439720620464223,1,0.30148378749839044,0,0.07979695431472081
26965,0,0,0.06341908460361848,0,-1.23455020661154,0,0.049344978165938864
13827,0,0,0.0,0,-2.5615655298608755,0,0.0
18219,0,0,0.21082856892918986,0,-1.4770184747394164,0,0.049344978165938864
1669,0,0,0.2227762819599728,0,-1.0691187621787108,0,0.024745762711864405
1314,0,0,0.051582887936810616,0,-1.3256790278334805,0,0.07979695431472081
28144,0,0,0.0,0,-2.2381188294990353,0,0.007952286282306162
31236,0,0,0.0,0,-1.6266149570205348,0,0.024745762711864405
10151,0,0,0.45288054223998697,0,-0.5959222783688523,0,0.36792452830188677
19473,0,0,0.17475326014469036,0,-0.9856686763227263,0,0.07979695431472081
18026,0,0,0.0,0,-1.2981181853349086,0,0.024745762711864405
1836,0,0,0.054133700133099746,0,-2.347816057749186,0,0.12232204561161023
8368,0,0,0.0,0,-1.4124100004481828,0,0.05655655655655656
13340,1,0,0.22760327881867096,0,-1.3731977755672897,0,0.1524008350730689
14024,0,0,0.0,0,-1.06458679220848,0,0.024745762711864405
15692,1,1,0.8661821359240447,1,2.5740520580343467,1,1.0
26782,0,0,0.1937909427110166,0,-1.3471055571610637,0,0.1524008350730689
2560,0,1,0.695380039527158,1,1.2273308230598114,1,0.7674418604651163
8818,0,0,0.0,0,-2.387985185303211,0,0.07979695431472081
9887,0,0,0.12626025982910255,0,-1.6583654460353463,0,0.07979695431472081
32515,0,0,0.15377246759766855,0,-0.610412315107906,0,0.049344978165938864
19710,0,1,0.5894292141140934,0,-0.8874917124591986,0,0.1524008350730689
11970,0,0,0.2429872954865143,0,-1.3185564678536408,0,0.07979695431472081
7248,0,0,0.05625950905077224,0,-1.4503181146681379,0,0.16833333333333333
30127,0,0,0.0,0,-1.4713253807640516,0,0.05655655655655656
21658,0,0,0.0,0,-1.5240422562620266,0,0.07979695431472081
27790,0,0,0.05912664934035096,0,-1.4253464005861205,0,0.049344978165938864
17309,0,0,0.0,0,-1.588650316408903,0,0.0
2653,0,0,0.2725234308832588,0,-1.1082220033425811,0,0.12232204561161023
21278,0,0,0.3734604926589858,0,-0.6410697398515284,0,0.1524008350730689
5831,0,0,0.17367910766187178,0,-1.0513642200903575,0,0.07979695431472081
14112,0,0,0.11795568631096813,0,-0.9086093764522498,0,0.42857142857142855
605,1,1,0.9506961144400605,1,6.029069120808147,1,1.0
6569,0,0,0.06008838524622967,0,-1.3238460131458516,0,0.05655655655655656
18403,0,0,0.06001085248087828,0,-1.634006777090959,0,0.0
976,1,1,1.0,1,5.363923325824766,1,1.0
25530,0,0,0.35124353640016415,0,-0.8711165634910976,0,0.1524008350730689
977,1,1,1.0,1,6.93100223382285,1,1.0
24358,0,0,0.0,0,-3.3255813795862914,0,0.07979695431472081
31423,0,0,0.13261012292496835,0,-1.5578587556279089,0,0.049344978165938864
19302,0,0,0.061509700483039366,0,-1.0344640382700878,0,0.17073170731707318
20445,1,1,0.5077114065037849,1,2.0691959812472813,1,1.0
14816,0,0,0.16217618744290144,0,-1.1078505474737224,0,0.049344978165938864
27699,0,0,0.0,0,-1.6229461424059997,0,0.0
3023,0,1,0.7955803904257515,1,1.0066293839080334,0,0.16901408450704225
5767,0,0,0.0,0,-1.0835043702818683,0,0.05655655655655656
15928,1,1,0.8824384770621503,1,2.2752640352245876,1,1.0
20879,0,0,0.11631943156880917,0,-2.9994047095760563,0,0.07979695431472081
20951,0,0,0.05936583638428827,0,-1.8500121630198216,0,0.07979695431472081
3604,1,1,0.8866860874881348,1,1.7638338698922182,1,1.0
19350,0,0,0.08908083791562531,0,-0.982840829109878,0,0.17073170731707318
29563,0,0,0.05442559328015071,0,-1.595053931355007,0,0.16833333333333333
22742,0,0,0.12404923847026604,0,-1.5337326899858765,0,0.049344978165938864
20235,1,0,0.2758163406283763,0,-0.6860741280278118,0,0.07979695431472081
31329,0,0,0.07428035811226731,0,-1.201009850838307,0,0.049344978165938864
31948,0,0,0.0,0,-1.4442901532370658,0,0.024745762711864405
635,1,1,0.8596684695127477,1,2.7146430150680887,1,1.0
1735,0,0,0.15212869958890318,0,-0.9293936224194534,0,0.17073170731707318
29847,1,0,0.33939878434469467,0,-1.6293749137514284,0,0.46551724137931033
28807,0,0,0.0,0,-2.0129547281215996,0,0.0
11317,0,0,0.050570002691732244,0,-1.0025476652846186,0,0.07979695431472081
14511,0,0,0.0,0,-1.7785263133559495,0,0.0
11805,0,0,0.053397590616404624,0,-1.165899855591949,0,0.07979695431472081
5446,0,1,0.8128243375635651,1,0.7436078257913652,0,0.18
27071,1,0,0.23277330624848463,0,-0.7247258460523018,0,0.19480519480519481
17540,0,0,0.0,0,-1.6901100576689922,0,0.0
22224,0,0,0.17886238698222706,0,-1.7019360497145493,0,0.1031578947368421
3497,0,0,0.11592986626043694,0,-1.153999504449169,0,0.05655655655655656
5098,0,0,0.0,0,-1.1323431927853993,0,0.07979695431472081
14390,0,0,0.04708149886910877,0,-2.008145293187667,0,0.12232204561161023
30512,1,1,0.6092827786852106,1,0.7538771715685222,1,1.0
15169,0,0,0.06956784783314288,0,-3.705317356791076,0,0.049344978165938864
31156,1,1,0.5511466330663286,1,0.41925200756025044,1,0.9941860465116279
5492,1,1,0.6111249421824582,0,-0.20663845655209173,0,0.1524008350730689
23440,0,0,0.0,0,-1.1458539454591246,0,0.07979695431472081
4500,1,1,0.9452922374420811,1,1.0528951403124773,1,0.9941860465116279
29575,0,0,0.12452003560046866,0,-1.0844714665823507,0,0.09210526315789473
7257,0,0,0.14020969108006884,0,-1.02001645623257,0,0.07979695431472081
9426,0,0,0.0,0,-1.2177303556291994,0,0.07979695431472081
19591,0,0,0.17313578812106933,0,-1.0334474286574709,0,0.05655655655655656
27153,0,0,0.4153932852383568,0,-0.25879910659004796,0,0.07979695431472081
9560,1,1,0.5243150969915985,1,0.7941485167252964,1,1.0
19574,0,0,0.07955554462002784,0,-1.1698163566387683,0,0.07979695431472081
239,0,0,0.06113028124343923,0,-1.4389633871718754,0,0.024745762711864405
3507,1,1,0.8080445915348314,1,2.1526682567966304,1,1.0
7649,0,0,0.0,0,-1.3080677886767567,0,0.07979695431472081
17392,1,0,0.0,0,-1.2975016973257056,0,0.05655655655655656
20886,0,0,0.07968064198545957,0,-1.0292705679731904,0,0.1031578947368421
23352,0,0,0.0,0,-1.500841409938373,0,0.23655913978494625
1338,1,1,0.5903128280987979,1,1.0724776400826996,0,0.4
30461,0,0,0.0,0,-1.871893665729056,0,0.0
499,1,1,0.9365984265357377,1,2.8202213049217275,1,1.0
2984,0,0,0.0,0,-1.584953283938792,0,0.0
2796,0,0,0.11705274978318567,0,-1.681750764198889,0,0.07979695431472081
6214,0,0,0.2513017834044966,0,-1.1599633489789583,0,0.12232204561161023
5615,1,0,0.05650708517816709,0,-1.0700451748324555,0,0.07979695431472081
22417,0,0,0.0,0,-2.2741896620299196,0,0.07979695431472081
12712,0,0,0.0,0,-1.6416805416427163,0,0.07979695431472081
28045,0,1,0.610927554178284,0,-0.5064796326002567,0,0.1524008350730689
16107,1,1,0.778451910669725,1,0.939854040803406,1,1.0
3289,0,0,0.05995097863328829,0,-1.09412822506117,0,0.12232204561161023
7768,1,0,0.0,0,-1.2847246435606707,0,0.12232204561161023
29016,0,0,0.0,0,-1.756722369261976,0,0.07979695431472081
373,0,0,0.2701718613556636,0,-1.0209786309851736,0,0.1524008350730689
12058,0,0,0.13719207542996173,0,-1.3069234075032259,0,0.1524008350730689
16998,0,0,0.049184028065393376,0,-1.2591014278456805,0,0.024745762711864405
14739,1,1,0.5364559360413823,0,-1.4090086721085502,0,0.1524008350730689
19165,0,0,0.05894014360402967,0,-0.8202259505507583,0,0.07979695431472081
10493,1,1,0.646033383001841,1,0.8025286707070984,1,1.0
20845,0,0,0.050822423371044645,0,-0.9657468260514441,0,0.07979695431472081
30397,0,0,0.19327606564732755,0,-1.6778780431717522,0,0.1524008350730689
11387,1,0,0.38528784038869535,0,-0.3900647650872235,0,0.23655913978494625
26996,0,0,0.0,0,-1.519363089762179,0,0.049344978165938864
14844,0,0,0.0,0,-1.1897724484055827,0,0.024745762711864405
10570,0,0,0.06177804166588553,0,-0.9887776450074652,0,0.024745762711864405
22821,0,0,0.0,0,-1.8146363602852227,0,0.0
27614,0,0,0.0,0,-2.2416812784814715,0,0.0
5392,0,0,0.0,0,-1.7022554913088328,0,0.07979695431472081
28405,0,0,0.0,0,-1.318538775836707,0,0.049344978165938864
6179,0,0,0.12365699366636229,0,-0.8588902326698535,0,0.12232204561161023
29946,0,0,0.0,0,-1.2087140574580888,0,0.12232204561161023
18455,0,0,0.05599680918164033,0,-1.2568265869695916,0,0.049344978165938864
25102,0,0,0.18391431648715506,0,-0.7835519743854662,0,0.1524008350730689
16608,0,0,0.27570266897878215,0,-1.025953985783456,0,0.07979695431472081
26768,0,0,0.06598502844449336,0,-1.0700422794657145,0,0.049344978165938864
1268,0,0,0.2036418974495725,0,-0.8421099929536346,0,0.05655655655655656
14958,0,1,0.6053097524978971,0,-0.6871492704852953,0,0.07979695431472081
27105,0,0,0.0,0,-1.2261766765919924,0,0.024745762711864405
16769,0,0,0.2833079382148994,0,-0.45055279340198146,0,0.12232204561161023
20355,0,0,0.1664497313370011,0,-0.9440949390204707,0,0.07979695431472081
4174,1,0,0.12103284546038226,0,-0.31906528177963184,1,1.0
25114,1,1,0.5110233426615466,1,0.11992284051780683,1,1.0
349,0,0,0.45039407046303553,0,-0.5514740537723795,0,0.1724137931034483
18047,0,0,0.0,0,-1.5970456566966902,0,0.024745762711864405
11256,0,0,0.05562964232535816,0,-1.3456109465929633,0,0.1524008350730689
135,1,1,0.6901329535100647,1,1.6533596765849874,1,1.0
3259,0,0,0.0,0,-1.1438464508943835,0,0.049344978165938864
16787,0,0,0.0,0,-2.0951117935347976,0,0.007952286282306162
11127,0,0,0.053715545372454244,0,-1.765362692533254,0,0.05655655655655656
16216,1,0,0.20356218887288216,1,0.2088822319469213,1,1.0
2048,0,0,0.3886151754575476,0,-0.24439600164541603,0,0.17073170731707318
14254,1,0,0.06199747634725483,0,-1.341220248493352,0,0.007952286282306162
19665,0,0,0.18645892853371182,0,-0.9937888463218609,0,0.07979695431472081
1834,0,0,0.0,0,-1.4303060388093756,0,0.02127659574468085
306,1,1,0.5071263662396663,0,-0.9430848241944099,0,0.18
32398,1,0,0.45369062401688165,1,1.3827163803995228,0,0.1031578947368421
959,1,1,1.0,1,8.713689406452795,1,1.0
28060,0,0,0.0,0,-2.0310868842951533,0,0.049344978165938864
11149,0,0,0.09335588053947197,0,-1.7021021080637175,0,0.07979695431472081
11506,0,0,0.0,0,-2.9108725598475496,0,0.024745762711864405
14403,0,0,0.2618554108970974,0,-0.5535062728765701,0,0.1524008350730689
11261,0,0,0.12694208857880473,0,-1.6334221000736355,0,0.05655655655655656
18654,0,0,0.2754673902846898,0,-0.7956144881151435,0,0.024745762711864405
9490,0,0,0.18760028483774924,0,-1.010154589357152,0,0.07979695431472081
17231,0,0,0.0861076154441926,0,-1.249882381155875,0,0.07979695431472081
7055,0,0,0.0,0,-1.4599089795051958,0,0.05655655655655656
14185,1,1,0.9526792004969209,1,4.157494505890039,1,1.0
28750,1,1,0.8054645587097771,1,2.328958518378422,1,1.0
32204,0,0,0.0,0,-1.404197190744032,0,0.07979695431472081
27584,0,0,0.0,0,-2.9201867145359945,0,0.024745762711864405
24227,0,0,0.0,0,-1.4763377367942032,0,0.16833333333333333
21861,0,0,0.05969367956602919,0,-2.5320636477740974,0,0.07979695431472081
28596,0,0,0.0639777836873233,0,-1.070072098396453,0,0.05655655655655656
8755,0,0,0.2998901662136291,0,-1.1788793761544687,0,0.07979695431472081
28796,0,0,0.07550002500094576,0,-1.077510471527247,0,0.1524008350730689
4748,1,1,0.9161026170302208,1,1.2124407613328179,1,1.0
4266,0,0,0.08862898769646649,0,-1.077119651228606,0,0.05655655655655656
144,1,1,0.8873089031035293,1,5.314936555604809,1,1.0
25014,0,0,0.12506676348577322,0,-1.070236321468191,0,0.049344978165938864
12037,1,1,1.0,1,1.9472272002259685,1,0.9941860465116279
20375,0,0,0.0,0,-1.8359978283319407,0,0.0
1280,1,0,0.37956679204435956,0,-0.22196659845960037,0,0.07979695431472081
28064,1,1,0.8173718543356843,1,4.946499951930292,1,1.0
24990,0,0,0.07211137488748495,0,-1.2196522368856666,0,0.07979695431472081
27292,0,0,0.05539000802552361,0,-1.251016192224261,0,0.07979695431472081
30357,0,0,0.249331599866431,0,-0.7218988335561147,0,0.12232204561161023
6105,1,1,0.8819263064911581,1,3.9429414746387432,1,1.0
8669,0,0,0.10375437498007004,0,-0.9977845223668029,0,0.07979695431472081
15410,1,1,0.7874541775366168,1,0.9043069922866702,1,1.0
8463,0,0,0.0,0,-1.0362937499988698,0,0.05655655655655656
11168,0,0,0.06429983748357654,0,-1.0181301359545574,0,0.024745762711864405
24397,0,0,0.0,0,-2.185825431651892,0,0.05655655655655656
19891,0,0,0.22667054789974947,0,-1.05522454945728,0,0.1724137931034483
29695,1,0,0.3415605987481014,0,-0.6264589771950981,1,1.0
657,0,0,0.07116709864220513,0,-0.6063466111339841,0,0.0
10621,0,0,0.0,0,-1.0795354040261587,0,0.23655913978494625
26505,0,0,0.07603156699059756,0,-1.2372222718582393,0,0.024745762711864405
18572,0,0,0.4523325410918424,0,-0.8723446627024827,0,0.16833333333333333
1525,0,0,0.0,0,-1.268094223724831,0,0.05655655655655656
22743,0,0,0.0,0,-2.069134462517044,0,0.007952286282306162
15541,0,0,0.049171506313175635,0,-1.6102340492370917,0,0.07979695431472081
31794,0,0,0.10343869476426595,0,-1.36615275563698,0,0.049344978165938864
9297,1,1,0.9441587241595021,1,2.2332151379393013,1,1.0
12050,0,0,0.06197540380969168,0,-1.2155633073908492,0,0.024745762711864405
19878,0,0,0.16612427635165308,0,-1.4529536377467969,0,0.16833333333333333
27421,0,0,0.10247495327811447,0,-1.4087714423576316,0,0.024745762711864405
5433,0,0,0.05962449624289007,0,-1.0352618496533732,0,0.05655655655655656
6243,0,0,0.18340919754332505,0,-1.2347265000328111,0,0.12232204561161023
2709,0,0,0.0,0,-1.553255979755546,0,0.05655655655655656
28710,1,1,0.9336123595086064,1,1.426005454640699,1,1.0
15731,0,1,0.6349004664394519,0,-0.16180370918660109,0,0.07979695431472081
1382,0,0,0.09211137519012746,0,-1.019240759079917,0,0.05655655655655656
9548,0,0,0.14567415709705192,0,-1.4437831356469792,0,0.1524008350730689
25620,0,0,0.0678645474471509,0,-1.142812555156937,0,0.049344978165938864
29803,1,0,0.27899816949124917,0,-1.3029520814603481,0,0.46551724137931033
13989,0,0,0.053475306674741305,0,-1.4452035149646196,0,0.07979695431472081
15663,0,0,0.0,0,-1.4105920442954996,0,0.049344978165938864
14893,0,0,0.0,0,-1.3355355528155195,0,0.024745762711864405
28359,0,0,0.0,0,-1.2285841382331155,0,0.024745762711864405
28088,0,0,0.056624459018200866,0,-2.37670452628642,0,0.007952286282306162
11273,0,0,0.0,0,-2.009286661356525,0,0.05655655655655656
12642,0,0,0.0,0,-1.693570721127177,0,0.02127659574468085
21267,0,1,0.6452629897297429,1,1.4055389365457234,1,0.7674418604651163
19963,0,0,0.23617874371362652,0,-1.4337660195140636,0,0.23655913978494625
1018,1,1,0.760238120385843,1,2.3744530704517604,1,1.0
15861,0,1,0.5592143374265846,0,-0.7269855144143431,0,0.1524008350730689
17931,0,0,0.13078212602226105,0,-1.5127544942533668,0,0.049344978165938864
28179,1,1,0.9400987484297878,1,0.8147708858251217,1,0.625
21159,0,0,0.057942706633529455,0,-1.218880473970907,0,0.024745762711864405
31210,0,0,0.1448423081182376,0,-1.084903855618426,0,0.049344978165938864
6982,0,0,0.0,0,-1.3191879213724895,0,0.07979695431472081
14408,0,0,0.0,0,-1.2714870724293164,0,0.024745762711864405
17914,0,0,0.05768634003436663,0,-1.1429768420094297,0,0.049344978165938864
18619,1,1,0.9383318705153236,1,7.231500339581037,1,1.0
17991,0,0,0.0,0,-1.6056035644266498,0,0.049344978165938864
2636,0,0,0.0,0,-1.1565345697021172,0,0.05655655655655656
17040,0,0,0.06435453058991385,0,-1.6182620875827023,0,0.07979695431472081
22944,0,0,0.19446361246346056,0,-0.9464956657432744,0,0.024745762711864405
12657,1,0,0.0,0,-1.0829791802556843,0,0.024745762711864405
20392,1,1,0.7222912316152931,1,1.7543134627302939,1,0.7674418604651163
1519,0,0,0.24336942154709545,0,-1.0261473449042793,0,0.12232204561161023
28923,0,0,0.19904848708870318,0,-0.936681788842755,0,0.12232204561161023
31425,0,0,0.058974562500080985,0,-2.5229243654686546,0,0.049344978165938864
26577,0,0,0.056564995722676606,0,-1.160698877034299,0,0.049344978165938864
19701,1,0,0.36539462248272997,1,0.8722528260788984,1,1.0
23877,0,0,0.05642617294745073,0,-1.3229392799770725,0,0.1031578947368421
4512,0,0,0.2978218214954823,0,-0.730871563111533,0,0.16833333333333333
5172,0,0,0.07030801994017488,0,-1.4226997123763596,0,0.07979695431472081
12343,1,0,0.28479664907090985,0,-0.2116848807594886,1,1.0
14512,0,0,0.0543189111144326,0,-1.1149408148247182,0,0.049344978165938864
1758,0,0,0.0,0,-0.7396592458916569,0,0.0
5182,0,0,0.0,0,-2.250425912141286,0,0.0
5606,0,0,0.0,0,-2.2106452301906208,0,0.007952286282306162
29658,0,0,0.0,0,-1.586811224319372,0,0.0
30479,0,0,0.0,0,-2.1043323797745583,0,0.07979695431472081
26495,0,0,0.07948746433193835,0,-1.062174517767525,0,0.024745762711864405
18215,0,0,0.0,0,-1.3382533853776049,0,0.007952286282306162
10933,0,0,0.33772541757367547,0,-0.9709566638971987,0,0.07979695431472081
30071,0,0,0.0,0,-1.260507036177723,0,0.07979695431472081
6743,0,1,0.5815328568244532,0,-0.06907602969932275,0,0.46551724137931033
3325,0,0,0.30731141852776733,0,-0.9967627709349443,0,0.1524008350730689
7869,0,0,0.0,0,-1.0492130026359754,0,0.05655655655655656
15492,0,0,0.0,0,-1.2743811958956517,0,0.024745762711864405
30358,0,0,0.0,0,-1.4718065293174252,0,0.02127659574468085
24181,0,0,0.0,0,-2.0729083627402933,0,0.05655655655655656
29423,0,0,0.23856707312164158,0,-0.6664879789544975,0,0.09210526315789473
9524,1,1,0.8459698297679885,1,1.5379962332560078,1,1.0
25615,0,0,0.28698838088296497,0,-1.3211874160625228,0,0.1724137931034483
772,0,0,0.12276594682680454,0,-1.205388692994892,0,0.049344978165938864
1866,0,0,0.053797741621067936,0,-1.5210457500071568,0,0.049344978165938864
25667,0,0,0.20831812458155824,0,-1.370749749543902,0,0.1524008350730689
14099,0,0,0.0,0,-1.1102404165789483,0,0.024745762711864405
991,0,0,0.19194534215182335,0,-0.7477009486635415,0,0.12232204561161023
16925,0,0,0.16127763729266664,0,-1.0695360708049209,0,0.07979695431472081
29314,1,1,0.5125961553231362,1,0.44112269812261784,1,1.0
10867,0,0,0.0,0,-1.733223865437548,0,0.0
32356,0,0,0.3692600572836683,1,0.20291248117575572,0,0.07979695431472081
18664,0,0,0.20781136859725524,0,-1.269007545907635,0,0.0
8798,0,0,0.0,0,-1.1911623547303947,0,0.024745762711864405
24073,0,0,0.26861432304478833,0,-0.9512408248839719,0,0.07979695431472081
14620,1,1,1.0,1,2.5804275878858705,1,1.0
29826,0,0,0.0,0,-2.0567479410152463,0,0.0
15105,1,0,0.4050242690741235,0,-0.9019789455479983,0,0.0
3089,0,0,0.0,0,-0.9961583143089936,0,0.12232204561161023
27905,0,0,0.0,0,-1.4852023403011183,0,0.024745762711864405
25863,0,0,0.0,0,-1.0500290130448666,0,0.024745762711864405
24184,1,1,0.6159198612076416,0,-0.9318721335867934,0,0.1524008350730689
6995,0,0,0.0,0,-1.8537835937513627,0,0.0
23541,0,0,0.0,0,-1.778202678447942,0,0.05655655655655656
20893,0,0,0.24551725854150636,0,-0.9688168939711885,0,0.07979695431472081
31930,1,1,0.8664594005292447,1,4.881108482711356,1,1.0
22140,1,1,1.0,1,2.977400272573929,1,1.0
20680,0,0,0.1878441031814236,0,-0.9628289358225728,0,0.07979695431472081
3887,0,0,0.0,0,-1.147896809375666,0,0.05655655655655656
20084,0,0,0.06151791586337342,0,-1.1542863457570682,0,0.05655655655655656
31342,1,1,0.5462517951300783,1,1.5839259466378008,1,0.6
10868,0,0,0.06190716327214989,0,-0.9583581502971767,0,0.024745762711864405
31060,0,0,0.06970493747696781,0,-1.511361240419152,0,0.07979695431472081
16962,0,0,0.11954824614498896,0,-1.0553746896903005,0,0.07979695431472081
25168,0,0,0.2687232313961448,0,-0.020278391415347097,0,0.07979695431472081
4580,0,0,0.0,0,-1.0956842899971742,0,0.024745762711864405
26724,0,0,0.0,0,-1.251946197343916,0,0.024745762711864405
3067,1,0,0.05604315080836882,0,-1.08581751043089,0,0.05655655655655656
7834,0,0,0.05629612749742982,0,-1.4998121785713492,0,0.07979695431472081
5320,1,0,0.3780114419439013,1,0.17076156758247174,1,1.0
14783,0,0,0.0,0,-1.884556695656352,0,0.0
24121,1,1,0.7961787020895118,1,1.2852591007841772,1,0.7674418604651163
22465,0,0,0.0,0,-1.2351521964874403,0,0.05655655655655656
24155,0,0,0.12930376294353468,0,-1.5411912642497752,0,0.05655655655655656
24907,0,0,0.0,0,-1.2691443058553646,0,0.024745762711864405
9924,0,0,0.09075147109253613,0,-1.0821580489664033,0,0.07979695431472081
17917,0,0,0.13677307831231056,0,-1.465529006649278,0,0.024745762711864405
20602,1,0,0.0,0,-0.8775474096368736,0,0.007952286282306162
27913,1,1,0.8262757929283052,1,2.9610190387240007,1,1.0
2704,0,0,0.339942535230208,0,-1.8592068632317198,0,0.1724137931034483
682,1,1,0.8249240143925858,1,3.234946787184985,1,1.0
25699,0,0,0.0,0,-1.2721131789097138,0,0.049344978165938864
1293,1,0,0.32066257648798224,0,-1.1679078185420535,0,0.27058823529411763
30513,0,0,0.2563554269220953,0,-0.9104629975553487,0,0.07979695431472081
26810,0,0,0.4417799589638299,0,-1.5081804288089824,0,0.1724137931034483
5579,0,0,0.31930863207172083,0,-0.7561701094257269,0,0.16833333333333333
32255,0,0,0.13503707921973396,0,-0.9687422709318101,0,0.07979695431472081
9462,0,0,0.05867549534167121,0,-1.0532238875679247,0,0.024745762711864405
31635,0,0,0.12276777396566232,0,-1.1206054141702588,0,0.049344978165938864
20691,0,0,0.06738381133535909,0,-1.1399449272213795,0,0.12232204561161023
4983,1,1,1.0,1,1.6898371836524437,1,1.0
16354,0,0,0.11466596193191116,0,-1.0479804639017858,0,0.024745762711864405
22333,0,0,0.06914316296907086,0,-1.046034143478257,0,0.1031578947368421
17477,0,0,0.0,0,-1.5071992851243383,0,0.024745762711864405
17301,0,0,0.06801022060644148,0,-1.0694920805814219,0,0.07979695431472081
3917,0,0,0.046920402253437625,0,-2.1229200428891106,0,0.07979695431472081
20065,1,0,0.4637600844459218,1,0.607767723003257,0,0.18
14717,1,1,0.6723619550749828,1,2.5982376882998657,1,1.0
1638,1,1,0.5995842147895308,1,0.06567415104808988,1,1.0
20365,0,0,0.05591018265742274,0,-1.2781883094666315,0,0.23655913978494625
21453,0,0,0.1597795766650044,0,-1.256425290205835,0,0.05655655655655656
25499,0,0,0.05889004739391535,0,-1.357471299455733,0,0.024745762711864405
31888,0,0,0.13114460485570667,0,-0.41800324994858423,0,0.049344978165938864
3014,0,0,0.0,0,-1.8257546196438867,0,0.0
16974,1,1,0.6915207900483009,1,0.5013259558885115,1,1.0
15495,1,0,0.0,0,-1.4751535783723537,0,0.07979695431472081
18101,0,0,0.4750275042216927,0,-0.634576043526788,0,0.049344978165938864
30820,0,0,0.33712211547741106,0,-0.7554361242958925,0,0.07979695431472081
27976,1,0,0.056814281063239915,0,-1.2048400272624176,0,0.12232204561161023
2286,0,0,0.12345902273687885,0,-1.335720039255396,0,0.07979695431472081
6288,0,0,0.0,0,-1.9679726879562462,0,0.05655655655655656
4798,0,0,0.07302517124858479,0,-1.301186813262393,0,0.02127659574468085
22538,0,0,0.0,0,-1.2550709448063304,0,0.024745762711864405
19181,0,0,0.0,0,-1.9504849867196787,0,0.0
16773,0,0,0.0,0,-1.8780790670579601,0,0.05655655655655656
29352,1,0,0.26601282057492864,0,-0.5480275583880347,0,0.27058823529411763
15832,0,0,0.0,0,-1.3293963731090355,0,0.024745762711864405
24657,1,0,0.05775324246566927,0,-2.0527078442059365,0,0.1524008350730689
10447,1,1,0.7519220033760736,1,0.9597305552794322,1,1.0
26282,0,0,0.0,0,-1.1086465869710378,0,0.049344978165938864
26688,0,0,0.0,0,-2.330996935299833,0,0.007952286282306162
633,1,1,0.9522748399525394,1,2.7821359877184193,1,1.0
18958,1,1,0.7042957996109711,1,0.4431533007252469,1,1.0
22188,1,0,0.26064820750557643,0,-0.751439430510288,0,0.16901408450704225
31072,0,0,0.0,0,-2.5913249399913756,0,0.07979695431472081
29403,1,0,0.1945762844957129,0,-1.1752681812832926,1,1.0
31537,0,0,0.060744726658988196,0,-2.16416945341573,0,0.007952286282306162
30524,0,0,0.10815209993907136,0,-1.146260487822016,0,0.07979695431472081
7861,0,0,0.13486744042322205,0,-1.168044416226091,0,0.05655655655655656
15958,1,0,0.20716373050126735,1,0.35597008584165263,1,1.0
24867,1,0,0.11470833477905734,0,-1.1175639528773196,0,0.07979695431472081
23237,0,0,0.1988931618356403,0,-0.8833500988691272,0,0.07979695431472081
11571,0,1,0.5305612138850809,0,-0.2929029498150712,0,0.1524008350730689
29798,0,0,0.0,0,-2.7095806444529074,0,0.05655655655655656
4570,0,0,0.0,0,-1.1889060172230674,0,0.024745762711864405
30398,0,0,0.0,0,-1.5682374523582354,0,0.05655655655655656
18069,0,0,0.0,0,-1.383893335573334,0,0.049344978165938864
28557,0,0,0.33298216629298355,0,-2.782330016270428,0,0.1724137931034483
16181,0,0,0.0,0,-1.208664649040728,0,0.049344978165938864
26572,1,1,1.0,1,7.736832939062434,1,1.0
2635,0,0,0.061127115456957114,0,-0.7809037678095354,0,0.17073170731707318
18509,1,1,1.0,1,3.038363410012892,1,1.0
11500,0,0,0.4448912753056582,0,-0.74919999665733,0,0.42424242424242425
5478,0,0,0.0,0,-1.01900412320038,0,0.024745762711864405
22154,0,0,0.25612281776456935,0,-1.4426650508293661,0,0.1031578947368421
16372,0,0,0.18829096284757008,0,-0.8840829804660444,0,0.1031578947368421
12859,0,0,0.0,0,-2.0924769798322886,0,0.007952286282306162
24549,0,0,0.0,0,-1.4235145794194222,0,0.024745762711864405
24370,0,0,0.11868237010736644,0,-1.0387182987068124,0,0.23655913978494625
16932,0,0,0.0,0,-1.1353347307790926,0,0.049344978165938864
30626,0,0,0.3081786227523137,0,-0.8553235426691788,0,0.07979695431472081
20988,0,0,0.04711067425207545,0,-1.103738599472935,0,0.05655655655655656
30298,0,0,0.05458429457131411,0,-1.2069562086427759,0,0.07979695431472081
11694,0,0,0.0,0,-1.0132669490014412,0,0.1031578947368421
31748,0,0,0.060006046972487,0,-1.5004185693062624,0,0.024745762711864405
17487,0,0,0.10941564570519535,0,-1.0940714393433317,0,0.07979695431472081
20467,0,0,0.0,0,-0.8956983450475113,0,0.05655655655655656
15199,0,0,0.06424500146768478,0,-1.391795697449521,0,0.049344978165938864
10189,0,0,0.0,0,-2.333088928771615,0,0.07979695431472081
5239,1,1,0.8887798155415289,1,3.6395994674130243,1,1.0
7461,0,0,0.0,0,-3.916513669170753,0,0.07979695431472081
19669,1,1,0.7516064919177575,1,1.4045051934972634,1,1.0
14602,0,0,0.05985458892563724,0,-1.2064750501428172,0,0.007952286282306162
18514,0,0,0.29459624230031917,0,-0.8457097911523617,0,0.12232204561161023
1013,0,0,0.4283525056622869,0,-1.4873896212567326,0,0.07979695431472081
21158,0,0,0.09045283206344025,0,-1.1817080021780497,0,0.07979695431472081
30891,0,0,0.08561821714769005,0,-0.9947733996980792,0,0.05655655655655656
31865,1,1,0.6066852281963885,1,1.0402354122204898,1,0.9941860465116279
15920,1,1,1.0,1,6.243636301518544,1,1.0
17123,1,1,0.9098259233211454,1,2.618801118012619,1,1.0
12225,1,0,0.0,0,-1.1766750403191288,0,0.1031578947368421
6895,0,0,0.10613419185240566,0,-1.1825911570134455,0,0.07979695431472081
7725,1,1,1.0,1,1.493756912991843,1,1.0
25403,0,0,0.0,0,-1.6689195404576327,0,0.0
21457,0,0,0.0,0,-1.182834492042932,0,0.05655655655655656
5072,0,0,0.0,0,-2.0163814553423207,0,0.07979695431472081
7046,0,0,0.11688288483333302,0,-1.1148142017705838,0,0.05655655655655656
6266,0,0,0.0,0,-1.1936412162767849,0,0.05655655655655656
11759,0,0,0.05502652428801956,0,-1.299653866022497,0,0.049344978165938864
6671,0,0,0.05867132709724335,0,-1.0495164039072282,0,0.05655655655655656
7783,0,0,0.2517263270847461,0,-1.294688162315118,0,0.07979695431472081
28610,0,0,0.1398572702149003,0,-1.632261787728045,0,0.049344978165938864
10878,0,0,0.1560084801216361,0,-1.1385445894628916,0,0.07979695431472081
1856,0,0,0.15869776330997912,0,-1.1856659536386682,0,0.12232204561161023
6164,0,0,0.15669109428188419,0,-1.0718967250574996,0,0.1031578947368421
7030,0,0,0.07025115244456494,0,-1.4364718874930786,0,0.07979695431472081
30566,0,0,0.20939970859529639,0,-0.025574514954959493,0,0.12232204561161023
8446,0,0,0.0570874623032159,0,-1.4558849558719438,0,0.07979695431472081
28953,1,0,0.18178745835319085,0,-1.4330780228632247,0,0.16833333333333333
15290,0,0,0.24986814989672662,0,-1.5700594520923163,0,0.07979695431472081
12749,0,0,0.0,0,-2.8609620173285393,0,0.07979695431472081
10166,1,0,0.49752970576919564,1,0.010237855167817556,0,0.12232204561161023
14179,0,0,0.17892351042127258,0,-1.2257212875506234,0,0.049344978165938864
28680,0,0,0.0,0,-3.2062053490785654,0,0.007952286282306162
26597,0,0,0.0,0,-1.123166736817618,0,0.024745762711864405
31755,0,0,0.0650040507113714,0,-0.33918096645563595,0,0.1524008350730689
19896,1,1,0.5012040373212789,1,0.5208939711746581,1,1.0
30865,1,0,0.2376560272362987,0,-0.276397971853189,1,1.0
18984,0,0,0.0,0,-1.6232494778865552,0,0.024745762711864405
22346,0,0,0.05517769650283453,0,-1.1096182505401555,0,0.07979695431472081
12437,0,1,0.8398340593296173,1,1.4795612158219686,1,0.7674418604651163
12068,0,0,0.0,0,-1.0824882198398598,0,0.024745762711864405
6007,0,0,0.2930882498458687,0,-2.7207010632777084,0,0.0
9558,0,0,0.0,0,-0.9567347085695845,0,0.024745762711864405
15444,0,0,0.2288619163339463,0,-0.011464618506786095,0,0.1524008350730689
7413,0,0,0.0,0,-1.3116568346883573,0,0.07979695431472081
552,0,0,0.30557061649284956,1,0.1183792209052908,0,0.07979695431472081
18516,1,1,0.939333858700382,1,6.763727070431271,1,1.0
26628,0,0,0.06866162448288315,0,-0.7959507236018946,0,0.049344978165938864
11964,0,0,0.0,0,-1.1192573887734432,0,0.024745762711864405
14051,0,0,0.0,0,-1.2408224843346272,0,0.1724137931034483
22614,0,0,0.24249431514990516,0,-0.8940366922090193,0,0.12232204561161023
22652,0,0,0.05025181295259985,0,-1.3658537917925142,0,0.05655655655655656
5973,0,0,0.06552563220188905,0,-1.1922980155733331,0,0.07979695431472081
5241,0,0,0.3658469313093815,0,-0.9719011093237286,0,0.1031578947368421
7567,0,0,0.05341740495697458,0,-1.0312651381954299,0,0.07979695431472081
16096,0,0,0.0,0,-2.1691075458605753,0,0.07979695431472081
15783,1,0,0.08969776214069809,0,-0.2681138563953595,1,1.0
29234,0,0,0.3426035145351571,0,-0.7676703501742965,0,0.049344978165938864
1012,0,0,0.19725930063705732,0,-1.2271767207979747,0,0.0
26094,0,0,0.05489584949835488,0,-1.2624577210059325,0,0.024745762711864405
31154,0,0,0.0,0,-2.026220299986384,0,0.024745762711864405
26018,0,0,0.0,0,-1.1271370856099918,0,0.049344978165938864
12452,0,0,0.0,0,-1.8793920924069476,0,0.07979695431472081
8447,1,1,0.8215698065459698,1,3.308859681177092,1,1.0
9604,0,0,0.41793119918988375,0,-0.264318925930815,0,0.02127659574468085
4759,0,0,0.0,0,-1.6842872629137842,0,0.02127659574468085
4866,0,0,0.0,0,-1.8467684068657815,0,0.07979695431472081
14400,1,1,1.0,1,5.392450646584892,1,1.0
17280,0,0,0.0,0,-1.3791179007067442,0,0.02127659574468085
8318,0,0,0.0,0,-1.4074475948225955,0,0.05655655655655656
18052,1,0,0.47317349249298735,1,0.6085118561586946,1,1.0
5094,0,0,0.12490955104580259,0,-1.2312042954170266,0,0.1031578947368421
22429,0,0,0.057660953457648934,0,-1.6533228986939803,0,0.07979695431472081
30510,0,0,0.0,0,-2.572421623738156,0,0.0
21601,0,0,0.0,0,-1.3518751568487581,0,0.07979695431472081
18417,0,0,0.05331797546716564,0,-1.9245187761426714,0,0.024745762711864405
16605,0,0,0.2417041646294816,0,-0.9624700261748727,0,0.1524008350730689
1436,0,0,0.20040906587025606,0,-1.0306263092638872,0,0.12232204561161023
9713,0,0,0.0,0,-1.036258986224838,0,0.1031578947368421
24783,0,0,0.13646801141313256,0,-1.1584429348223182,0,0.049344978165938864
2368,1,0,0.055751248701617094,0,-1.1720057310855179,0,0.05655655655655656
14853,1,0,0.08385421065177326,0,-1.1742161975197822,0,0.12232204561161023
26893,0,0,0.0,0,-1.3212983957178155,0,0.024745762711864405
12377,0,0,0.48299264215642995,0,-0.47454439587074687,0,0.07979695431472081
18398,1,1,0.6758449757472024,1,0.716142355640599,0,0.07979695431472081
17450,0,0,0.4486364884610586,0,-1.8528164046910547,0,0.42424242424242425
19883,0,0,0.225741901538776,0,-1.2479502018419386,0,0.1524008350730689
11463,0,0,0.11372930015271479,0,-1.2987333034566626,0,0.07979695431472081
26595,0,0,0.0,0,-1.1230930895554496,0,0.049344978165938864
10948,0,0,0.0,0,-4.0161577161768145,0,0.07979695431472081
6357,0,0,0.0,0,-1.7177969731905445,0,0.0
12674,0,0,0.08331058920097692,0,-1.6242252695215456,0,0.07979695431472081
30699,0,0,0.06188922354622092,0,-1.5211400570692364,0,0.024745762711864405
134,1,1,1.0,1,6.661818935259545,1,1.0
24983,0,0,0.0,0,-1.644765246892611,0,0.07979695431472081
20860,0,0,0.0,0,-1.6960787258548637,0,0.024745762711864405
6050,1,0,0.1293012401910293,0,-1.3104474655285239,0,0.12232204561161023
30763,0,0,0.053356035697398115,0,-1.437368766346502,0,0.05655655655655656
13736,0,0,0.09727623775770214,0,-1.0861707426052698,0,0.049344978165938864
14697,1,1,0.8323870243318108,1,2.706719561301384,1,1.0
25555,0,0,0.0,0,-1.5085172746136641,0,0.049344978165938864
19047,0,0,0.12709488131618543,0,-1.0663114272840022,0,0.007952286282306162
12981,1,0,0.12381769590259596,0,-1.0679659939047497,0,0.07979695431472081
2230,0,0,0.0,0,-2.9277637002586787,0,0.0
22497,0,0,0.056870681422443344,0,-1.8613901637969028,0,0.07979695431472081
7464,0,0,0.0,0,-2.6304416612388555,0,0.07979695431472081
14811,0,0,0.0,0,-1.0617924252921442,0,0.049344978165938864
3702,0,0,0.05719015399506395,0,-1.793991920560169,0,0.05655655655655656
21112,0,0,0.0,0,-1.0662276555376815,0,0.07979695431472081
20412,0,0,0.10517055695064141,0,-1.6015958244027222,0,0.16833333333333333
19864,0,0,0.0,0,-1.6654507423681777,0,0.05655655655655656
27851,1,0,0.4707667004529051,1,0.5733434699430799,1,1.0
12660,0,0,0.0642405989165692,0,-1.1586972397509938,0,0.024745762711864405
8340,0,0,0.0,0,-1.6629600074589366,0,0.07979695431472081
28910,1,1,1.0,1,3.9793606575192824,1,1.0
31646,1,0,0.1285267960860688,0,-1.27903069274637,1,1.0
5614,1,1,0.8398614415591409,1,1.2119430281174761,1,0.9941860465116279
20069,0,0,0.4176289805472831,0,-3.2545770825790057,0,0.42424242424242425
3286,1,1,0.7416538867295493,1,1.590049002301117,1,0.7674418604651163
11809,0,0,0.0,0,-1.375096426260277,0,0.049344978165938864
30054,0,0,0.0,0,-1.8814484253849018,0,0.05655655655655656
26258,0,0,0.18783833325411395,0,-0.9682989627120926,0,0.0
7626,0,0,0.061483335745660464,0,-1.0831819995810072,0,0.007952286282306162
11395,1,1,0.710333672538411,1,1.1900360562989074,1,1.0
24106,0,0,0.0,0,-1.6574083382265632,0,0.0
22155,0,0,0.33489315904341943,0,-0.9910987878737303,0,0.23655913978494625
15743,1,1,0.7042239543753004,1,1.1089109457124413,1,1.0
17526,1,0,0.31892574823626085,0,-0.6257581273326216,0,0.1524008350730689
29089,0,0,0.06231710235851769,0,-1.4204906091461993,0,0.024745762711864405
28993,0,0,0.4401387088431879,0,-0.5623371249467999,0,0.0
8388,0,0,0.0588021370463828,0,-1.1614868718625908,0,0.07979695431472081
6826,1,0,0.06420569595902839,0,-1.1450412079412122,0,0.07979695431472081
20839,0,0,0.13034573047273054,0,-0.8182224124569202,0,0.07979695431472081
23465,1,1,0.8115145054094696,1,1.6116985345465942,1,1.0
28730,0,0,0.06741422941869664,0,-3.167400553877792,0,0.19480519480519481
22756,0,0,0.1420161100280788,0,-1.7763427247510633,0,0.024745762711864405
2834,0,0,0.06533775759862706,0,-1.2270895138910771,0,0.07979695431472081
32504,0,0,0.0,0,-1.5441753684878852,0,0.024745762711864405
7473,0,0,0.0,0,-2.2560606431810664,0,0.07979695431472081
14565,0,0,0.0,0,-1.35189118232418,0,0.024745762711864405
18220,1,1,0.7374928680887942,1,1.271894075835994,1,1.0
13563,0,0,0.0,0,-1.5902447172990877,0,0.024745762711864405
17473,1,0,0.20397292971672448,0,-1.5238223142717704,0,0.05655655655655656
25503,0,0,0.08360543282952113,0,-1.7322797683830897,0,0.024745762711864405
12264,1,1,0.8825024243359957,1,1.898288615120678,1,1.0
17658,0,0,0.11548079977136336,0,-1.139520585914924,0,0.27058823529411763
22225,0,0,0.05885932702935603,0,-1.204259835268125,0,0.05655655655655656
3830,0,0,0.1438798126461849,0,-1.1280465942884765,0,0.12232204561161023
29105,0,1,0.5204799023233495,0,-1.2963782151206447,0,0.42424242424242425
22037,0,0,0.0,0,-2.2756274568420833,0,0.0
20804,1,0,0.0521600013269583,0,-1.19165139803327,0,0.05655655655655656
32486,0,0,0.0,0,-1.2815592134236973,0,0.049344978165938864
21524,0,0,0.06458421541073474,0,-1.5444126087806673,0,0.12232204561161023
5985,0,0,0.05397200959493263,0,-1.0712170605925069,0,0.05655655655655656
16037,1,1,0.7806742029020081,1,1.1504708680413904,1,1.0
21163,0,0,0.0,0,-1.4417364838054094,0,0.0
6682,1,1,0.7476249786351813,1,0.8556011769751857,1,0.9941860465116279
17092,1,1,0.8735522748189496,1,1.0184121714528147,1,0.7674418604651163
24207,0,0,0.05811470199677608,0,-1.0632824213188514,0,0.07979695431472081
10650,1,1,0.8676906724296325,1,3.433953206277214,1,1.0
8702,0,0,0.1281102985484799,0,-1.0533854733913364,0,0.024745762711864405
14965,0,0,0.0,0,-1.3788110092127495,0,0.024745762711864405
29374,0,0,0.26221268632952505,1,0.04524675894262503,0,0.049344978165938864
18861,0,0,0.0,0,-1.1071753191726734,0,0.05655655655655656
23619,0,0,0.16572090154157867,0,-1.3026734613188173,0,0.07979695431472081
1524,0,0,0.16092842624238984,0,-0.8855739659185593,0,0.12232204561161023
10355,0,0,0.0,0,-1.0539279046928138,0,0.024745762711864405
11962,0,0,0.12118015874078934,0,-1.1435361195481955,0,0.024745762711864405
15631,0,0,0.0,0,-1.8818229270977551,0,0.049344978165938864
20851,0,0,0.052145532706486974,0,-1.4589387168863914,0,0.05655655655655656
28479,0,0,0.0,0,-1.225715708369522,0,0.07979695431472081
27904,0,0,0.06787807826760696,0,-1.1393699323862019,0,0.07979695431472081
19538,0,0,0.1596946390661632,0,-0.8337530052917572,0,0.1031578947368421
27209,0,0,0.05240906631007166,0,-1.0383854636486434,0,0.049344978165938864
27007,0,0,0.0,0,-1.4379101407835282,0,0.024745762711864405
29733,1,1,0.6394458350052685,1,1.7771284400130183,1,0.9941860465116279
9528,1,1,0.8108916146930901,1,1.1315933068808466,1,1.0
13803,0,0,0.11633313999216383,0,-1.7000301962266229,0,0.12232204561161023
16607,1,1,0.8635897437362201,1,1.5938447802011952,1,1.0
23880,1,1,0.637501023962298,1,0.8106865802719752,1,1.0
20074,1,1,1.0,1,5.006509346389495,1,1.0
23122,0,0,0.0,0,-3.0444765882403746,0,0.024745762711864405
7072,0,0,0.05531595494968821,0,-1.204250233275505,0,0.23655913978494625
26089,0,0,0.13002442791010518,0,-0.997175421949104,0,0.049344978165938864
13183,0,0,0.41633384712455657,0,-2.521183805708464,0,0.0
3935,0,0,0.2928303966582759,0,-0.9007719869527964,0,0.07979695431472081
18914,0,0,0.19092584455864625,0,-1.1633061896825985,0,0.049344978165938864
16174,0,0,0.14254135006885077,0,-1.0533870364620879,0,0.07979695431472081
27024,0,0,0.0,0,-1.9558254803069395,0,0.0
17298,0,0,0.04817387485928592,0,-0.8707332739298053,0,0.02127659574468085
27247,0,0,0.0,0,-2.910849920673955,0,0.024745762711864405
11581,1,1,0.7027115495733177,1,0.7267769727109297,1,1.0
22504,0,0,0.09675798913274511,0,-1.4135142423802223,0,0.05655655655655656
9202,0,0,0.07823477720742214,0,-0.9687089667745001,0,0.07979695431472081
4338,0,1,0.5177063597576758,0,-0.4067554115048851,0,0.12232204561161023
20195,0,0,0.15744836603292475,0,-1.0792349548040785,0,0.07979695431472081
2945,1,0,0.13274345801533166,0,-0.7374287202962071,1,1.0
22003,0,0,0.0,0,-2.394607490928634,0,0.0
28712,0,0,0.32098684657312204,0,-1.0336668626394472,0,0.07979695431472081
28859,0,0,0.0,0,-1.0871592905732361,0,0.024745762711864405
4042,0,0,0.0,0,-1.337510726440824,0,0.024745762711864405
1097,1,1,0.8863490961424775,1,3.1965944293722397,1,1.0
23668,0,0,0.07397094155618267,0,-1.509058149478258,0,0.05655655655655656
18547,1,1,0.9443663411612556,1,5.466397399925885,1,1.0
2567,0,1,0.5595832228442954,0,-0.9703984451840504,0,0.46551724137931033
17234,0,0,0.20118263179218093,0,-0.9857973763764076,0,0.1031578947368421
15881,1,1,0.8977994119823998,1,2.3638157779590063,1,1.0
29521,0,0,0.27286394692345894,0,-0.8454361604799021,0,0.09210526315789473
19249,0,0,0.3370784605571432,0,-0.9481724068879807,0,0.07979695431472081
10253,0,0,0.0,0,-1.3674022757617934,0,0.024745762711864405
30173,1,1,0.8554142693220887,1,2.112074831600599,1,1.0
1306,1,1,0.9476219681581318,1,2.028005368218018,1,0.9941860465116279
3601,0,0,0.08024593896943805,0,-1.1686386424827253,0,0.049344978165938864
32364,0,0,0.4882088004470232,0,-1.2410058756099474,1,0.7674418604651163
14464,0,0,0.15337487460682822,0,-1.0498261044534132,0,0.36792452830188677
5258,0,0,0.0,0,-1.3411881028913686,0,0.05655655655655656
5905,0,0,0.2797875946659981,0,-0.692510444007407,0,0.02127659574468085
27411,0,0,0.0,0,-4.058323671189196,0,0.007952286282306162
23527,0,0,0.32271486756706214,0,-0.8062741431988674,0,0.23655913978494625
17265,1,1,0.5555918956337774,1,0.41533561262119606,0,0.16833333333333333
25650,0,0,0.06994364617335362,0,-1.0735092170310356,0,0.024745762711864405
13707,1,0,0.08061859744490267,0,-1.0728615865152094,0,0.049344978165938864
22327,0,0,0.05927203466370805,0,-1.4887263146997316,0,0.12232204561161023
22941,0,0,0.16829742010696944,0,-0.8855364484186803,0,0.1031578947368421
23734,0,0,0.08738827314090745,0,-1.0470843710755795,0,0.024745762711864405
4115,0,1,0.7917349123015337,1,1.557377520815839,1,0.7674418604651163
8117,0,0,0.0,0,-2.101595345486714,0,0.0
8175,1,1,0.7112202782385423,1,1.1090086099688123,1,1.0
22570,0,0,0.06148087054815292,0,-0.9424042199365261,0,0.05655655655655656
23755,0,0,0.061561915267834916,0,-1.0486215027028414,0,0.05655655655655656
7553,1,1,0.8922466461360931,1,1.8036637656503194,1,1.0
8436,0,0,0.05425673347729213,0,-2.0253330854534037,0,0.049344978165938864
7477,0,0,0.3955665775851986,0,-0.269839611799151,0,0.1724137931034483
4803,0,0,0.13630810413809336,0,-1.2488326434007644,0,0.05655655655655656
20789,0,0,0.0,0,-1.9180211456981886,0,0.07979695431472081
6036,0,0,0.0,0,-1.0716898779169635,0,0.05655655655655656
29597,0,0,0.0,0,-1.6927705082741737,0,0.12232204561161023
15750,0,0,0.0,0,-3.1646330303754273,0,0.049344978165938864
10620,0,0,0.48061641247716985,0,-0.28664438939354014,0,0.07979695431472081
23674,0,0,0.0,0,-1.4645474206488167,0,0.0
17390,0,0,0.12565229633915745,0,-1.160942369013097,0,0.049344978165938864
9381,0,0,0.0,0,-1.1764013771102149,0,0.07979695431472081
23059,0,0,0.06556533678832815,0,-1.8959255272808178,0,0.024745762711864405
3422,0,0,0.0,0,-2.0798081268159194,0,0.0
5417,0,0,0.17814344791607103,0,-1.0328989274634837,0,0.07979695431472081
25493,0,0,0.0,0,-1.9172002057622337,0,0.007952286282306162
1989,0,0,0.0,0,-1.3781429159474752,0,0.024745762711864405
23119,0,0,0.05502154781217364,0,-1.0694795572253772,0,0.024745762711864405
5536,1,0,0.0,0,-1.069682947705844,0,0.07979695431472081
8475,1,1,0.5970460180071453,1,0.8278643268118198,1,1.0
31429,1,1,0.8065079424558009,1,1.474861305015355,1,1.0
17197,0,0,0.0,0,-1.6224169349965702,0,0.0
10886,1,1,0.5863928844991549,1,0.9228532434179706,1,1.0
11532,0,0,0.13782196991268797,0,-0.9681495845398667,0,0.024745762711864405
28400,0,0,0.0,0,-2.7548701060510066,0,0.024745762711864405
6403,1,0,0.0,0,-1.0596761416121723,0,0.07979695431472081
20440,0,0,0.25717765548008903,0,-1.174704327033096,0,0.05655655655655656
18213,1,0,0.19444210535734455,0,-0.011946658756596673,1,1.0
25015,0,0,0.0,0,-2.2144520583208096,0,0.007952286282306162
20027,0,0,0.14722308676078827,0,-0.9555425312837447,0,0.12232204561161023
19565,0,0,0.0,0,-1.0605457268883387,0,0.07979695431472081
31212,0,0,0.06233549306521526,0,-1.7650720258745332,0,0.049344978165938864
4506,0,0,0.16662203927733898,0,-1.0916400433522475,0,0.024745762711864405
1528,1,0,0.0,0,-1.0604586242058778,0,0.07979695431472081
25019,1,0,0.09058456861651318,0,-1.1243333282366217,0,0.23655913978494625
31268,0,0,0.13088348687870796,0,-0.7125111984726233,0,0.049344978165938864
29288,1,1,0.6238213971344484,1,1.7750306592001914,1,1.0
4267,0,0,0.26885497621944343,0,-1.1051187216075502,0,0.07979695431472081
28337,0,0,0.1865743309555202,0,-1.426905664756811,0,0.1031578947368421
9755,0,0,0.0,0,-1.2371778932167468,0,0.16833333333333333
2989,0,0,0.19891226385265623,0,-1.1172134754768142,0,0.12232204561161023
26271,0,0,0.0,0,-1.1717342055678763,0,0.049344978165938864
15471,0,0,0.0,0,-1.4221789439928494,0,0.049344978165938864
6269,0,0,0.0,0,-1.2866701470973558,0,0.1031578947368421
26025,0,1,0.5002252446504662,0,-1.520374091707289,0,0.0
29524,0,0,0.09121754329625249,0,-1.0015911078453446,0,0.024745762711864405
25292,0,0,0.05176796180337002,0,-1.7233319048510136,0,0.07979695431472081
26796,1,1,0.6780748588999473,1,2.7964185359165685,1,1.0
31710,0,0,0.05633844042569808,0,-1.317026353541623,0,0.024745762711864405
6326,1,0,0.40169833669748767,1,0.5955066758048946,1,1.0
544,1,1,0.5356816924336705,1,0.9523529957842729,0,0.46551724137931033
9105,1,0,0.07798578317295789,0,-1.101794392663161,0,0.07979695431472081
28427,0,0,0.05877683362870181,0,-1.2002851967160946,0,0.049344978165938864
18010,1,1,0.6277471813614155,1,4.0460108333802935,1,1.0
30902,0,0,0.04719841672592599,0,-1.7880759404021749,0,0.07979695431472081
3577,0,0,0.056999281020022455,0,-1.096051748432076,0,0.07979695431472081
7408,0,0,0.07733298136434756,0,-1.013158810422914,0,0.09210526315789473
21170,0,0,0.07695057814118539,0,-1.2125279882987656,0,0.024745762711864405
12571,0,0,0.28952918409710965,0,-0.8758898335885847,0,0.1724137931034483
14722,0,0,0.0,0,-1.391287879775955,0,0.024745762711864405
9183,0,0,0.1724020051984717,0,-0.955300585648265,0,0.07979695431472081
18418,0,0,0.17285083194060388,0,-0.8777698388119681,0,0.049344978165938864
5456,0,0,0.0,0,-0.9955902516079693,0,0.05655655655655656
18478,1,1,0.5462345316347836,0,-0.1623969612841218,1,1.0
9547,0,0,0.0,0,-1.2171321043886607,0,0.024745762711864405
24671,0,0,0.18975691570026992,0,-1.1301604680383086,0,0.07979695431472081
528,0,0,0.237241446176404,0,-1.8085692461986853,0,0.024745762711864405
15621,0,0,0.0711936407242241,0,-1.219432803744256,0,0.024745762711864405
11546,0,0,0.12218609882286051,0,-1.25949850442644,0,0.07979695431472081
13433,1,0,0.08608121783405476,0,-0.9951122334133726,0,0.07979695431472081
6940,1,0,0.11507588805199266,0,-1.0024650836889748,0,0.07979695431472081
9106,0,0,0.0,0,-1.629130234090539,0,0.0
31042,0,0,0.052573948006683406,0,-1.0982883937688432,0,0.0
21165,0,0,0.0,0,-1.746166952558113,0,0.0
3996,1,0,0.2177218308383661,0,-0.9973945164817284,0,0.07979695431472081
8127,0,0,0.2232583023397253,0,-1.1033148062212295,0,0.1031578947368421
1574,0,0,0.18068940586001,0,-2.023658664605824,0,0.0
1818,0,0,0.0,0,-2.07406151209594,0,0.02127659574468085
11171,0,0,0.05432670168870721,0,-1.5177623253762536,0,0.05655655655655656
14678,0,0,0.060184736174864174,0,-1.3395075548326312,0,0.049344978165938864
15070,0,0,0.0,0,-1.0514845123781678,0,0.049344978165938864
20073,0,0,0.18834926155445164,0,-1.044735171853434,0,0.05655655655655656
369,0,1,0.5066135856498557,1,0.3244650115835793,0,0.049344978165938864
12467,0,0,0.06042373417640137,0,-1.4182933265175082,0,0.05655655655655656
3714,0,0,0.21266002422980465,0,-0.4955239518116507,0,0.12232204561161023
8010,0,0,0.0,0,-3.011499659099585,0,0.0
18358,1,1,1.0,1,3.336974566476768,1,1.0
19485,0,0,0.06083851795513012,0,-1.7606742277506124,0,0.0
13196,0,0,0.11708108952986074,0,-1.2472205821577793,0,0.0
23114,0,0,0.17888620745912193,0,-1.0708112293468441,0,0.024745762711864405
13445,0,0,0.0,0,-1.0112633071128774,0,0.024745762711864405
14914,0,1,0.8035056698369578,1,0.21877250365146217,0,0.05655655655655656
20091,1,1,0.9331651222545865,1,2.564345114888767,1,1.0
7514,0,0,0.0,0,-4.219269870953105,0,0.07979695431472081
27800,0,0,0.07408349978135964,0,-1.0450483703228932,0,0.049344978165938864
23276,0,0,0.0,0,-1.1816053569691547,0,0.024745762711864405
26047,0,0,0.0,0,-1.116947004053276,0,0.024745762711864405
17372,0,0,0.06279645457658868,0,-3.373170167136787,0,0.0
12720,0,0,0.22708858976687712,0,-0.8345243135400318,0,0.1524008350730689
22023,0,0,0.1055583579643192,0,-1.1681439237223086,0,0.07979695431472081
24642,0,0,0.06155870792587752,0,-1.3021903518789788,0,0.024745762711864405
1134,1,1,0.7476580015771823,1,0.9454100197899542,1,1.0
23066,0,0,0.055018929148660606,0,-1.5030628834258626,0,0.07979695431472081
27277,0,0,0.0,0,-1.2124555399565988,0,0.024745762711864405
17524,0,0,0.059626293991505555,0,-1.0753500504901794,0,0.07979695431472081
30187,0,0,0.0,0,-1.6172412037646648,0,0.07979695431472081
26623,0,0,0.1322572189987918,0,-0.9404962836043813,0,0.07979695431472081
23223,0,0,0.3837706498932888,0,-1.396465278883034,0,0.0
23772,1,0,0.08006317857568171,0,-1.2669660657357977,0,0.07979695431472081
29041,0,0,0.0,0,-1.1696160384520526,0,0.12232204561161023
29599,0,0,0.0,0,-1.3410486648353865,0,0.12232204561161023
308,1,0,0.06442371139956286,0,-0.745605401859915,1,1.0
11223,0,0,0.0,0,-1.8058278471794154,0,0.07979695431472081
20843,1,1,0.7966926052191007,1,0.9707229923697489,1,1.0
16654,0,0,0.0,0,-2.049752827898135,0,0.007952286282306162
5896,0,0,0.0,0,-1.167885558032531,0,0.07979695431472081
2818,1,0,0.20418677253680936,0,-0.9730552576655025,0,0.07979695431472081
19073,0,0,0.0,0,-1.1149177003574557,0,0.12232204561161023
14310,0,0,0.288718148884476,1,0.14689391241450572,0,0.1524008350730689
27768,0,0,0.0,0,-1.927412873784347,0,0.024745762711864405
24094,0,1,0.7872683490675636,1,0.05965245451516227,0,0.1524008350730689
3686,1,1,0.8268641016391546,1,2.3966795323657286,1,0.7674418604651163
14504,0,0,0.2510966761275202,0,-0.6559743346085407,0,0.049344978165938864
28056,0,0,0.0,0,-2.2450554032584598,0,0.024745762711864405
23594,0,0,0.19340914093703548,0,-1.6482732410850822,0,0.1031578947368421
29192,0,0,0.06263642410608207,0,-1.670408525800319,0,0.049344978165938864
3159,0,0,0.0,0,-1.574841262303915,0,0.0
28776,0,0,0.06105464848950799,0,-1.421037428065253,0,0.07979695431472081
4619,0,0,0.0,0,-1.1945909613851589,0,0.049344978165938864
29159,0,0,0.060053302676679424,0,-0.9121420022489919,0,0.049344978165938864
12920,0,0,0.07886973537234128,0,-1.272919783814433,0,0.19480519480519481
10937,0,0,0.3230300602444953,0,-0.7353754726755495,0,0.16901408450704225
27145,0,0,0.0,0,-1.0669593052485795,0,0.049344978165938864
5601,0,0,0.06651145313352572,0,-1.0636048736013444,0,0.07979695431472081
21697,0,0,0.060195085037224,0,-2.287655298856525,0,0.05655655655655656
761,0,0,0.20861906752208179,0,-0.783496853628094,0,0.0
22789,0,0,0.0,0,-2.21351257002672,0,0.05655655655655656
32087,1,0,0.48322347170398217,1,0.7713407224203519,1,0.6
1670,0,0,0.0,0,-0.9983793979251072,0,0.12232204561161023
30757,1,1,0.5459337810645424,1,1.753631898667772,1,1.0
30225,0,0,0.17570568773492037,0,-1.2966903238376197,0,0.07979695431472081
27556,1,0,0.07813094684197253,0,-1.008345542090276,0,0.049344978165938864
13972,0,0,0.06788764126270941,0,-1.1094193065669633,0,0.024745762711864405
28513,0,0,0.0,0,-1.9889657318059588,0,0.07979695431472081
10124,0,0,0.18782280822188063,0,-1.0453282758438631,0,0.024745762711864405
18178,1,1,0.5200330637646127,1,1.0599915288415962,1,1.0
10171,0,0,0.16501112532216164,0,-0.9921694759653681,0,0.23655913978494625
9190,1,0,0.0626244559872308,0,-0.22718755604216295,1,1.0
22839,0,0,0.18303159136183017,0,-1.5476286191906652,0,0.07979695431472081
5656,0,0,0.0,0,-3.455411471897702,0,0.05655655655655656
10821,0,0,0.0,0,-2.1496890078946596,0,0.07979695431472081
2682,0,0,0.18927833002934563,0,-1.0732712930947241,0,0.07979695431472081
14985,0,0,0.36231861872892157,0,-0.2594135146346243,0,0.07979695431472081
19815,1,1,0.7953985378417147,1,1.6865154788374812,1,0.8095238095238095
24712,0,0,0.07265209761310126,0,-1.7028048953069663,0,0.16833333333333333
673,0,0,0.0,0,-0.917725380474752,0,0.12232204561161023
28606,1,0,0.49941141271625084,1,1.1664805061568961,1,1.0
32015,0,0,0.0,0,-2.174576840978892,0,0.0
24694,0,0,0.05269382964046788,0,-4.234704414532475,0,0.024745762711864405
1037,0,0,0.11645790194275076,0,-1.1958587076492324,0,0.12232204561161023
27057,0,0,0.15798637697415835,0,-1.0510355256045796,0,0.07979695431472081
19853,0,0,0.3916879138580045,0,-2.854438678782192,0,0.0
8413,1,1,0.8653289538140122,1,1.574678403103749,1,0.9941860465116279
27650,0,0,0.062367954563903566,0,-3.1215365889769133,0,0.049344978165938864
12318,0,0,0.0,0,-1.611348762947503,0,0.1524008350730689
31695,0,0,0.0,0,-1.503702126170635,0,0.024745762711864405
14264,0,0,0.05079018749316069,0,-1.1307274901116502,0,0.007952286282306162
14892,1,0,0.35621867146153074,0,-0.2845133398477306,1,1.0
16628,1,0,0.0579335558525687,0,-1.0453785073338495,0,0.36792452830188677
8884,0,0,0.0,0,-2.81249367265322,0,0.024745762711864405
28206,0,1,0.6636166719637687,1,0.623413137912578,0,0.1524008350730689
23935,0,0,0.1826415039324053,0,-1.2037090387137686,0,0.09210526315789473
11143,0,0,0.0,0,-1.996836963059455,0,0.05655655655655656
17551,0,0,0.07738566749185757,0,-1.0013775753755298,0,0.05655655655655656
25212,0,0,0.0595769816581672,0,-1.562428112655524,0,0.0
10685,0,0,0.0,0,-0.9975547411569694,0,0.024745762711864405
31424,0,0,0.0,0,-1.332273325110407,0,0.024745762711864405
1051,0,0,0.062118086408709416,0,-2.3620878942636594,0,0.049344978165938864
19214,0,0,0.24568042896225475,0,-1.015928525141486,0,0.12232204561161023
21374,1,0,0.16736678484582915,0,-1.0059897600490326,0,0.23655913978494625
3197,0,0,0.0,0,-0.9520911919155186,0,0.07979695431472081
29061,0,0,0.26095178054909646,0,-0.9375082783516628,0,0.1524008350730689
23883,0,0,0.13895382665312747,0,-1.093355110142674,0,0.024745762711864405
9400,0,0,0.0,0,-1.1527402964978353,0,0.07979695431472081
1894,0,0,0.24574030170081107,0,-1.0858675847302333,0,0.12232204561161023
9896,0,0,0.0,0,-1.7835607263979907,0,0.07979695431472081
820,0,0,0.06460829864981082,0,-1.4244283133417175,0,0.0
14034,0,0,0.06530776056009813,0,-1.182298121449011,0,0.049344978165938864
29611,0,0,0.0,0,-2.1117610704166756,0,0.07979695431472081
10895,0,0,0.05207072437834312,0,-1.0868795405937823,0,0.024745762711864405
11536,1,0,0.4875058243746383,0,-0.7419218300672992,0,0.1524008350730689
3327,1,1,0.8812731491754463,1,1.8203048301777276,0,0.46551724137931033
27490,0,0,0.0,0,-1.2003725966161245,0,0.024745762711864405
24875,0,0,0.07383946692293136,0,-1.2249404478337955,0,0.07979695431472081
26698,0,0,0.4832186722122002,0,-2.197912180297834,0,0.1724137931034483
11658,0,0,0.0,0,-1.4788158565018938,0,0.1031578947368421
11415,1,1,0.7385700774265199,1,1.7120864345496487,1,0.9941860465116279
11107,0,0,0.13253048304212575,0,-1.612604992075588,0,0.07979695431472081
10999,1,0,0.1830164448428362,0,-0.962352645018945,0,0.07979695431472081
4505,0,0,0.0,0,-1.6666837170702424,0,0.07979695431472081
7872,1,0,0.0,0,-1.5376131245048625,0,0.05655655655655656
6292,0,0,0.14177094063225734,0,-0.842725935907036,0,0.1031578947368421
7149,0,0,0.0,0,-2.573496705796057,0,0.07979695431472081
7993,1,0,0.24825978144075309,0,-0.28181408584798623,0,0.12232204561161023
4743,0,0,0.12481771685338461,0,-1.3108829676035367,0,0.12232204561161023
28017,0,0,0.05348736630833409,0,-1.1485012181923433,0,0.12232204561161023
31430,0,0,0.10978626585725713,0,-1.682538743602553,0,0.05655655655655656
15721,0,0,0.06094433045515503,0,-1.0872824793016385,0,0.049344978165938864
25651,0,0,0.07935994770722317,0,-1.3374154956008526,0,0.024745762711864405
9914,0,0,0.13726294483429985,0,-1.423111824610316,0,0.07979695431472081
5228,0,0,0.0,0,-2.555272819089007,0,0.07979695431472081
16485,1,0,0.05923630395802283,0,-1.6104494669965403,0,0.07979695431472081
17151,0,0,0.06094068255535392,0,-0.9132758408154691,0,0.024745762711864405
17833,0,0,0.04947543057196896,0,-0.06395410115571709,0,0.0
15394,0,0,0.185956887591234,0,-1.3864072216075418,0,0.024745762711864405
20431,0,1,0.5963491462292252,0,-1.0066948374724891,1,0.625
15805,0,0,0.060568914210006077,0,-0.9247686061120655,0,0.049344978165938864
17897,0,0,0.38742047279638464,0,-1.3509565427744876,0,0.024745762711864405
22014,0,0,0.24101044133064367,0,-1.0100445069192636,0,0.07979695431472081
2019,0,0,0.3903603049776685,0,-0.4818581617107624,0,0.1724137931034483
30668,0,0,0.2031809915420666,0,-0.5932256985990798,0,0.07979695431472081
11538,0,0,0.0,0,-1.0719630619610034,0,0.024745762711864405
23516,1,0,0.05563933910526785,0,-0.9754539466863732,0,0.05655655655655656
6619,0,0,0.0,0,-1.1020634315648659,0,0.05655655655655656
8508,0,0,0.24892100645636295,0,-1.041931442651883,0,0.05655655655655656
18450,0,0,0.0486909376353813,0,-1.3353398647025707,0,0.02127659574468085
12548,0,0,0.0,0,-2.0277503675086934,0,0.07979695431472081
24599,0,0,0.17275775805136062,0,-1.3870769117289536,0,0.1524008350730689
9203,0,0,0.4469894419634075,0,-0.2554026980449963,0,0.12232204561161023
14191,0,0,0.0,0,-1.258767892290452,0,0.024745762711864405
3506,0,0,0.25872700932877785,0,-1.0735771901224815,0,0.07979695431472081
176,0,0,0.0,0,-2.418212721224281,0,0.0
18315,1,1,0.6962876225174276,1,1.483529689474018,1,1.0
5051,0,0,0.0,0,-1.646566952010073,0,0.0
12479,0,0,0.2627769770763253,0,-0.9476455009150393,0,0.07979695431472081
11449,0,0,0.055277994286670074,0,-1.090687423201693,0,0.05655655655655656
17880,0,0,0.06581890635997106,0,-0.23657886412362256,0,0.36363636363636365
28385,0,0,0.12558641799999104,0,-1.4168882435190633,0,0.0
30232,0,0,0.0,0,-1.4981385393808675,0,0.05655655655655656
19935,1,1,0.9323735554738751,1,3.458802825296054,1,1.0
11082,0,0,0.0,0,-1.077432025975712,0,0.024745762711864405
8908,0,0,0.17710777117934975,0,-1.2046969640989609,0,0.07979695431472081
24274,0,0,0.0,0,-1.137994951641425,0,0.07979695431472081
25147,0,0,0.061698119374219616,0,-1.081493748652457,0,0.049344978165938864
1700,1,0,0.3698819722487811,0,-0.8841327146240765,0,0.36363636363636365
15746,0,0,0.0,0,-1.754681433172331,0,0.024745762711864405
25170,0,0,0.05732157959562023,0,-1.1540235705895667,0,0.049344978165938864
12438,0,0,0.27581552929867914,0,-0.36604556069219457,0,0.18
17095,0,0,0.13413534001777516,0,-1.3190953418156652,0,0.07979695431472081
24148,0,0,0.0,0,-1.2915514917030708,0,0.1031578947368421
10244,0,0,0.15046043034245138,0,-1.11661820235858,0,0.024745762711864405
8345,0,0,0.4557327425345923,0,-0.43179409403301344,0,0.16833333333333333
8375,0,0,0.204394601467053,0,-1.113064602075828,0,0.07979695431472081
12378,0,0,0.0,0,-4.043721508729398,0,0.0
3951,1,0,0.34170004921835384,1,0.04466594990834255,0,0.16833333333333333
29430,0,0,0.0,0,-1.1994710094712326,0,0.12232204561161023
14247,0,0,0.0,0,-3.8614860505759663,0,0.049344978165938864
8982,0,0,0.0,0,-1.510416235165962,0,0.05655655655655656
10340,0,0,0.0,0,-4.005751225149113,0,0.1524008350730689
19246,1,1,0.7836106800168647,1,1.5539336329670896,1,1.0
3540,0,0,0.0617220682515587,0,-1.7514992743118922,0,0.07979695431472081
31850,1,0,0.401911552819477,0,-0.160958747555427,1,1.0
25629,0,0,0.06953219949246532,0,-0.9589219781242022,0,0.049344978165938864
15987,0,0,0.051388617913871705,0,-1.2336138474251972,0,0.024745762711864405
21991,0,0,0.1219199553571649,0,-1.6164116799608048,0,0.07979695431472081
7809,0,0,0.14805194656816825,0,-1.5753606221201673,0,0.07979695431472081
6257,1,1,0.9490628264054425,1,2.811377984748854,1,1.0
5200,0,0,0.0418290019099767,0,-1.1324650313276097,0,0.09210526315789473
28282,0,0,0.05463894038408379,0,-1.2217401902931506,0,0.024745762711864405
9178,1,0,0.12013528700120446,0,-1.0501567229599726,0,0.07979695431472081
6914,0,0,0.05443991202380247,0,-1.1101967491192324,0,0.07979695431472081
14550,0,0,0.04846475142516087,0,-1.1172498137833218,0,0.05655655655655656
22264,0,0,0.0,0,-1.023624433390685,0,0.07979695431472081
11200,1,1,0.5442378100394374,1,0.12574811734775465,0,0.16833333333333333
21067,1,1,0.8826303338043047,1,3.210534508262506,1,1.0
25130,0,0,0.06670831394798982,0,-1.5708700832843656,0,0.049344978165938864
12886,0,0,0.1146204033670775,0,-0.9297619771466388,0,0.049344978165938864
358,0,0,0.0,0,-1.7511365449094947,0,0.024745762711864405
27492,0,0,0.0,0,-1.4624221264533577,0,0.024745762711864405
24564,0,0,0.06982359825810402,0,-2.0196570891322163,0,0.07979695431472081
15413,0,0,0.12192114984600701,0,-1.1246859478174012,0,0.049344978165938864
15445,0,0,0.13127115654013452,0,-1.6517166405599042,0,0.07979695431472081
25177,1,1,0.9341843567528105,1,3.074392010968048,1,1.0
27183,1,1,1.0,1,2.5531354909336668,1,1.0
27225,0,0,0.0,0,-1.495461243593793,0,0.049344978165938864
1560,1,1,1.0,1,3.1221098300692485,1,1.0
7731,0,0,0.0,0,-1.7791987310658794,0,0.02127659574468085
3115,1,1,0.5137307417887852,0,-0.7982300206747313,1,1.0
22341,0,0,0.0,0,-1.655325133206834,0,0.0
15754,0,0,0.08414121035612056,0,-1.5781583598052644,0,0.024745762711864405
4205,0,0,0.18875585934006833,0,-1.156934114345051,0,0.07979695431472081
24933,1,0,0.44187321332829727,0,-0.8058293199939455,0,0.1724137931034483
20504,0,0,0.06739533016162388,0,-1.3775678096239783,0,0.07979695431472081
30185,0,0,0.0,0,-1.371593277159365,0,0.16833333333333333
8931,0,0,0.19890542654228996,0,-1.1146807061165904,0,0.23655913978494625
1281,0,0,0.2334725449051557,0,-0.7753284866735877,0,0.024745762711864405
32369,0,1,0.5452602284378425,1,0.0016754162419916896,0,0.1031578947368421
8373,0,0,0.0,0,-2.307859541245669,0,0.0
5649,0,0,0.0,0,-1.9200465274154497,0,0.07979695431472081
15601,0,0,0.05484144464429768,0,-1.204024895509976,0,0.024745762711864405
23782,0,0,0.47616211482423365,0,-0.20445213576616522,0,0.12232204561161023
2876,0,0,0.0,0,-1.0976364429913033,0,0.07979695431472081
22827,0,0,0.0536101097896694,0,-1.0673014357930284,0,0.07979695431472081
21439,1,0,0.0,0,-1.0185022678851754,0,0.05655655655655656
3990,0,0,0.0600484157349252,0,-3.3076525150355525,0,0.07979695431472081
24965,0,0,0.1359058422554715,0,-1.1361975439724814,0,0.07979695431472081
29567,0,0,0.18330190495146867,0,-1.1707803578084057,0,0.12232204561161023
22097,1,1,0.7925940049978389,1,3.7434632819337517,1,1.0
31929,1,0,0.2171552047819047,1,1.4563704584433839,1,1.0
23298,0,0,0.0,0,-1.37694500953135,0,0.024745762711864405
15357,0,0,0.0,0,-1.932964924357036,0,0.007952286282306162
26677,0,0,0.0,0,-1.1118144486808488,0,0.049344978165938864
29208,0,1,0.5394527188625677,1,0.0045620163988520646,0,0.049344978165938864
13009,1,0,0.32067229724630736,0,-1.2988934111414998,0,0.1524008350730689
31661,0,0,0.1901744893994034,1,0.11554309475060537,0,0.16833333333333333
384,0,0,0.3742584216195664,0,-1.0527569626734015,0,0.007952286282306162
21098,1,0,0.0,0,-1.0387943010192715,0,0.07979695431472081
1826,0,0,0.12040805013298436,0,-1.0649999036224251,0,0.12232204561161023
8945,1,0,0.14611406158122117,0,-1.4024081174163419,0,0.07979695431472081
4245,1,0,0.05859231561342234,0,-1.1360641117120964,0,0.07979695431472081
24502,0,0,0.09209422454291699,0,-1.0021395449216537,0,0.07979695431472081
31717,0,0,0.08035935932480372,0,-1.2232007076347293,0,0.024745762711864405
14502,0,0,0.0,0,-1.1004691763918482,0,0.07979695431472081
20796,0,0,0.0,0,-2.0064085436067565,0,0.07979695431472081
23651,0,0,0.06928030094551904,0,-1.0358144371437807,0,0.024745762711864405
21694,0,0,0.0844528788637385,0,-1.380208348175178,0,0.05655655655655656
24209,0,0,0.0,0,-0.9845743476888338,0,0.07979695431472081
23647,0,0,0.0,0,-1.8402931489187377,0,0.05655655655655656
5768,0,0,0.0,0,-2.1915809946400064,0,0.07979695431472081
2587,0,0,0.07753239957480755,0,-1.0278420387163973,0,0.07979695431472081
15649,0,0,0.0,0,-2.0774614951306227,0,0.0
16453,0,0,0.49928384782629887,1,0.5061522813960211,0,0.1524008350730689
9981,0,0,0.052950575161576065,0,-1.659258526842088,0,0.07979695431472081
18175,0,0,0.07200323010576194,0,-1.2122917473028996,0,0.049344978165938864
19304,0,0,0.13493183864647096,0,-0.6697578002004474,0,0.23655913978494625
18320,1,1,0.6881044003236588,1,4.309727653380705,1,1.0
11136,0,0,0.0,0,-1.7839796771247776,0,0.05655655655655656
23366,0,0,0.0,0,-2.3853532343495956,0,0.0
5556,0,0,0.1843979993111289,0,-0.9421200857433161,0,0.07979695431472081
5038,0,0,0.07485328519164776,0,-1.144100713981955,0,0.05655655655655656
29080,0,0,0.11833691871769655,0,-1.144717800700621,0,0.12232204561161023
5777,0,0,0.127863861559849,0,-1.096160810564712,0,0.0
15520,0,0,0.11175230153049967,0,-1.885187849861659,0,0.024745762711864405
30435,0,0,0.0,0,-1.8498557962398459,0,0.05655655655655656
31739,0,0,0.20235089433777478,0,-1.9438058090064567,0,0.1524008350730689
15536,0,0,0.0,0,-1.232571074164492,0,0.024745762711864405
28021,0,0,0.3199124657331919,0,-1.4128203800542072,0,0.1524008350730689
15500,0,0,0.13409277156660232,0,-1.055664913995668,0,0.049344978165938864
21559,0,0,0.0,0,-1.650920467933465,0,0.12232204561161023
10236,0,0,0.0,0,-1.0078323590861642,0,0.07979695431472081
25753,0,0,0.32894194938138055,0,-4.341676154039459,0,0.1524008350730689
9603,0,0,0.0,0,-1.8666003674856309,0,0.07979695431472081
20447,1,0,0.26042246052640416,0,-0.5962739414520215,0,0.46551724137931033
28183,0,0,0.12728986113030294,0,-1.2795893795266797,0,0.024745762711864405
20400,0,0,0.12572002366900045,0,-0.6844201824329148,0,0.23655913978494625
31978,0,0,0.33043562304743984,0,-1.0798032015896442,0,0.1724137931034483
17134,0,0,0.327384805142011,0,-1.5185308470546044,0,0.0
15139,0,0,0.14460538599315284,0,-1.0647461268370788,0,0.04
11912,1,1,1.0,1,7.270397700658612,1,1.0
12919,0,0,0.0,0,-2.6844647939824497,0,0.007952286282306162
24538,0,0,0.057089200202192165,0,-1.4474326548751284,0,0.07979695431472081
6315,0,0,0.15863402156594722,0,-1.0175654222509782,0,0.07979695431472081
23746,0,0,0.2474198697303519,0,-1.0453794561278649,0,0.16833333333333333
10844,0,0,0.0,0,-1.641885689186445,0,0.0
11029,0,0,0.1361376196279597,0,-1.208332336890705,0,0.12232204561161023
2236,0,0,0.057276824854816506,0,-1.0556932214169552,0,0.12232204561161023
6711,0,0,0.1045197909540689,0,-1.0173460941709247,0,0.07979695431472081
6343,1,1,1.0,1,2.2207595561301323,1,1.0
27258,0,0,0.0,0,-1.346408726751057,0,0.024745762711864405
1639,0,0,0.21117343925444787,0,-1.2048903569564893,0,0.07979695431472081
27030,0,0,0.0,0,-1.1481302684248997,0,0.049344978165938864
26168,0,0,0.0,0,-4.268552212427783,0,0.007952286282306162
28668,0,0,0.19113073359386828,0,-1.0673381753957885,0,0.23655913978494625
30152,0,0,0.06581996497424628,0,-1.7978286559057444,0,0.05655655655655656
31416,0,0,0.0,0,-1.419888043996443,0,0.024745762711864405
1492,0,0,0.11031037062342537,0,-1.3128230656832869,0,0.09210526315789473
30951,0,0,0.0,0,-1.1732004490251478,0,0.07979695431472081
19771,0,0,0.0,0,-1.5387513458925448,0,0.07979695431472081
16719,0,0,0.0,0,-2.060243487595,0,0.0
27127,0,0,0.06275085589681903,0,-1.1580855709672613,0,0.46551724137931033
18342,1,1,0.8752078725262965,1,3.333131812503087,1,1.0
1876,0,0,0.44520160318660135,0,-0.584708560030198,0,0.27058823529411763
27035,0,0,0.0,0,-1.1453343570262586,0,0.024745762711864405
12288,0,0,0.0,0,-1.4175297012525223,0,0.024745762711864405
5488,1,0,0.4109352354785791,0,-0.19002059351992456,0,0.1031578947368421
7879,0,0,0.0,0,-1.888230051353729,0,0.0
5873,0,0,0.055464482849808004,0,-1.0425873844621103,0,0.05655655655655656
32014,0,0,0.4121174127860932,0,-1.165817545031905,0,0.1524008350730689
28874,1,0,0.48849191771572004,1,0.07304189809955025,1,1.0
2987,0,0,0.13764600399630947,0,-1.035461818175935,0,0.12232204561161023
15493,0,0,0.25141734029384005,0,-0.4014040622956789,0,0.0
4429,0,0,0.27108720005426074,0,-1.0526738313548092,0,0.07979695431472081
10573,0,0,0.0,0,-1.5505212637634092,0,0.024745762711864405
23376,0,0,0.25286193046950295,0,-1.4705794980179356,0,0.1524008350730689
15904,0,0,0.060955591653307654,0,-1.3959772458478636,0,0.049344978165938864
30037,0,0,0.0998271719888533,0,-0.9319291632620108,0,0.07979695431472081
26191,0,0,0.06567723724433941,0,-1.2770435103575437,0,0.049344978165938864
462,0,0,0.0,0,-1.9082203903536779,0,0.049344978165938864
15841,0,0,0.0,0,-1.555029910984537,0,0.024745762711864405
3982,0,0,0.15024700062936128,0,-1.1946322119425876,0,0.07979695431472081
19611,0,0,0.46299965468453264,0,-3.111505186907318,0,0.42424242424242425
677,1,1,0.8247735809166941,1,3.078369239676377,1,1.0
14028,0,0,0.0,0,-1.0465793641925973,0,0.049344978165938864
5325,0,0,0.051334375288386476,0,-1.0840563465280897,0,0.05655655655655656
8812,0,0,0.3131246740588089,0,-3.570232934780134,0,0.1724137931034483
14325,0,0,0.0,0,-1.0519164062187332,0,0.049344978165938864
10686,0,0,0.0661860631483909,0,-1.0877345620163554,0,0.16833333333333333
32133,0,0,0.24536539770513072,0,-1.3426727375208156,0,0.1031578947368421
2307,0,0,0.048285673479793276,0,-1.5559830584916818,0,0.02127659574468085
9611,0,0,0.0,0,-1.0623621866246373,0,0.024745762711864405
5528,0,0,0.1993424085494551,0,-1.055665236782644,0,0.07979695431472081
1091,0,0,0.07383019689437724,0,-1.0709010375079746,0,0.12232204561161023
9766,0,0,0.0,0,-1.4354219896192466,0,0.024745762711864405
28659,0,0,0.0,0,-1.1693575618371383,0,0.049344978165938864
12442,0,0,0.24797855334863111,0,-1.0749099255633676,0,0.049344978165938864
22403,0,0,0.0,0,-1.1337329457124312,0,0.07979695431472081
2359,0,0,0.1595645248953553,0,-1.0295419016189076,0,0.12232204561161023
22709,0,0,0.13091550683933512,0,-1.1226041904938273,0,0.07979695431472081
12584,0,0,0.0,0,-1.0474596642542768,0,0.024745762711864405
9468,0,0,0.0,0,-1.0355685323314288,0,0.049344978165938864
401,1,1,0.742268077733119,1,1.1624528177187512,1,1.0
15350,0,0,0.18380609962251898,0,-0.6928002192401133,0,0.0
22966,0,0,0.0,0,-1.322729774412546,0,0.024745762711864405
24899,1,1,0.7146936646203387,1,0.5011111200929472,1,1.0
24530,0,0,0.178584968047605,0,-1.1921094525018496,0,0.1031578947368421
15096,0,0,0.06110069050643686,0,-1.219173193691439,0,0.049344978165938864
5408,0,0,0.3889111588796227,0,-0.8843038816875308,0,0.16833333333333333
5843,0,0,0.4388174453349563,0,-1.036206091465704,0,0.36792452830188677
31776,0,0,0.0,0,-3.6618589739117806,0,0.007952286282306162
30150,0,0,0.32045981043764443,0,-1.0943251809756829,0,0.07979695431472081
13760,0,0,0.1702217883175338,0,-1.0760836840487624,0,0.024745762711864405
7807,0,1,0.5144890409574226,0,-0.288715391918598,0,0.1524008350730689
12453,0,0,0.1221483799809759,0,-2.614581623351205,0,0.07979695431472081
32231,0,0,0.0,0,-2.3656524066392994,0,0.007952286282306162
15582,0,0,0.0733035883264064,0,-1.8160244495833013,0,0.049344978165938864
30600,0,0,0.0,0,-1.7113569231451389,0,0.07979695431472081
5884,0,0,0.44699887558211915,0,-0.6601738331863907,0,0.16833333333333333
25704,1,1,0.5198011303427401,0,-0.48760773361863846,0,0.42424242424242425
17890,1,1,0.8582138935791696,1,2.090100951581561,1,1.0
6989,0,0,0.0,0,-5.025815774281142,0,0.0
32068,0,0,0.12086127934719883,0,-1.433916749248919,0,0.0
16647,0,0,0.0,0,-2.058363158191829,0,0.007952286282306162
22850,0,0,0.0,0,-1.6461252915760831,0,0.0
26478,0,0,0.0,0,-2.396772899872979,0,0.007952286282306162
11697,0,0,0.056799853042613084,0,-1.8576698099306808,0,0.1524008350730689
7806,0,0,0.13256164905307677,0,-1.4848184630318793,0,0.07979695431472081
26161,1,1,0.8834401315030225,1,2.0375600909325944,1,0.9941860465116279
16098,1,1,0.6683902600896929,1,0.973367867439151,1,1.0
31389,1,1,0.6649914122193297,1,1.4240872659710089,1,1.0
6193,0,0,0.12881526803472274,0,-1.2690597986940786,0,0.05655655655655656
3114,1,0,0.349887864928605,0,-0.3170780254866951,1,1.0
28544,0,0,0.2166402404131009,0,-0.9850124727441183,0,0.23655913978494625
6849,0,0,0.055994961764603064,0,-1.1334685591918976,0,0.07979695431472081
24600,0,0,0.0,0,-1.202102433177171,0,0.07979695431472081
13766,0,0,0.061553663870347684,0,-1.5612703769213951,0,0.07979695431472081
8532,0,0,0.0,0,-2.3539371535960085,0,0.07979695431472081
10742,1,0,0.3514837397714005,0,-0.7028341288962103,0,0.36792452830188677
12395,0,0,0.0,0,-1.3089410606269225,0,0.024745762711864405
18133,0,0,0.13241904120656567,0,-0.6538567761669345,0,0.007952286282306162
19587,0,0,0.0,0,-1.9407405875839872,0,0.0
20057,0,0,0.05386860254909086,0,-1.0964391258342567,0,0.07979695431472081
31570,0,0,0.12679228098902298,0,-1.8305469738956694,0,0.02127659574468085
4774,0,0,0.0,0,-1.1632477288515721,0,0.23655913978494625
23135,0,0,0.0,0,-2.0085715346765274,0,0.0
2533,0,0,0.14690412928735622,0,-1.1068544287007858,0,0.12232204561161023
11965,0,0,0.0,0,-1.040985393212917,0,0.024745762711864405
20833,0,0,0.054362588119810214,0,-1.0990941823824658,0,0.05655655655655656
17975,1,1,1.0,1,6.628020677459111,1,1.0
12794,1,1,1.0,1,2.2190348836275593,1,1.0
13999,0,0,0.0,0,-2.730141774936358,0,0.024745762711864405
7300,0,0,0.05442526402865298,0,-1.043972214413658,0,0.05655655655655656
2504,0,0,0.08551520394348876,0,-1.0233366603086018,0,0.12232204561161023
3856,0,0,0.0,0,-1.0429165804505875,0,0.05655655655655656
17733,1,0,0.4651497967457058,0,-0.87804369538596,0,0.1031578947368421
13630,0,0,0.06996631989651407,0,-1.2562054390648627,0,0.0
27671,0,0,0.0,0,-1.5781628924516191,0,0.049344978165938864
10070,1,0,0.2319214779202911,0,-0.6739555551682874,0,0.12232204561161023
24952,0,0,0.0,0,-1.5100918305140847,0,0.07979695431472081
11348,0,0,0.0,0,-1.6246488306794542,0,0.05655655655655656
13526,0,0,0.06656232783037014,0,-1.8386135085891353,0,0.07979695431472081
15607,0,0,0.0701496707037034,0,-1.744160165648469,0,0.049344978165938864
23046,0,0,0.12480752951530565,0,-1.60926253629317,0,0.07979695431472081
6791,1,1,0.8846099710732566,1,2.823429195509101,1,1.0
14433,0,0,0.0,0,-1.2278919986419186,0,0.024745762711864405
27431,1,1,0.6188913182545323,1,1.1191182511107065,1,0.9941860465116279
23662,0,0,0.06891347953393513,0,-1.1964516659693258,0,0.024745762711864405
11940,0,0,0.07738857199603769,0,-1.076918587257267,0,0.07979695431472081
13060,0,0,0.1184336245071879,0,-3.3003326372669384,0,0.1524008350730689
29291,0,0,0.12856156735526086,0,-1.7442568745122249,0,0.007952286282306162
32050,0,0,0.0,0,-1.320936033752315,0,0.05655655655655656
8549,1,1,0.8747371072138047,1,1.3697645678253192,1,1.0
5613,0,0,0.05875970247518199,0,-1.2802962256361101,0,0.1524008350730689
29101,0,0,0.0,0,-1.1087125939438187,0,0.024745762711864405
27207,0,0,0.0,0,-2.005089292263837,0,0.007952286282306162
29116,1,1,0.7938371969595595,1,2.933016382212371,1,1.0
10202,0,0,0.1353613621636872,0,-0.8227378476479759,0,0.05655655655655656
8424,0,0,0.0,0,-1.2528339735832184,0,0.049344978165938864
16588,0,1,0.6220851067195771,0,-0.4563408648881026,0,0.1524008350730689
28841,0,0,0.16017381784191057,0,-1.04374950847922,0,0.07979695431472081
27219,0,0,0.059018353280561875,0,-1.3851157587094536,0,0.12232204561161023
25038,0,0,0.12635749227089985,0,-1.1618344973564734,0,0.1031578947368421
10585,0,0,0.07040439242137135,0,-1.0655717159431402,0,0.07979695431472081
32076,0,0,0.13793192454640543,0,-1.05700167334154,0,0.024745762711864405
1664,0,0,0.05611512438007454,0,-2.1433342639585393,0,0.12232204561161023
2853,1,0,0.16763387746811562,0,-0.9461610312524296,0,0.05655655655655656
21399,0,0,0.048332419291309,0,-1.007796334089846,0,0.07979695431472081
13486,1,0,0.0,0,-1.023955489948753,0,0.024745762711864405
9943,0,0,0.0,0,-2.3211875070629335,0,0.07979695431472081
10783,0,0,0.2698780030099299,0,-1.3502342483029215,0,0.07979695431472081
5461,1,1,0.8316666744383895,1,1.2437109670493232,1,0.9941860465116279
5986,0,0,0.46506389293963774,0,-0.8858860802061765,0,0.1031578947368421
24696,0,0,0.0,0,-1.0450496110449818,0,0.07979695431472081
15186,0,0,0.19037353161871426,0,-0.9581289666809525,0,0.07979695431472081
8779,0,0,0.06899433864512161,0,-1.55799113087796,0,0.05655655655655656
13323,0,0,0.16556013067738917,0,-1.012710280777658,0,0.07979695431472081
2974,1,0,0.2830075126224755,0,-1.0300614282722136,0,0.12232204561161023
6798,0,0,0.2849615151471735,0,-0.229622385184372,0,0.12232204561161023
883,0,0,0.2543685248509884,0,-0.7798469969368054,1,0.8
15709,1,1,0.940754824178347,1,5.725621953212084,1,1.0
4557,0,0,0.0,0,-1.1239711361846338,0,0.049344978165938864
4196,0,0,0.18988362517856,0,-1.1722046637305346,0,0.12232204561161023
21383,0,0,0.05782494734539625,0,-4.181047547070952,0,0.07979695431472081
25514,0,0,0.2795968826095002,0,-1.3382544508545142,0,0.049344978165938864
5003,0,0,0.0,0,-1.21351240852839,0,0.05655655655655656
4636,0,0,0.0,0,-2.048233495737966,0,0.049344978165938864
3328,0,0,0.20501266288088346,0,-1.0043189461605428,0,0.09210526315789473
23893,1,1,1.0,1,4.9707023068741805,1,1.0
14741,0,0,0.08267616665495123,0,-1.2842164077959313,0,0.049344978165938864
16233,0,0,0.0,0,-1.4679172978808332,0,0.007952286282306162
10616,0,0,0.393527364904736,0,-0.6392993819160857,0,0.07979695431472081
385,1,1,0.8885953944114129,1,2.4362654064638583,1,1.0
27456,0,0,0.0,0,-2.3660233469846714,0,0.024745762711864405
15209,0,0,0.1055319532949343,0,-1.309178207909686,0,0.02127659574468085
17314,0,0,0.10157031301692941,0,-1.2785075713854024,0,0.12232204561161023
16175,0,0,0.0,0,-1.0930400693360893,0,0.024745762711864405
19731,0,0,0.1378234168222581,0,-0.7916515691536361,0,0.12232204561161023
16314,0,0,0.0,0,-2.0984149758706647,0,0.0
17803,1,0,0.1162507219641871,0,-1.0034865086565206,0,0.12232204561161023
14447,1,1,0.9423177719590341,1,7.940382928384947,1,1.0
10992,0,0,0.0910885122666968,0,-1.10975039730344,0,0.05655655655655656
278,1,1,1.0,1,3.2188855034173547,1,0.9941860465116279
22143,0,0,0.0,0,-1.2105740335566746,0,0.07979695431472081
31691,0,0,0.0,0,-1.309797541211344,0,0.024745762711864405
29538,0,0,0.1399991878579726,0,-1.1861136009711406,0,0.05655655655655656
1478,0,0,0.07466641890011907,0,-1.0977866701125445,0,0.07979695431472081
24704,1,1,0.7008181193104934,1,1.1692005213013357,1,1.0
9655,0,1,0.5363975907814966,1,0.6837561169362438,0,0.16901408450704225
68,0,0,0.05781367690284038,0,-1.372622343103056,0,0.024745762711864405
11527,0,0,0.0,0,-1.7138965667507704,0,0.07979695431472081
15676,0,0,0.0,0,-1.1569374342884151,0,0.024745762711864405
8237,0,0,0.2245748778213473,0,-1.4050095001799174,0,0.07979695431472081
7634,0,0,0.0,0,-1.2148531278494812,0,0.07979695431472081
31087,0,0,0.0,0,-1.9700511905844156,0,0.07979695431472081
1795,1,1,0.9466230688034776,1,1.3349125832482773,1,1.0
29442,0,0,0.0,0,-1.7660914483517671,0,0.0
4394,0,0,0.0,0,-1.9968264857797995,0,0.05655655655655656
22667,0,0,0.06585128247246572,0,-1.4236133866477143,0,0.23655913978494625
22474,0,0,0.05385098999887028,0,-1.0583628363515372,0,0.07979695431472081
10032,1,1,0.9412102197176319,1,2.1528070033146576,1,0.8095238095238095
24197,0,0,0.08234295940375073,0,-1.1393143336539284,0,0.024745762711864405
29781,1,0,0.059028115145356316,0,-1.1068477405991017,1,1.0
19066,0,0,0.13957416190662686,0,-0.9818033850628791,0,0.12232204561161023
16428,0,0,0.06667184049626732,0,-1.2438306590940615,0,0.049344978165938864
17259,1,1,1.0,1,8.623264232172732,1,1.0
28134,0,0,0.05768488227490575,0,-1.1148901749965723,0,0.07979695431472081
14221,0,0,0.05275104735878056,0,-1.1408346757908254,0,0.1031578947368421
15204,1,0,0.0,0,-1.1863830587185036,0,0.049344978165938864
31979,0,0,0.0606720963916178,0,-1.2250041796678417,0,0.07979695431472081
2849,0,0,0.06475551104276497,0,-1.0333811773753818,0,0.07979695431472081
8776,0,0,0.1103348066955506,0,-0.9991189431761271,0,0.024745762711864405
5694,0,0,0.05141400728885497,0,-1.3092778970364252,0,0.049344978165938864
371,0,0,0.2047952832528281,0,-0.9400840148447762,0,0.049344978165938864
24987,1,1,0.882984561985222,1,3.2969767462235926,1,1.0
28571,0,0,0.0,0,-1.284713588899415,0,0.07979695431472081
3588,0,0,0.17222671682372667,0,-0.8915266276188332,0,0.024745762711864405
1772,0,0,0.305454123191492,0,-1.0590449182932107,0,0.2857142857142857
6904,0,0,0.1539426266672079,0,-1.2183178759260682,0,0.049344978165938864
21708,0,0,0.18343354480687124,0,-1.1510889618299172,0,0.07979695431472081
7060,1,1,0.8276605207556843,1,1.1384038254128959,1,1.0
1356,0,0,0.2888474552415686,0,-0.9803425102807499,0,0.12232204561161023
2589,0,0,0.0,0,-1.1153160323248665,0,0.07979695431472081
3881,0,0,0.059775321352414285,0,-1.0256522088711408,0,0.07979695431472081
12918,1,0,0.11199189807490774,0,-1.3930563906008098,0,0.07979695431472081
2467,0,0,0.054631852066614396,0,-2.0423345138995033,0,0.12232204561161023
23954,0,0,0.13040328942156842,0,-1.0936985377224526,0,0.07979695431472081
15330,0,0,0.0,0,-1.2119194323164888,0,0.024745762711864405
29083,0,0,0.1484605639150219,0,-1.18504299865574,0,0.12232204561161023
12744,0,0,0.0,0,-1.7437959749126901,0,0.07979695431472081
26281,0,0,0.0,0,-1.094183448817608,0,0.024745762711864405
15084,0,0,0.1508780026103909,0,-1.1897657038298581,0,0.049344978165938864
25796,1,0,0.05955877734383276,0,-1.0338093349281339,0,0.16833333333333333
2951,0,0,0.19051851397975864,0,-1.0605137760352192,0,0.07979695431472081
23253,0,0,0.0,0,-1.1327637355057756,0,0.024745762711864405
2417,0,0,0.12571295697217474,0,-1.0765678087584454,0,0.024745762711864405
22485,0,0,0.49198955528141936,0,-0.50892159716736,0,0.23655913978494625
25275,0,0,0.06637259593357646,0,-4.3976066362937765,0,0.1524008350730689
13463,0,0,0.20619914124672817,0,-1.470604960646537,0,0.1524008350730689
12028,0,0,0.0,0,-1.0564446648510426,0,0.024745762711864405
17044,0,0,0.0,0,-1.1638246669730643,0,0.07979695431472081
22757,0,0,0.11853281016196604,0,-1.711324985803695,0,0.049344978165938864
30486,0,0,0.0,0,-2.378161724551361,0,0.0
792,0,0,0.15917183932151013,0,-1.2702195369101226,0,0.049344978165938864
2372,1,1,1.0,1,2.7413852076483733,1,1.0
5998,1,1,0.9513966489944616,1,0.756675367761749,1,1.0
665,0,0,0.13533270539498096,0,-0.9741195425826512,0,0.12232204561161023
9973,0,0,0.0,0,-1.9921895967187133,0,0.0
12221,0,0,0.0,0,-1.0243218714497802,0,0.024745762711864405
12213,0,0,0.0,0,-2.526396415096404,0,0.049344978165938864
17967,0,0,0.0,0,-1.9535871989489304,0,0.049344978165938864
24082,0,0,0.20209643215196932,0,-1.6347116394071795,0,0.07979695431472081
2209,0,0,0.19108310542135548,0,-0.9413432747146842,0,0.12232204561161023
22755,1,1,0.7793803369519479,1,1.7324314465000028,1,1.0
14319,0,0,0.15357439734875555,0,-1.3471829668561903,0,0.1524008350730689
31051,0,0,0.0,0,-1.1521558393355997,0,0.024745762711864405
13460,1,1,1.0,1,2.954911625705914,1,1.0
12170,0,0,0.0,0,-1.9678711474606874,0,0.0
47,1,1,0.6105646497608362,1,1.3032819331968857,1,1.0
11735,0,0,0.20407560674343214,0,-1.0731636619673182,0,0.07979695431472081
14653,1,0,0.08419485149744527,0,-0.8613180899643591,0,0.049344978165938864
4886,1,1,0.7931302261547698,1,0.966672693176017,0,0.02127659574468085
10120,0,0,0.0,0,-1.1069445431480747,0,0.07979695431472081
27424,0,0,0.398210238595129,0,-0.8664820855128139,0,0.0
7254,0,0,0.0,0,-1.6236834017481763,0,0.05655655655655656
383,1,1,0.880434330536808,1,2.918456729300385,1,1.0
26138,1,0,0.22229036099065624,0,-1.3537442525072474,0,0.049344978165938864
23073,0,0,0.0,0,-1.010176429251457,0,0.024745762711864405
7239,0,0,0.0701590959474537,0,-1.125166016340156,0,0.07979695431472081
1718,0,1,0.7609566000001448,1,0.9120790937671883,1,0.8095238095238095
21630,0,0,0.0,0,-1.3207183436652625,0,0.05655655655655656
24793,0,0,0.0,0,-3.2019961468297393,0,0.07979695431472081
18616,0,0,0.12816804176212584,0,-0.744718963993521,0,0.12232204561161023
17158,0,0,0.06969113493876383,0,-1.0738467635572635,0,0.07979695431472081
27971,0,0,0.0,0,-1.1150652854016916,0,0.07979695431472081
3042,0,0,0.10784914145572544,0,-1.3375958280413642,0,0.024745762711864405
14955,1,1,0.9400482656516667,1,1.3674584310563238,1,0.9941860465116279
15723,0,0,0.0,0,-1.2963995285511887,0,0.049344978165938864
6604,0,0,0.0,0,-1.4192884257613043,0,0.05655655655655656
27665,1,0,0.13793429219719386,0,-0.9675313618909274,0,0.049344978165938864
17063,0,0,0.21311197308142862,0,-1.10957962922798,0,0.07979695431472081
29757,0,0,0.0,0,-1.4825230325686403,0,0.049344978165938864
19419,0,0,0.0,0,-1.5863771282236385,0,0.02127659574468085
7089,0,0,0.0,0,-1.1986096256446759,0,0.07979695431472081
4721,0,0,0.11006666384081389,0,-1.1213142657342954,0,0.12232204561161023
28378,0,0,0.06076955993248227,0,-1.096696458272789,0,0.049344978165938864
24414,0,0,0.2014042099423234,0,-1.0447076688519874,0,0.1524008350730689
23925,1,1,0.748990032622191,1,2.3299861934472212,1,1.0
13068,0,0,0.06111461193449526,0,-2.2178357290636708,0,0.1524008350730689
7127,0,0,0.05898796008879501,0,-4.252620527204873,0,0.05655655655655656
27648,0,0,0.06699429307910404,0,-1.2451801660190096,0,0.024745762711864405
375,0,0,0.0,0,-2.661428454410908,0,0.049344978165938864
29305,1,1,0.8789583993992683,1,2.489893860647414,1,1.0
6141,0,0,0.05896169265210285,0,-1.1823327346864556,0,0.05655655655655656
26947,0,0,0.07014342404008767,0,-1.539870500562352,0,0.049344978165938864
8188,1,1,0.8252961473920343,1,2.85888204272885,1,1.0
28800,0,0,0.32632916013341595,0,-0.883461634886352,0,0.07979695431472081
9319,0,0,0.34778877323335405,0,-1.2873595642475644,0,0.1524008350730689
24335,1,1,1.0,1,1.4164441838803623,1,1.0
4616,0,0,0.0,0,-1.2482697923547381,0,0.1031578947368421
18203,1,1,0.8711927396045299,1,4.582871335840058,1,1.0
9030,0,0,0.11926181318578138,0,-1.179741046032428,0,0.07979695431472081
28533,0,0,0.4896149095466297,1,0.3035580846982872,0,0.07979695431472081
9398,0,0,0.20612964343520668,0,-1.5007079672220691,0,0.16833333333333333
194,1,1,0.7319255900957671,1,1.9878321499308953,1,1.0
31363,0,0,0.0,0,-2.2307762977145007,0,0.0
11264,1,0,0.06036760080560002,0,-1.4364336057382723,0,0.1031578947368421
10452,0,0,0.0,0,-1.0927857744213587,0,0.07979695431472081
14613,0,0,0.12934717703128878,0,-3.377031951940991,0,0.049344978165938864
25458,0,0,0.07489367702410052,0,-1.0885350051715976,0,0.049344978165938864
32276,0,0,0.0,0,-1.84048430122139,0,0.05655655655655656
9809,1,0,0.0,0,-1.1496574723053126,0,0.08928571428571429
12107,0,0,0.0,0,-1.2737492134257646,0,0.024745762711864405
21780,0,0,0.34087370792836463,0,-1.1956752147187801,0,0.23655913978494625
16876,0,0,0.0,0,-1.9862161240572935,0,0.0
30077,0,0,0.0,0,-1.0439505201437096,0,0.07979695431472081
27914,0,0,0.040229464801922625,0,-1.289576716828673,0,0.12232204561161023
3146,0,0,0.35975113154292687,0,-0.7099818050914568,0,0.1031578947368421
15052,0,0,0.05328790944969463,0,-1.052531159241289,0,0.024745762711864405
28425,0,0,0.25884400143022374,0,-0.717872620943053,0,0.1031578947368421
7071,0,0,0.12232808200931976,0,-1.1632378659978206,0,0.07979695431472081
22323,0,0,0.0,0,-1.3937267365160335,0,0.12232204561161023
32061,0,0,0.05820325502276448,0,-1.2421983900396376,0,0.024745762711864405
26076,0,0,0.0,0,-2.364062816699763,0,0.0
30745,0,0,0.12552878208803683,0,-1.615469743397012,0,0.07979695431472081
12868,0,0,0.0,0,-1.0562864946112571,0,0.07979695431472081
2675,0,0,0.0,0,-1.3421636870177727,0,0.02127659574468085
18933,0,0,0.0,0,-1.0190510341062131,0,0.12232204561161023
30286,0,0,0.0,0,-1.1412746168113697,0,0.024745762711864405
22861,1,1,0.6776875673144742,1,1.9760921708381924,1,1.0
23107,0,0,0.16449152200264328,0,-1.1592326573501208,0,0.23655913978494625
18365,0,1,0.779593692230899,1,0.5203226998082475,0,0.0
2918,0,0,0.0,0,-2.043806139840562,0,0.0
22902,0,0,0.28611228488017176,0,-0.33982390614359564,0,0.12232204561161023
345,0,0,0.0,0,-2.486758208361542,0,0.049344978165938864
28284,1,1,0.5808516048044681,1,0.6317304268358064,1,1.0
1847,1,0,0.0,0,-2.182776463487579,0,0.049344978165938864
4426,0,0,0.23925138548736474,0,-0.9292243679275185,0,0.23655913978494625
16396,1,1,0.7383437997351452,1,3.230414262437633,1,1.0
27069,0,0,0.0622698663145734,0,-1.2273940886708523,0,0.024745762711864405
17624,0,0,0.22332289893828375,0,-0.6901331727478626,0,0.12232204561161023
9211,1,0,0.0,0,-1.095176494838614,0,0.07979695431472081
28475,0,0,0.12458493376926086,0,-1.5409773740309594,0,0.1524008350730689
20586,0,0,0.0,0,-1.7590625732334533,0,0.07979695431472081
28545,0,0,0.06178986936980257,0,-3.052843550845639,0,0.0
5604,0,0,0.14058914636327186,0,-1.299367507948008,0,0.024745762711864405
14611,0,0,0.06520678382178123,0,-1.263109115653944,0,0.024745762711864405
23911,1,1,0.8369015688547311,1,3.4997256923729485,1,1.0
23061,0,0,0.20510942335678828,0,-1.3624759217623628,0,0.024745762711864405
2138,0,0,0.1932059128691092,0,-0.954766094131472,0,0.07979695431472081
16813,0,0,0.12013310307911143,0,-0.9756723406030723,0,0.1031578947368421
15704,0,0,0.0,0,-1.7658318391736372,0,0.049344978165938864
18347,1,1,0.7489889318776757,1,2.426784465198279,1,1.0
5359,0,0,0.12161928971197816,0,-1.0083834830069427,0,0.05655655655655656
3390,1,1,1.0,1,1.5070573500895577,1,1.0
21989,0,0,0.2408319681627501,1,0.27893579346959535,0,0.12232204561161023
863,0,0,0.06417535284659669,0,-2.457730718959441,0,0.049344978165938864
16409,0,0,0.0,0,-2.1622156843248583,0,0.0
6416,1,1,1.0,1,1.0397497094020807,1,1.0
19816,0,0,0.1567727391084123,0,-1.0850657351381066,0,0.07979695431472081
6022,0,0,0.35929520778269586,0,-0.8096568016463264,0,0.12232204561161023
10875,0,0,0.0,0,-1.029541766666199,0,0.024745762711864405
5715,0,0,0.07857863620549517,0,-1.3576091451694383,0,0.07979695431472081
22050,0,0,0.0,0,-1.0695213331718567,0,0.05655655655655656
7455,0,0,0.0,0,-4.009769025925292,0,0.07979695431472081
16325,0,0,0.05397236489516791,0,-1.168223767190228,0,0.07979695431472081
11730,0,0,0.11640735012066043,0,-1.3771892259869896,0,0.049344978165938864
24141,0,0,0.18041360756871053,0,-1.2813722379338952,0,0.07979695431472081
21314,0,0,0.12971147153256105,0,-1.3707602584587786,0,0.12232204561161023
687,1,0,0.4985312811088197,0,-0.17728816647905793,1,1.0
18943,0,0,0.0,0,-1.423528709259323,0,0.02127659574468085
5701,1,0,0.13685212728902335,0,-1.279103102693206,0,0.049344978165938864
669,1,1,0.5554651276333008,1,1.0361943383398653,1,1.0
30518,0,0,0.0,0,-1.508118700775909,0,0.07979695431472081
247,0,0,0.2719064065516168,0,-0.7770633628679691,0,0.1524008350730689
28469,0,0,0.06135786156109465,0,-1.727657229833515,0,0.049344978165938864
3330,0,0,0.19393062670254357,0,-1.0793232642705746,0,0.07979695431472081
26119,1,0,0.11310057676362072,0,-0.9905004720624604,0,0.07979695431472081
22383,0,0,0.16904198141597945,0,-1.4641868273826808,0,0.07979695431472081
1256,1,0,0.4486092674932526,1,0.4929014279976514,1,1.0
4779,0,0,0.12248974260341038,0,-1.2723677021910862,0,0.12232204561161023
18855,0,0,0.12339043515944696,0,-1.458800823628497,0,0.12232204561161023
8213,0,0,0.05305378905127952,0,-1.0669781969543126,0,0.12232204561161023
11738,0,0,0.07052619853822556,0,-1.4406063253856534,0,0.024745762711864405
8457,1,1,0.8353177336423981,1,1.208761628065815,1,1.0
21445,0,0,0.06579901845842515,0,-0.9909675558778446,0,0.05655655655655656
285,1,0,0.14163200318030902,1,0.2584819598919293,1,1.0
17218,0,0,0.0711902790915433,0,-1.1939702845000912,0,0.024745762711864405
29863,0,0,0.0,0,-1.4023481110974878,0,0.05655655655655656
32544,0,0,0.0,0,-0.24022206961245113,0,0.024745762711864405
593,1,1,0.9457884868058684,1,6.90258073934063,1,1.0
15366,0,0,0.18973140172778113,0,-0.9171520784816145,0,0.049344978165938864
25511,0,0,0.13100781039318193,0,-0.9526014938521739,0,0.049344978165938864
8143,0,0,0.254877373379259,0,-0.983873659107048,0,0.16833333333333333
1240,1,1,0.8823606726702168,1,2.566569616214209,1,1.0
3268,0,0,0.0582703915478816,0,-1.827872284115717,0,0.07979695431472081
12126,0,0,0.0782366233955604,0,-1.1009643245259808,0,0.024745762711864405
12119,0,0,0.0,0,-1.221873612923686,0,0.024745762711864405
25079,0,0,0.0,0,-1.1083581605858455,0,0.049344978165938864
28649,1,1,0.8099746714852826,1,3.4228528772297393,1,1.0
22737,0,0,0.1385479564392748,0,-1.2620066172559514,0,0.1524008350730689
3864,0,0,0.05597686442741078,0,-1.3432082670417345,0,0.05655655655655656
9800,0,0,0.18196168604059834,0,-0.9499170724491881,0,0.12232204561161023
32338,0,0,0.15571996336882563,0,-0.1669489091440522,0,0.09210526315789473
41,1,0,0.053884673021729744,0,-0.31039648922050295,1,1.0
23960,1,1,0.6324610957045905,1,2.282555216613869,1,1.0
19653,0,0,0.23996072783008543,0,-1.2193908654426802,0,0.16833333333333333
32008,1,0,0.33224761897491745,0,-0.7607284593253865,0,0.07979695431472081
3395,0,0,0.06629969281217425,0,-1.8053523306367016,0,0.07979695431472081
4182,0,0,0.09511575325582575,0,-0.8830678507144449,0,0.12232204561161023
11574,0,0,0.0,0,-1.2452895132644919,0,0.024745762711864405
16376,0,0,0.27754699548427253,0,-0.9650045510316263,0,0.1031578947368421
23509,0,0,0.0,0,-1.091392538976766,0,0.024745762711864405
23267,1,1,0.7461574255652256,1,1.0959839618755929,1,0.8095238095238095
6650,1,1,0.8812981897127585,1,1.501865566533525,1,1.0
26202,0,0,0.0,0,-1.0741758165187925,0,0.049344978165938864
20006,0,0,0.0,0,-1.0014870776375582,0,0.07979695431472081
3614,0,0,0.060670856748052455,0,-1.3371053357284197,0,0.05655655655655656
25543,0,0,0.06357767931919156,0,-1.0425599472931193,0,0.049344978165938864
8587,0,0,0.0,0,-1.5721490503730786,0,0.05655655655655656
31527,0,0,0.0,0,-1.315742866136988,0,0.049344978165938864
12951,0,0,0.0,0,-1.1668674998619726,0,0.024745762711864405
7415,0,0,0.0,0,-1.1177316853308987,0,0.07979695431472081
21261,0,0,0.16639267782927358,0,-0.9770881134866114,0,0.42424242424242425
17299,0,0,0.0,0,-1.065356436789067,0,0.07979695431472081
25401,0,0,0.0,0,-1.0375679218644662,0,0.024745762711864405
16999,0,0,0.0,0,-0.9669393017723109,0,0.024745762711864405
21617,1,0,0.15481093538482246,0,-1.086771009922931,0,0.07979695431472081
7588,0,0,0.14861986879174985,0,-1.0535879938339026,0,0.05655655655655656
19699,0,0,0.19347407432870956,0,-1.30661711120729,0,0.1031578947368421
20955,0,0,0.18069211767117663,0,-1.713572894366092,0,0.1524008350730689
15785,0,0,0.0,0,-1.4535448736820547,0,0.049344978165938864
17843,1,1,0.6627174936055583,1,1.8027545134990877,1,1.0
10338,1,1,1.0,1,5.463373001333548,1,1.0
6439,0,0,0.0,0,-2.0148979709178882,0,0.0
641,1,1,0.8814535816935183,1,2.718025612255613,1,1.0
30247,0,0,0.14274566953995033,0,-1.2462382889139576,0,0.07979695431472081
13027,0,0,0.0,0,-1.0084900936202268,0,0.049344978165938864
31370,0,0,0.0,0,-1.9237631152712207,0,0.024745762711864405
20442,0,0,0.11301576044666553,0,-1.1204814010241928,0,0.07979695431472081
20636,1,1,0.9341119089596401,1,1.6110193946090448,1,0.8095238095238095
25480,0,0,0.06151374409313309,0,-1.1005763049635449,0,0.05655655655655656
4440,0,0,0.09962504952476776,0,-1.102801172287305,0,0.07979695431472081
11631,0,0,0.3791203688979225,0,-1.1837527065538558,0,0.1524008350730689
24268,0,0,0.0,0,-1.08030361855011,0,0.07979695431472081
21137,0,0,0.0,0,-1.975342676618037,0,0.0
3560,0,0,0.0,0,-1.835409287437471,0,0.0
19800,0,0,0.0,0,-1.1187670367855813,0,0.07979695431472081
27399,0,0,0.055783991978529957,0,-1.1518671919888748,0,0.024745762711864405
20059,0,0,0.06773137830411256,0,-0.9170924074042879,0,0.23655913978494625
15888,0,0,0.058541806624111,0,-1.2849478579108675,0,0.024745762711864405
20206,1,0,0.20410842500507376,0,-1.0198264211627974,0,0.19480519480519481
30892,0,0,0.2135606331488543,0,-0.7116853884249479,0,0.1524008350730689
27481,1,1,0.8170379380349482,1,1.6311303328100795,1,1.0
1225,0,0,0.0,0,-1.8202789284074279,0,0.02127659574468085
251,0,1,0.7953728078582623,1,1.759188400576824,0,0.1524008350730689
15308,0,0,0.06544938514654117,0,-1.246525770260455,0,0.049344978165938864
26776,1,1,0.6050086428799762,1,2.3797946290184333,1,1.0
30205,0,0,0.20521406096407574,0,-0.9459314578526201,0,0.1724137931034483
4418,0,0,0.06447288910150324,0,-1.153308351638372,0,0.07979695431472081
18168,0,1,0.593801971465351,0,-0.018012432618707164,0,0.1524008350730689
8715,1,0,0.28598164124563835,0,-0.7789689034995597,0,0.12232204561161023
20491,0,0,0.05280030272937522,0,-1.015024808809471,0,0.07979695431472081
14979,0,0,0.0,0,-1.259198555678341,0,0.024745762711864405
31482,0,0,0.06225944135182054,0,-1.636660237365883,0,0.024745762711864405
19494,0,0,0.10862188528159343,0,-2.1229853806150616,0,0.0
27597,0,0,0.19377367945575039,0,-1.069066347609624,0,0.049344978165938864
30080,0,0,0.0,0,-2.2835014962630766,0,0.07979695431472081
18088,0,0,0.0,0,-1.3613526228408022,0,0.024745762711864405
6880,0,0,0.07637294830254972,0,-1.0594314638823983,0,0.07979695431472081
8960,0,0,0.0648414441078476,0,-1.1162664661879076,0,0.024745762711864405
19465,0,0,0.39802922980047634,0,-0.6717013109884071,0,0.1524008350730689
18428,0,0,0.046974221855870885,0,-1.9130179728927348,0,0.024745762711864405
8857,0,0,0.07277901299019426,0,-1.1395827113568355,0,0.024745762711864405
336,0,0,0.06556809464676241,0,-0.5533974164485509,0,0.049344978165938864
326,1,1,0.8330053742310151,1,0.17709560403781566,1,1.0
15810,0,0,0.0,0,-0.9975856686216316,0,0.049344978165938864
17889,1,1,0.8811214423070043,1,3.2524186738242866,1,1.0
2976,1,1,0.6249444352578819,1,0.46045732360631547,0,0.46551724137931033
17825,1,1,0.8958317827628481,1,2.4518257991727594,1,1.0
20672,0,0,0.0,0,-1.8315305274809335,0,0.02127659574468085
7275,1,0,0.4249959584539425,1,0.45377895222161657,1,1.0
1785,1,0,0.0,0,-1.0519256257775702,0,0.12232204561161023
7829,0,0,0.0,0,-1.1934938915641327,0,0.05655655655655656
25949,0,0,0.2199067617552997,0,-0.7322789856734575,0,0.049344978165938864
8302,0,0,0.0,0,-1.516123924284536,0,0.05655655655655656
8855,0,0,0.18840098894041632,0,-1.419892811789643,0,0.07979695431472081
10764,0,0,0.05596624567972625,0,-1.3988070593286022,0,0.05655655655655656
16701,0,0,0.06196139880975415,0,-0.9744330158637295,0,0.05655655655655656
32425,0,0,0.0,0,-1.0133751516586442,0,0.07979695431472081
3815,0,0,0.12700531205103519,0,-1.109026491859629,0,0.12232204561161023
31399,0,0,0.0,0,-1.3434637325709216,0,0.024745762711864405
29492,0,0,0.0,0,-1.3488486175637586,0,0.09090909090909091
31977,0,0,0.05775690267540838,0,-1.6534413001441937,0,0.07979695431472081
13206,1,0,0.055121389906012265,0,-0.43705953897207345,0,0.049344978165938864
4118,0,0,0.0,0,-0.9518374748640779,0,0.12232204561161023
22452,0,0,0.0,0,-1.3005354540379,0,0.05655655655655656
24956,0,0,0.11818352334594052,0,-1.2802772049859144,0,0.07979695431472081
29694,0,0,0.11814236988981144,0,-1.173484027218075,0,0.12232204561161023
26280,0,0,0.12088034366406826,0,-1.701056678999863,0,0.17073170731707318
149,0,0,0.0,0,-2.2278239964472806,0,0.007952286282306162
4483,0,0,0.0,0,-3.3219797759806156,0,0.07979695431472081
15736,0,0,0.14002714154733611,0,-0.8941240117724762,0,0.07979695431472081
16154,0,0,0.3467392486098145,0,-0.9856229471278,0,0.16901408450704225
18577,1,0,0.4118779993487648,0,-0.5565179444315185,0,0.07979695431472081
10584,0,0,0.14116722801386222,0,-1.0063999830306911,0,0.07979695431472081
8505,1,0,0.0,0,-1.0783834380756327,0,0.049344978165938864
456,0,0,0.06227218595010748,0,-2.352710871630282,0,0.049344978165938864
22646,0,0,0.0,0,-1.9711278647527162,0,0.07979695431472081
10150,0,0,0.0,0,-1.2035888168043851,0,0.1031578947368421
24442,0,0,0.343187865098707,0,-1.174252896262251,0,0.23655913978494625
13779,0,0,0.0,0,-1.168385064030175,0,0.024745762711864405
14940,0,1,0.7214574458636573,1,0.29754290582136433,0,0.07979695431472081
2042,0,0,0.0,0,-1.865460793587193,0,0.07979695431472081
24224,1,0,0.3712457077050512,1,1.0973247041445644,1,1.0
16029,1,0,0.40144492719267,1,0.6711358173138537,1,1.0
4712,0,0,0.057825138377615055,0,-1.7349493872687458,0,0.02127659574468085
21783,0,0,0.2900700998761422,0,-1.127611737908813,0,0.024745762711864405
21164,0,0,0.1251733400134989,0,-0.9912195130177395,0,0.07979695431472081
18854,0,0,0.35987235268714,0,-1.7962384476085864,0,0.0
17660,1,1,0.5498880716117485,1,0.25535326456430035,1,1.0
21087,0,0,0.13533087396764107,0,-1.0045311320183654,0,0.07979695431472081
29209,0,0,0.13478810657667753,0,-0.8074607151056623,0,0.049344978165938864
32377,0,0,0.13012191281297186,0,-1.568705398584019,0,0.07979695431472081
27455,0,0,0.0,0,-1.195433717999268,0,0.024745762711864405
1515,0,0,0.29166329501765426,0,-0.9160224285096126,0,0.12232204561161023
23664,0,0,0.13181521484883962,0,-1.1127300814044068,0,0.024745762711864405
18181,0,0,0.0,0,-2.3280254887550424,0,0.049344978165938864
2036,0,0,0.11198822014829095,0,-1.035702858482718,0,0.07979695431472081
2159,0,0,0.056774431949219856,0,-1.1644064795783702,0,0.024745762711864405
28203,0,0,0.16535883650226588,0,-1.5774582661610803,0,0.16833333333333333
16562,1,0,0.05847264839704348,0,-1.039448739048736,0,0.07979695431472081
7268,0,0,0.06330217244173407,0,-1.3181933774329329,0,0.12232204561161023
23711,0,0,0.19906976162131257,0,-1.1004119126766527,0,0.024745762711864405
21085,0,0,0.11158105555160167,0,-1.0800434066951405,0,0.07979695431472081
26683,0,0,0.11381008104167778,0,-1.1396704782851743,0,0.024745762711864405
15585,0,0,0.0,0,-1.2116186765646098,0,0.024745762711864405
2202,1,1,0.7089366075837694,1,1.3575273631532228,1,1.0
9982,0,0,0.0,0,-1.0945810624252308,0,0.024745762711864405
4466,1,0,0.10696314322743809,0,-1.1280901028023493,0,0.23655913978494625
14763,0,0,0.0,0,-1.3946151420421107,0,0.049344978165938864
10203,1,0,0.12362746260401745,0,-1.055981914948656,0,0.07979695431472081
4094,0,0,0.06277481005322727,0,-0.9686466027062477,0,0.049344978165938864
1642,0,0,0.23984927344074428,0,-1.0957746066050378,0,0.07979695431472081
28388,1,1,0.8097102577548777,1,1.5608498856658808,1,1.0
31201,0,0,0.2916559166251356,0,-0.7647576855779872,0,0.049344978165938864
9890,0,0,0.061366671368601904,0,-1.7942074661244622,0,0.05655655655655656
14503,0,0,0.05342774676877274,0,-1.1179517367671725,0,0.049344978165938864
32165,1,1,0.9395264237331645,1,2.527168823049475,1,1.0
21994,0,0,0.19939667605642336,0,-0.7314405044544836,0,0.16833333333333333
4504,0,0,0.18158761008929464,0,-0.6767553861555018,0,0.024745762711864405
10604,0,0,0.0,0,-2.1799944309684682,0,0.07979695431472081
7730,0,0,0.05217366945057106,0,-1.3468883706180512,0,0.12232204561161023
15024,0,0,0.0,0,-1.1820756160719874,0,0.024745762711864405
19277,0,0,0.0,0,-1.0978762304180218,0,0.07979695431472081
11699,0,0,0.0,0,-1.4986571086092595,0,0.07979695431472081
14687,1,1,0.9469997338918091,1,6.406348636352328,1,1.0
3691,1,0,0.3726131744982245,1,0.05294266403015074,1,1.0
2050,0,0,0.17969344705170195,0,-1.0412239514423205,0,0.02127659574468085
17707,0,0,0.14025265062380252,0,-0.8410962250360661,0,0.02127659574468085
15362,0,0,0.0,0,-1.2286334054588117,0,0.049344978165938864
10057,0,0,0.0,0,-1.1681549649240883,0,0.024745762711864405
14443,0,0,0.059433533345236274,0,-2.174585004389072,0,0.12232204561161023
8426,1,1,0.9408117392607421,1,2.0108491212612494,1,0.9941860465116279
3122,0,0,0.16628319253977555,0,-1.0768523797373721,0,0.07979695431472081
17378,1,0,0.25429613808712875,0,-0.6662080051371984,0,0.23655913978494625
30922,0,0,0.1158456334014512,0,-1.9059305882584172,0,0.05655655655655656
10827,0,0,0.09541248801754337,0,-1.0889279786331865,0,0.024745762711864405
10437,1,1,0.8889336022978608,1,2.9604807014069117,1,1.0
26433,0,0,0.0,0,-1.0786838858033025,0,0.024745762711864405
28218,0,0,0.06048963015077352,0,-1.324819411804605,0,0.024745762711864405
26245,0,0,0.0,0,-1.2688537822224801,0,0.024745762711864405
15752,1,1,1.0,1,6.123613162029419,1,1.0
3711,0,0,0.13591992093845265,0,-0.9791015366980367,0,0.02127659574468085
54,0,0,0.12016997276646524,0,-2.049844959161216,0,0.024745762711864405
3403,0,0,0.0,0,-1.9814470136308078,0,0.07979695431472081
30267,0,0,0.06203474093350791,0,-0.6952879194863482,0,0.05655655655655656
7151,0,0,0.05197087999010618,0,-0.9012082712054834,0,0.07979695431472081
28727,1,0,0.3099066706856061,0,-1.2005467897292337,0,0.1524008350730689
1075,1,1,0.6395447420508822,1,2.3911143901413245,1,1.0
32028,0,0,0.0,0,-1.0418499677175732,0,0.12232204561161023
13556,0,0,0.239644519593595,0,-0.8706891205779419,0,0.049344978165938864
17049,1,1,0.897781049521297,1,4.453204847937073,1,1.0
27174,0,0,0.0,0,-1.553917335475001,0,0.049344978165938864
29853,0,1,0.5935699182412193,1,0.23046080149753606,0,0.1524008350730689
615,1,1,1.0,1,6.642013793481808,1,1.0
25133,1,0,0.4919954470008077,1,0.4147330043260094,1,1.0
2191,0,0,0.06511139789507359,0,-1.89241901683872,0,0.07979695431472081
14736,0,0,0.0,0,-1.4415461243664067,0,0.0
14362,0,0,0.12762868034714311,0,-1.2992574664152907,0,0.1724137931034483
494,1,1,1.0,1,7.298405702759585,1,1.0
28521,0,0,0.05444188468326311,0,-1.17374189004444,0,0.07979695431472081
15569,0,0,0.0,0,-1.3549057651180294,0,0.024745762711864405
19004,0,0,0.0,0,-1.1380603513479048,0,0.024745762711864405
8055,0,0,0.06645101861912445,0,-1.234101724017942,0,0.07979695431472081
2779,0,0,0.046840287678594224,0,-1.4132990650052424,0,0.07979695431472081
11982,0,0,0.0,0,-1.104422383347532,0,0.024745762711864405
9856,0,0,0.15610388739475858,0,-1.0557549390509318,0,0.07979695431472081
19764,1,0,0.12634017554642227,0,-1.2695377595541717,0,0.17073170731707318
4030,0,0,0.0,0,-1.0389748914227614,0,0.07979695431472081
20614,0,0,0.0,0,-1.5637340062033842,0,0.05655655655655656
12446,0,0,0.1899176908888657,0,-1.102090510359899,0,0.07979695431472081
17282,0,0,0.0,0,-1.0385681866777117,0,0.024745762711864405
15821,0,0,0.13317379814233118,0,-1.4747674106195507,0,0.049344978165938864
3135,0,0,0.13105125121695554,0,-1.1334506164342186,0,0.12232204561161023
5317,0,0,0.05614109175374996,0,-1.401938864000442,0,0.05655655655655656
4137,0,0,0.10215644941844829,0,-1.1564271953071994,0,0.07979695431472081
27269,0,0,0.15671564146747805,0,-1.0153059706055705,0,0.07979695431472081
21186,0,0,0.11357812529314652,0,-1.024325623753095,0,0.07979695431472081
27164,0,0,0.0,0,-1.3694234694464562,0,0.049344978165938864
18344,1,1,0.665787881000712,1,2.7370738301330624,1,1.0
28745,0,0,0.0,0,-1.77530140117445,0,0.049344978165938864
27020,0,0,0.0,0,-1.222976178267535,0,0.024745762711864405
2846,0,0,0.1972254185977986,0,-1.0260371951547982,0,0.07979695431472081
7751,0,0,0.14025590513158034,0,-1.1259778386678403,0,0.1524008350730689
26085,0,0,0.13932030892543548,0,-1.1738020623637504,0,0.024745762711864405
8575,0,0,0.0,0,-1.286098192391387,0,0.05655655655655656
7714,0,0,0.05481644314372027,0,-1.4643194386623892,0,0.12232204561161023
25585,1,0,0.11377317318132521,0,-1.0348693237977222,0,0.024745762711864405
23513,1,0,0.05917330786797677,0,-0.9373605763183892,0,0.07979695431472081
27499,0,0,0.0,0,-1.4267490515691914,0,0.024745762711864405
18185,0,0,0.2709284728019448,0,-0.916567348791903,0,0.1524008350730689
15534,0,0,0.0,0,-1.3100897590699585,0,0.024745762711864405
29216,0,1,0.678279266499165,0,-0.0027560805680339473,0,0.1524008350730689
5871,1,1,0.946978262203259,1,1.9998596220897993,1,1.0
27861,0,0,0.0,0,-1.4674431065951254,0,0.0
8717,0,0,0.36632494085801287,0,-0.9396116631329785,0,0.07979695431472081
20918,0,0,0.1921655758987755,0,-1.0546003154674621,0,0.049344978165938864
7147,0,0,0.0,0,-1.092433394484021,0,0.024745762711864405
30938,0,0,0.06892909664273111,0,-1.6321043753050979,0,0.07979695431472081
8323,0,0,0.0,0,-1.0215312370699248,0,0.05655655655655656
5990,0,0,0.0,0,-1.2054207104631796,0,0.024745762711864405
16945,0,0,0.0,0,-1.332017030610714,0,0.05655655655655656
6646,0,0,0.0,0,-1.5588217017194883,0,0.0
31724,0,0,0.0,0,-0.7472373767516758,0,0.17073170731707318
12978,0,0,0.12414052015541556,0,-1.1115873868872272,0,0.049344978165938864
32473,1,0,0.28170925100147626,1,0.01095073931406515,1,1.0
5187,0,0,0.12449347708908343,0,-1.1599769273047986,0,0.024745762711864405
18025,0,0,0.07346012297128136,0,-1.1986183414097162,0,0.024745762711864405
13389,0,0,0.0,0,-1.128593181171527,0,0.07979695431472081
14737,1,1,0.5790067430069888,1,2.625950668568013,1,1.0
18743,0,0,0.2584850794285599,0,-1.445487979974813,0,0.18
31609,0,0,0.340111299300919,0,-0.8233067346473448,0,0.1524008350730689
16753,1,0,0.1334960803552055,0,-1.0873449594957891,0,0.05655655655655656
23987,0,0,0.0,0,-1.1703834963963686,0,0.07979695431472081
5786,0,0,0.0,0,-1.7484585040682066,0,0.1031578947368421
25452,0,0,0.0,0,-1.1018394087528807,0,0.024745762711864405
13778,0,0,0.0,0,-1.250609498744927,0,0.024745762711864405
17766,0,0,0.06413973275242112,0,-1.0393185871327748,0,0.09210526315789473
3650,0,0,0.0631126294253645,0,-1.2461858033517088,0,0.07979695431472081
21246,0,0,0.1514651708176462,0,-0.9036060546914917,0,0.07979695431472081
17716,1,1,0.7335369546248984,1,1.14997525315781,1,1.0
20565,0,0,0.0,0,-1.089486101890262,0,0.024745762711864405
1231,1,1,0.7089975011110009,1,2.6498946347422314,1,1.0
30535,0,0,0.0,0,-1.4963914400085223,0,0.05655655655655656
26622,0,0,0.10771921055948361,0,-1.5156365070657984,0,0.049344978165938864
31390,0,0,0.26400062383971207,0,-2.123884387623995,0,0.1524008350730689
14530,1,0,0.0,0,-0.9417541351822294,0,0.049344978165938864
20122,0,1,0.6294074235678395,0,-0.9541235622781294,0,0.1031578947368421
21210,1,0,0.2550934159300902,0,-0.3096681820808706,1,0.8
25605,0,0,0.0,0,-0.9484528030944592,0,0.024745762711864405
21325,0,0,0.1104577332995936,0,-1.0383974986965727,0,0.05655655655655656
4192,0,0,0.14236598364959654,0,-1.2933894620997552,0,0.02127659574468085
22963,0,0,0.0,0,-1.431887206368674,0,0.05655655655655656
21996,0,0,0.0,0,-1.4695837820037245,0,0.05655655655655656
25554,0,0,0.15087021737512327,0,-0.9547573772171147,0,0.049344978165938864
493,1,1,1.0,1,8.44920077190378,1,1.0
25180,0,0,0.2475753747466362,0,-1.2401858463640107,0,0.049344978165938864
25476,0,0,0.0,0,-1.1572772024530218,0,0.049344978165938864
11115,0,0,0.3545648525671201,0,-1.0015121097864064,0,0.07979695431472081
2044,0,0,0.07065590935286391,0,-1.5532744288153197,0,0.02127659574468085
1776,0,0,0.05495097385596696,0,-1.0706819088461397,0,0.04
10242,0,0,0.0,0,-1.0821093469735437,0,0.024745762711864405
899,0,0,0.2097394869110799,0,-1.1533088541887946,0,0.36363636363636365
23616,0,0,0.05877101692610718,0,-1.8996409391577989,0,0.1524008350730689
6785,1,1,1.0,1,4.3384940788462085,1,1.0
26315,0,0,0.464573922269386,0,-1.771166977216684,0,0.0
13586,0,0,0.0,0,-1.092924854049429,0,0.024745762711864405
26559,0,0,0.0,0,-1.0807482128520394,0,0.024745762711864405
24881,0,0,0.11923902000062443,0,-1.280202243378005,0,0.16833333333333333
28016,0,0,0.22712906737098024,1,0.13649768489133135,0,0.07979695431472081
23401,0,0,0.0,0,-1.2486937911607154,0,0.16833333333333333
6511,0,0,0.12492591885617962,0,-1.307053638285892,0,0.05655655655655656
15116,0,0,0.0,0,-1.4524948008682148,0,0.049344978165938864
2045,0,0,0.0,0,-1.4885774857997478,0,0.12232204561161023
1481,0,0,0.16498667602851855,0,-1.0454133815327367,0,0.05655655655655656
20419,0,0,0.0,0,-2.143170727509797,0,0.07979695431472081
4157,0,0,0.08517726467767874,0,-1.1336143280275095,0,0.07979695431472081
8029,1,0,0.4338295425263795,0,-0.9822266264894668,0,0.07979695431472081
7758,0,0,0.0,0,-1.0945112881315862,0,0.05655655655655656
16574,0,0,0.0,0,-1.7470125663912262,0,0.024745762711864405
29905,0,0,0.0,0,-1.4508574068620415,0,0.07979695431472081
22357,0,0,0.06986073951530321,0,-1.6503771345513667,0,0.05655655655655656
20553,0,0,0.21754433404933782,0,-0.7607376185664063,0,0.1031578947368421
12297,1,1,0.500526397237826,1,0.7023872285307476,1,1.0
67,0,0,0.2869772646802391,0,-0.5122085384383837,0,0.1524008350730689
26159,0,0,0.12701975853856132,0,-1.0810484850258515,0,0.024745762711864405
19834,0,0,0.19454108990316654,0,-1.082138003829253,0,0.07979695431472081
9507,0,0,0.0,0,-2.084235396810603,0,0.0
913,0,0,0.2878421456871438,0,-1.4178946984448049,0,0.16833333333333333
10802,0,0,0.06159047486063957,0,-1.5396185777043698,0,0.07979695431472081
27138,0,0,0.0,0,-2.895887172453124,0,0.024745762711864405
10622,0,0,0.0,0,-1.943195467800027,0,0.0
32332,1,1,0.6431454696880357,1,0.8429775481618116,1,1.0
31331,0,0,0.0,0,-1.5145856774719406,0,0.024745762711864405
16978,1,1,0.935837560832623,1,1.7006178891713093,1,0.7674418604651163
29982,0,0,0.0,0,-2.320890039827542,0,0.07979695431472081
22719,0,0,0.0,0,-1.001809323335121,0,0.05655655655655656
25392,0,0,0.11783690526210873,0,-1.69364190040929,0,0.07979695431472081
3868,1,1,0.7852562822232756,1,1.175938386852063,1,1.0
10595,0,0,0.14847639520534253,0,-1.0609828848758858,0,0.07979695431472081
2025,1,1,0.6549196850365976,1,0.9809828450443399,1,1.0
151,1,1,1.0,1,6.628691020800739,1,1.0
4410,1,1,0.6893542421594497,1,0.846043798126682,1,1.0
10786,1,1,0.8228303739429862,1,1.4058335412730885,1,1.0
1947,1,0,0.19794174271407028,0,-0.7875723277470197,0,0.17073170731707318
27469,0,0,0.0,0,-1.5599653758724186,0,0.024745762711864405
15760,0,0,0.16562161081397772,0,-1.9797398239326784,0,0.07979695431472081
3589,0,0,0.0,0,-1.1275771471994454,0,0.05655655655655656
22832,0,0,0.18593790973738572,0,-0.9610410678593149,0,0.1524008350730689
30012,0,0,0.0,0,-1.8552847528318606,0,0.024745762711864405
29942,0,0,0.268215097941271,0,-0.9293781891945829,0,0.07979695431472081
10008,0,0,0.0,0,-3.70299583708997,0,0.07979695431472081
28679,0,0,0.1295121773822025,0,-2.475907008244157,0,0.0
25001,0,0,0.0,0,-1.0757954730218247,0,0.024745762711864405
17953,0,0,0.05895363370617743,0,-0.6659225287856141,0,0.049344978165938864
9644,0,0,0.08033554335266549,0,-1.0052454751386266,0,0.07979695431472081
18717,1,1,0.6776452586411741,1,1.823022469971693,1,1.0
28777,0,0,0.1062916588298899,0,-0.9554056888944729,0,0.05655655655655656
19677,1,1,0.5231836857681087,1,0.3211057442230319,1,1.0
30194,1,0,0.116360383233436,0,-0.8389852515192704,0,0.12232204561161023
25522,0,0,0.11952544039147958,0,-1.51045165039216,0,0.07979695431472081
9209,1,1,1.0,1,1.8780528599808126,1,0.7674418604651163
17016,0,0,0.0,0,-1.058210799202467,0,0.024745762711864405
20747,0,0,0.14267539720828668,0,-1.286522304929398,0,0.07979695431472081
21992,0,0,0.055080911020001073,0,-0.9773903731209959,0,0.05655655655655656
16026,0,0,0.0,0,-1.9390697202727876,0,0.07979695431472081
25946,0,0,0.12576416747674649,0,-1.7237160813979169,0,0.1524008350730689
26007,1,1,0.915329440811353,1,1.8112836576490692,1,1.0
14329,0,0,0.0,0,-3.184294308347798,0,0.049344978165938864
16044,0,0,0.06289157143326533,0,-0.9902970205673993,0,0.049344978165938864
13894,1,1,0.9016079943624296,1,0.9683929333187871,1,1.0
1954,0,0,0.06881275858987773,0,-1.1123478108037874,0,0.024745762711864405
29793,0,0,0.0,0,-1.4983361030227726,0,0.05655655655655656
5179,0,0,0.05474550084722837,0,-3.359672053024234,0,0.1524008350730689
11210,0,0,0.0,0,-2.439338493719448,0,0.024745762711864405
8949,0,0,0.0,0,-1.792339076905629,0,0.05655655655655656
15672,0,0,0.0,0,-1.7459670593802388,0,0.007952286282306162
11265,0,0,0.10113289546470956,0,-1.75363396980184,0,0.07979695431472081
28530,0,0,0.0,0,-2.8683379277665257,0,0.0
18155,0,0,0.1541074726253304,0,-1.7769794911347603,0,0.049344978165938864
6209,0,0,0.13763126119158675,0,-1.140815439823184,0,0.07979695431472081
2443,0,0,0.20392720885625734,0,-1.054594760478949,0,0.12232204561161023
30725,0,0,0.3225225909290726,0,-0.8076834729841647,0,0.07979695431472081
30712,0,0,0.13937880848845358,0,-0.9457163786806206,0,0.049344978165938864
1413,0,0,0.13512160569201315,0,-0.975091493089286,0,0.27058823529411763
2198,1,1,0.9399403602528985,1,1.2389944076757757,1,1.0
25195,1,1,0.6336304243819548,1,0.8400931055411422,1,1.0
31965,0,0,0.06310540719879425,0,-2.601534632409115,0,0.007952286282306162
9888,0,0,0.1492822260206829,0,-0.9708470544483672,0,0.07979695431472081
15407,0,0,0.31711351375943697,0,-1.3250531781424875,0,0.1524008350730689
1964,1,0,0.3061663255652103,1,0.11833122546207658,1,1.0
3198,0,0,0.0,0,-2.2513330208139863,0,0.05655655655655656
7368,0,0,0.0,0,-2.0392898520953153,0,0.0
22533,0,0,0.057963864864946445,0,-1.308117714364117,0,0.07979695431472081
19115,0,0,0.09600992399563682,0,-1.0789933535021925,0,0.07979695431472081
17019,0,0,0.0,0,-1.1312800534597942,0,0.024745762711864405
14991,0,0,0.12289594515862867,0,-1.0964532935988234,0,0.049344978165938864
20322,1,1,0.8969770691262957,1,2.6146258463778933,1,1.0
1927,0,0,0.05367482113324038,0,-1.2170394933469484,0,0.09210526315789473
16886,0,0,0.0,0,-1.9813077417880516,0,0.0
465,0,0,0.051657207972151786,0,-1.5150699883128855,0,0.04
27428,1,0,0.07885556062565867,0,-0.9828475365246025,0,0.024745762711864405
30290,1,1,0.9368926358021679,1,1.8264381357554238,1,0.9941860465116279
14981,0,0,0.0,0,-1.295614540781739,0,0.024745762711864405
14071,0,0,0.0,0,-1.2481265848395782,0,0.024745762711864405
7830,0,0,0.11868644713384081,0,-1.407782719302753,0,0.07979695431472081
31228,0,0,0.0,0,-1.1024358408953079,0,0.049344978165938864
26686,0,0,0.0,0,-2.0687300088834952,0,0.0
30721,0,0,0.0637321726794773,0,-0.8023248545752923,0,0.07979695431472081
24900,0,0,0.05933542865028581,0,-0.9950468366354472,0,0.024745762711864405
19138,0,0,0.05695184756475755,0,-0.9737562392833916,0,0.12232204561161023
296,0,0,0.06972653356502781,0,-1.0882038983811366,0,0.007952286282306162
23320,0,0,0.06327342277911745,0,-1.2689686873022392,0,0.024745762711864405
5770,0,0,0.0,0,-1.1404778029326748,0,0.024745762711864405
17274,1,1,0.7675704499009947,1,1.3825782057411709,1,1.0
22092,0,0,0.13430012002363148,0,-1.2406943831628197,0,0.07979695431472081
25818,0,0,0.15902753723790583,0,-1.0085824437074402,0,0.07979695431472081
8687,0,0,0.14777942032779703,0,-1.1847078778073654,0,0.12232204561161023
32481,0,0,0.11752936213679638,0,-1.1381967258562673,0,0.07979695431472081
24066,0,0,0.06873123820369204,0,-1.5880597927559141,0,0.07979695431472081
18566,0,0,0.06427911270325444,0,-1.3945069560062686,0,0.02127659574468085
13434,0,0,0.05412665458238819,0,-1.091616112958626,0,0.024745762711864405
21050,0,0,0.0,0,-1.0907820763537388,0,0.07979695431472081
8362,0,0,0.0,0,-1.0918531151594002,0,0.05655655655655656
16935,0,0,0.3052541700680694,0,-0.982154334899864,0,0.12232204561161023
14564,0,0,0.06273397124447372,0,-1.179451704416509,0,0.05655655655655656
29179,1,1,0.6960862876850596,1,2.346985936966567,1,1.0
4066,0,0,0.0,0,-1.2024202018372836,0,0.05655655655655656
22800,0,0,0.0,0,-1.6729123292453618,0,0.05655655655655656
32221,0,0,0.0,0,-1.4957991296984732,0,0.024745762711864405
3116,1,0,0.05852936361443342,0,-0.9330328442183471,1,1.0
12721,1,1,0.6841652937542468,0,-0.09624156559009495,1,1.0
13866,0,0,0.4228148034419919,0,-0.2591605110605221,0,0.05655655655655656
3195,0,0,0.1687659363213966,0,-1.0005742781655753,0,0.07979695431472081
28842,0,0,0.06075570243925026,0,-3.4081043251902217,0,0.0
30838,0,0,0.0,0,-2.442557931174428,0,0.07979695431472081
8641,0,0,0.0,0,-4.246798104084187,0,0.024745762711864405
31920,1,1,0.9436255363326929,1,4.6916344622998665,1,1.0
8627,0,0,0.40339260082345796,0,-0.1642968677963667,0,0.12232204561161023
20107,0,0,0.1836829900552774,0,-1.0194262550446296,0,0.12232204561161023
30907,0,0,0.2974846965533514,0,-1.2007062107644926,0,0.1524008350730689
11375,0,0,0.21728545493048457,0,-1.2364911205107525,0,0.1524008350730689
19933,1,1,0.7344748165256445,1,2.577753786155085,1,1.0
32480,1,0,0.48417617788925194,1,0.26886116055864495,0,0.1031578947368421
26412,1,1,0.9435044562407913,1,3.611434256773534,1,1.0
26541,0,0,0.0,0,-1.6060129832933483,0,0.02127659574468085
26201,0,0,0.0,0,-2.2104204651475263,0,0.007952286282306162
31650,0,0,0.0,0,-1.3700596065156496,0,0.049344978165938864
20262,0,0,0.0,0,-1.9522305258745773,0,0.0
16337,0,0,0.0,0,-1.945389639949914,0,0.07979695431472081
30985,0,0,0.0,0,-1.05145755726108,0,0.07979695431472081
30239,0,0,0.06024460857839156,0,-1.2531366878813843,0,0.05655655655655656
30783,1,0,0.28419853645943427,0,-1.0736511000620874,0,0.07979695431472081
17284,0,0,0.0,0,-1.0982800538983444,0,0.05655655655655656
16551,1,1,0.6401620572724127,1,0.12235838166915103,1,1.0
8133,0,0,0.0,0,-1.2785772847378554,0,0.024745762711864405
10201,0,0,0.06144762761355859,0,-1.5690337248093438,0,0.07979695431472081
10668,0,0,0.0,0,-1.1644032023033388,0,0.024745762711864405
17564,0,0,0.06313131106362611,0,-1.0296443058309916,0,0.07979695431472081
13806,0,0,0.0,0,-2.156025147617153,0,0.02127659574468085
5253,0,0,0.3143951224761532,0,-0.8576970083737647,0,0.1524008350730689
18729,1,1,0.8923446885678116,1,1.9504406372965406,1,1.0
30726,0,0,0.0,0,-1.2135797175309817,0,0.024745762711864405
2631,0,0,0.054342172501269013,0,-2.414410041932267,0,0.02127659574468085
16656,0,0,0.0,0,-2.094589166315036,0,0.0
4219,0,0,0.10732214255881567,0,-2.5710566374285606,0,0.05655655655655656
25449,0,0,0.0,0,-1.154204532337875,0,0.049344978165938864
1344,1,1,0.5998569652787223,1,0.6294605939189961,1,1.0
5867,0,0,0.0,0,-1.203698224424684,0,0.07979695431472081
4697,0,0,0.0,0,-1.6552156469556645,0,0.0
3479,1,1,0.9484119631354667,1,2.9195195235166307,1,1.0
2714,0,0,0.0,0,-1.5546805798979302,0,0.05655655655655656
30674,1,0,0.0,0,-1.3518274631707148,0,0.07979695431472081
27795,0,0,0.04997928063391427,0,-1.065811395259269,0,0.049344978165938864
13367,0,0,0.05622236757509292,0,-1.1191144081682802,0,0.1724137931034483
26944,0,0,0.0,0,-1.7628797680253672,0,0.007952286282306162
20516,1,1,0.6981081797595104,1,1.5652477259461501,1,1.0
16327,0,0,0.0,0,-2.618971767239038,0,0.07979695431472081
3852,0,0,0.29093904283213373,0,-0.9472749766285102,0,0.07979695431472081
17687,0,0,0.08037945403493935,0,-0.9789694731446399,0,0.36792452830188677
1152,0,0,0.13246337747785064,0,-1.7585838429515257,0,0.049344978165938864
7898,0,0,0.04989566219973363,0,-1.0795557612328015,0,0.05655655655655656
18928,0,0,0.11404568940176081,0,-1.3955410842676366,0,0.02127659574468085
7079,0,0,0.10064863306680293,0,-1.076000918713379,0,0.024745762711864405
4231,1,0,0.4421763563669239,1,0.34500343036387543,1,1.0
23999,0,0,0.3168669490994672,0,-0.8218767225386217,0,0.46551724137931033
16555,0,0,0.06233768510352648,0,-1.205547110306881,0,0.07979695431472081
19909,0,0,0.12466687519904823,0,-1.40949459063782,0,0.07979695431472081
16443,0,0,0.0,0,-1.8712340838090018,0,0.0
15215,0,0,0.18039510308424728,0,-1.3570332619676195,0,0.12232204561161023
30823,0,0,0.1290067368504396,0,-0.7866701118504902,0,0.07979695431472081
8102,0,0,0.0,0,-2.6690908253106613,0,0.05655655655655656
10625,1,1,0.5218900446289749,0,-0.4600865094959275,0,0.16833333333333333
2354,0,0,0.06087018777890094,0,-1.039823969591401,0,0.05655655655655656
14414,0,0,0.0,0,-1.469037378831894,0,0.049344978165938864
26728,1,1,1.0,1,5.5242468058833065,1,1.0
30756,1,0,0.20406916732337163,0,-1.4130149566508423,0,0.1524008350730689
1232,1,1,0.8939926595804172,1,3.7032813679632404,1,1.0
9508,1,0,0.13097918352596497,0,-1.0655100655438712,0,0.07979695431472081
9275,1,1,1.0,1,1.8302485172544545,1,0.9941860465116279
2555,0,0,0.05620882715647299,0,-1.1229455839404716,0,0.12232204561161023
17115,0,0,0.0,0,-1.3511384865859293,0,0.12232204561161023
20575,0,0,0.0,0,-1.183913806303489,0,0.049344978165938864
8983,0,0,0.07890172110095998,0,-1.4730911185615123,0,0.07979695431472081
11584,1,0,0.0,0,-1.587259592338365,0,0.07979695431472081
13672,0,0,0.0,0,-2.0785786413562377,0,0.02127659574468085
23551,0,0,0.0,0,-1.205684269918053,0,0.07979695431472081
10438,0,0,0.12101414866603598,0,-1.1628312268017928,0,0.07979695431472081
25559,0,0,0.0,0,-2.5308697127544693,0,0.007952286282306162
17079,0,0,0.1976120866106416,0,-1.0068952080154228,0,0.07979695431472081
12881,0,0,0.06341344185882501,0,-1.3475747119313048,0,0.07979695431472081
1546,0,0,0.12100035190314545,0,-1.132240833833164,0,0.12232204561161023
9549,0,0,0.0,0,-1.3433323991990318,0,0.07979695431472081
31711,0,0,0.32137511791648093,0,-0.5729965589742181,0,0.07979695431472081
31602,0,0,0.05764650953178531,0,-1.21977272578534,0,0.049344978165938864
25171,0,0,0.0,0,-1.925439544991145,0,0.007952286282306162
6610,0,0,0.08322970311552157,0,-1.2472055308633292,0,0.07979695431472081
20623,0,0,0.13246306682611345,0,-1.1238477555409383,0,0.07979695431472081
20779,0,0,0.22193008094202873,0,-1.3018148020613292,0,0.07979695431472081
19990,0,1,0.879222124067728,1,1.0870536218161855,1,0.7674418604651163
14395,0,0,0.05409723867564906,0,-2.546816909975225,0,0.07979695431472081
21631,0,0,0.19254840644753965,0,-1.1717344615354914,0,0.07979695431472081
29699,0,0,0.24928586878491557,0,-0.9750253714909989,0,0.07979695431472081
31665,0,0,0.0,0,-1.2761839346416788,0,0.02127659574468085
22247,1,1,0.9406628019934056,1,2.2835245383195923,1,1.0
30921,0,0,0.36558999760845273,0,-0.9701761912912148,0,0.1524008350730689
6422,0,0,0.1802952788270364,0,-1.4490533408815962,0,0.07979695431472081
15682,0,0,0.0,0,-1.4095792559229405,0,0.024745762711864405
2884,0,0,0.1729198295284389,0,-1.0443582262734097,0,0.07979695431472081
19410,0,0,0.0,0,-1.0111154339759962,0,0.07979695431472081
414,1,1,0.8703617170543045,1,2.9401274165091587,1,1.0
12695,0,0,0.06753314160532045,0,-1.7352555193325907,0,0.07979695431472081
10265,0,0,0.0,0,-1.6660670199851375,0,0.0
29590,0,0,0.2551193453343885,0,-2.1871069744741627,0,0.1724137931034483
7435,0,0,0.3265414411177475,0,-0.4029526060488526,0,0.1524008350730689
6008,0,0,0.08161999123881693,0,-1.236899646082237,0,0.07979695431472081
11041,0,0,0.19513242767706568,0,-0.9844168811239913,0,0.07979695431472081
9680,0,0,0.21810267275581677,0,-1.131409302274902,0,0.07979695431472081
5847,0,1,0.5640299062065319,0,-0.3798821876079667,0,0.1524008350730689
12087,0,0,0.08849662757636334,0,-1.0673137337104264,0,0.07979695431472081
23062,0,0,0.0,0,-1.2473459157373226,0,0.024745762711864405
4649,1,1,1.0,1,4.47264710477679,1,1.0
25884,1,0,0.0,0,-1.1206508896016425,0,0.09210526315789473
3957,1,1,1.0,1,2.6028661987410926,1,1.0
11079,0,0,0.0,0,-2.6603918683768533,0,0.0
22584,0,0,0.0,0,-1.1881638103079757,0,0.07979695431472081
29117,0,0,0.11752954059514345,0,-0.6901103648722255,0,0.12232204561161023
3004,0,0,0.05562733112593738,0,-1.1071492223932449,0,0.07979695431472081
17936,0,0,0.06071601320826344,0,-1.2443103085677667,0,0.007952286282306162
9894,0,0,0.0,0,-1.8024770302771302,0,0.0
20619,1,1,1.0,1,4.547257626244309,1,1.0
19695,0,0,0.06754846092174448,0,-1.3446649492898923,0,0.16833333333333333
16300,1,1,1.0,1,6.354430283698022,1,1.0
7330,0,0,0.0,0,-1.5805710773753652,0,0.05655655655655656
19573,1,1,0.6805688885404125,1,1.1795796870311497,1,0.9941860465116279
14804,0,0,0.0,0,-1.6699634285736402,0,0.007952286282306162
7202,0,0,0.11348370120725908,0,-1.017564312183536,0,0.07979695431472081
22318,0,0,0.49792187461375864,0,-0.19600960860278244,0,0.12232204561161023
10423,1,1,0.5555879534307949,1,2.1331580001647525,1,1.0
32441,0,0,0.061311617738528126,0,-1.7902792686102527,0,0.07979695431472081
8159,1,1,1.0,1,1.6363008751504124,1,0.9941860465116279
31350,0,0,0.0,0,-1.4110986719868,0,0.024745762711864405
3424,0,0,0.0,0,-1.8712990709946022,0,0.0
22573,0,0,0.0,0,-2.3521234108157008,0,0.05655655655655656
599,1,1,1.0,1,6.388700180608496,1,1.0
5376,0,0,0.2440259555445304,0,-1.0363597562067821,0,0.07979695431472081
19691,1,0,0.19985817674620865,1,0.8486053391372965,1,1.0
10969,1,0,0.3826186948605061,1,0.6473042543752192,1,1.0
19380,0,0,0.1922339448049876,0,-0.9257900093035833,0,0.12232204561161023
2405,0,0,0.20343603881404207,0,-1.157521246756073,0,0.12232204561161023
17275,1,1,0.6782513247979338,1,1.0386076824744297,1,1.0
31291,0,0,0.04927184657565658,0,-1.3338647842960372,0,0.049344978165938864
12382,0,0,0.3873649401218886,1,0.09878490775639814,0,0.05655655655655656
29722,0,0,0.05129000206169509,0,-1.667304414886393,0,0.05655655655655656
6818,0,0,0.215801693012245,0,-0.9632003957045159,0,0.024745762711864405
29638,0,0,0.0,0,-1.3502346152278228,0,0.16833333333333333
22078,0,0,0.0,0,-2.307897881057013,0,0.0
31122,0,0,0.20646215447355462,0,-0.820552872429452,0,0.07979695431472081
19328,0,0,0.06068671663828115,0,-2.029854888234452,0,0.049344978165938864
29370,0,0,0.0,0,-1.4541691625880335,0,0.0
27815,1,0,0.0,0,-1.1298166448934295,0,0.049344978165938864
29058,0,0,0.0,0,-1.0680531393359354,0,0.024745762711864405
18878,0,0,0.0,0,-1.67210328048815,0,0.07979695431472081
19850,0,0,0.24569211093153998,0,-1.5307001868082717,0,0.07979695431472081
18083,0,0,0.0,0,-1.729763979630047,0,0.049344978165938864
24471,0,0,0.11863429733388688,0,-1.028363620547727,0,0.024745762711864405
18040,1,0,0.4715476082719104,1,0.5487050519482656,1,1.0
26981,0,1,0.5575011102604819,1,0.16130143608683717,0,0.07979695431472081
12765,0,0,0.0,0,-2.467977857064153,0,0.0
1114,0,0,0.11080235433651911,0,-2.061731117735915,0,0.049344978165938864
17566,0,0,0.0,0,-1.630817810762388,0,0.0
28576,0,0,0.0,0,-2.1433308317162005,0,0.024745762711864405
10279,1,0,0.23349358772819162,0,-1.0730610263460885,0,0.07979695431472081
2991,0,0,0.21953817391365368,0,-0.9629144308646398,0,0.12232204561161023
26769,0,1,0.6371684511010495,0,-0.8803113632112975,0,0.1524008350730689
15823,0,0,0.0,0,-1.6831287500752266,0,0.024745762711864405
19424,0,0,0.0,0,-1.5619447850534156,0,0.07979695431472081
7081,0,0,0.0,0,-1.3467602019363833,0,0.024745762711864405
17467,0,0,0.20571755331330502,0,-1.4321640568585658,0,0.07979695431472081
20716,0,0,0.16415247262820573,0,-0.9748618833693723,0,0.07979695431472081
9453,0,0,0.1140789505506859,0,-1.028656777571189,0,0.024745762711864405
23180,0,0,0.05764508428640988,0,-1.5748927142166287,0,0.1031578947368421
16561,1,1,1.0,1,1.406398265778775,1,1.0
21816,1,1,0.9343559496628017,1,8.035257050456382,1,1.0
31595,0,0,0.06264777227167932,0,-1.5246405525331477,0,0.024745762711864405
20462,0,0,0.13345940837111955,0,-0.7757273458889666,0,0.12232204561161023
12465,0,0,0.21467064172931283,0,-1.7360986367571867,0,0.07979695431472081
3636,0,0,0.05344568465435732,0,-0.9901761826227791,0,0.12232204561161023
1759,0,0,0.13782410460226643,0,-0.9079315980233122,0,0.0
15976,0,0,0.4832911225645897,0,-0.8026790149468415,0,0.16833333333333333
22801,1,0,0.34060280947055366,1,0.9184987269844613,0,0.07979695431472081
15867,0,0,0.0,0,-1.5283129911088391,0,0.049344978165938864
8652,0,0,0.16930882467672626,0,-0.9149628947703001,0,0.12232204561161023
12252,0,0,0.0,0,-4.085017863742166,0,0.024745762711864405
1043,0,0,0.35796822900768643,0,-0.9896762168336546,0,0.049344978165938864
29224,0,0,0.0,0,-2.3534958528537877,0,0.007952286282306162
30414,1,1,0.5273313353935047,1,1.6947510625099698,1,0.7674418604651163
6992,1,0,0.0,0,-1.3427668729525588,0,0.07979695431472081
19370,1,0,0.06299636565548682,0,-0.8880008050456345,0,0.12232204561161023
2923,0,0,0.0,0,-1.147057840545838,0,0.05655655655655656
4526,0,0,0.4339684403848772,0,-0.5445890567146934,0,0.1524008350730689
18892,0,0,0.056152326396963465,0,-0.9552760667128328,0,0.12232204561161023
13974,0,0,0.1283018619544868,0,-1.1993799774250915,0,0.1724137931034483
5215,0,0,0.0,0,-1.2698087046761781,0,0.024745762711864405
21649,0,0,0.23660184214799568,0,-1.269442378049177,0,0.07979695431472081
10680,0,0,0.07710388236785415,0,-1.1513264469867237,0,0.07979695431472081
31855,0,0,0.0,0,-1.64151155994095,0,0.024745762711864405
13225,0,0,0.22261915361103665,0,-1.7107037304718262,0,0.05655655655655656
9343,0,0,0.0,0,-1.3790437962791486,0,0.07979695431472081
5995,0,0,0.0,0,-1.1651338464714311,0,0.024745762711864405
13405,0,0,0.1856259064514182,0,-0.9143508953342105,0,0.12232204561161023
10291,0,0,0.05802946697518994,0,-1.2874775702590946,0,0.16833333333333333
3321,0,0,0.12914170073009115,0,-1.0179102708775298,0,0.07979695431472081
1418,0,0,0.10800851455784471,0,-1.3415150028759224,0,0.07979695431472081
3734,0,0,0.3182718945852519,0,-0.7848772457006934,0,0.1031578947368421
2406,0,0,0.07418916515098777,0,-1.2569698327872818,0,0.09210526315789473
1355,0,0,0.11894962423594624,0,-1.1641235159276995,0,0.12232204561161023
18300,1,1,0.8597179173951762,1,4.435187484379669,1,1.0
25783,0,0,0.0,0,-1.128246908739119,0,0.024745762711864405
6107,1,1,1.0,1,4.985063162270669,1,1.0
9100,0,0,0.0,0,-2.4724961594193196,0,0.07979695431472081
28561,0,0,0.0,0,-1.5710505004786541,0,0.049344978165938864
16224,0,0,0.10329965216672693,0,-1.3782708216085706,0,0.049344978165938864
25156,0,0,0.32212022058913725,0,-3.1337001546344214,0,0.1724137931034483
27606,0,0,0.0,0,-1.5293174065166222,0,0.024745762711864405
21518,0,0,0.42522294756991197,0,-0.7567467624696866,0,0.23655913978494625
17867,1,0,0.19565191090983478,0,-1.0275921988291963,1,1.0
11627,0,0,0.057987172857496515,0,-1.0084248220380587,0,0.024745762711864405
18563,0,0,0.18917576816318468,0,-1.6802711694756602,0,0.0
8500,0,0,0.21056552585473026,0,-1.0388616399082657,0,0.07979695431472081
8867,0,0,0.0,0,-1.4571233244468722,0,0.024745762711864405
9283,1,1,0.9435252282665408,1,3.3007353279886305,1,1.0
20832,0,0,0.0,0,-1.3715865326472718,0,0.05655655655655656
17677,0,0,0.05861810920366883,0,-1.389902924466662,0,0.07979695431472081
31671,1,0,0.4845554310014931,1,1.321181413056856,1,1.0
18420,0,0,0.058974086680310296,0,-0.33342143168782173,0,0.17073170731707318
7028,0,0,0.2320307588278423,0,-1.1520730795413658,0,0.024745762711864405
6927,0,0,0.0,0,-1.0740850703895433,0,0.049344978165938864
8100,0,0,0.22609645573983764,0,-1.0384229684805792,0,0.024745762711864405
6936,0,0,0.048283872506765343,0,-1.2612545481013717,0,0.09210526315789473
6983,0,0,0.0,0,-1.4843419269176037,0,0.07979695431472081
6057,0,0,0.33466974710151043,0,-1.041591713503029,0,0.07979695431472081
6586,0,0,0.049978634465484874,0,-1.1744235748704543,0,0.07979695431472081
8271,0,0,0.0,0,-1.7345787094107448,0,0.07979695431472081
30234,0,0,0.0,0,-1.0877312244070612,0,0.07979695431472081
20765,0,0,0.0,0,-2.003450024423942,0,0.07979695431472081
27624,0,0,0.07294642595721304,0,-1.0615350715841578,0,0.0
18077,1,1,0.540094678434198,1,0.5052959167262178,1,1.0
5108,0,0,0.17170170372207705,0,-1.3314878825529042,0,0.07979695431472081
11933,1,0,0.05359176741538733,0,-1.1380181715399318,0,0.07979695431472081
30965,0,0,0.06382690808808532,0,-2.766224405694419,0,0.16833333333333333
22125,0,0,0.0,0,-2.074343186945112,0,0.0
31163,0,0,0.0,0,-1.4171672951928764,0,0.07979695431472081
19197,0,0,0.0,0,-1.6934337480707846,0,0.024745762711864405
30257,1,0,0.12257733929354242,0,-1.6806494232736386,0,0.07979695431472081
13358,0,0,0.052824946265910465,0,-3.5854519831220517,0,0.024745762711864405
31030,0,0,0.0,0,-1.729662275532914,0,0.0
10575,0,0,0.3227792770863381,0,-0.5891466783266999,0,0.0
2548,0,0,0.22483380119212082,0,-1.0473343111108235,0,0.12232204561161023
27675,0,0,0.0,0,-2.3091932595214173,0,0.0
12165,0,0,0.0,0,-1.8298071327027183,0,0.007952286282306162
25974,0,0,0.3819739424140344,0,-0.49200975643741346,0,0.07979695431472081
5818,0,0,0.0,0,-2.920843261742028,0,0.07979695431472081
26729,0,0,0.0,0,-2.4014418293439066,0,0.0
19454,0,0,0.1421225677706851,0,-1.037138963350999,0,0.12232204561161023
13240,1,1,1.0,1,5.689864168164688,1,1.0
19154,0,0,0.06663036835353962,0,-1.0145478041665377,0,0.05655655655655656
14672,1,0,0.05052310960224592,0,-1.1711156784395764,0,0.049344978165938864
31734,1,0,0.05917295925815817,0,-1.2369240860624862,0,0.049344978165938864
32103,0,0,0.06072338831772248,0,-1.4716849643549215,0,0.0
3718,0,0,0.13580121047838073,0,-0.9505974427702524,0,0.12232204561161023
29783,0,1,0.8680688924818424,1,0.025290404510502074,0,0.46551724137931033
14117,0,0,0.06059266829678193,0,-1.1491745744519306,0,0.049344978165938864
14605,0,0,0.0,0,-1.3845654670453302,0,0.049344978165938864
25078,0,0,0.0,0,-1.1566797574690084,0,0.024745762711864405
3767,0,0,0.05950466753899981,0,-1.5787900085509574,0,0.02127659574468085
20959,0,0,0.10982282864667205,0,-1.4087648006507956,0,0.024745762711864405
2244,0,0,0.0,0,-1.6591924435457002,0,0.27058823529411763
10154,0,0,0.11273795667584728,0,-1.2085774801313414,0,0.07979695431472081
4958,0,0,0.0,0,-2.058477386826135,0,0.07979695431472081
26459,0,0,0.3822507633236721,0,-1.6485686762209046,0,0.1724137931034483
29954,0,0,0.05416016068184934,0,-1.094249056704978,0,0.12232204561161023
18950,0,0,0.0,0,-1.128916263985095,0,0.12232204561161023
31328,0,0,0.11599698432409361,0,-1.2931165674697982,0,0.049344978165938864
2043,0,0,0.0,0,-1.1882375771740517,0,0.05655655655655656
18317,1,1,0.8780290355885245,1,7.828453159196035,1,1.0
32563,1,1,0.5013841773550387,1,1.281435264478706,1,1.0
16033,0,1,0.5966179493804858,1,0.37512653439403826,0,0.1524008350730689
29938,0,0,0.40280554710893424,0,-0.7652669303063067,0,0.09210526315789473
359,0,0,0.06099489251717779,0,-1.23175726945993,0,0.0
5892,0,0,0.1747871670548712,0,-1.857235949952388,0,0.1524008350730689
7656,0,0,0.0,0,-2.2815386364754757,0,0.0
9905,0,0,0.0,0,-1.5678449727095096,0,0.0
14284,0,0,0.1368781645464498,0,-1.2826528689679781,0,0.23076923076923078
20344,0,0,0.0,0,-1.5219689428923249,0,0.0
16955,1,1,0.7695508893130589,1,3.067762069912277,1,1.0
20064,0,0,0.2398861062352469,0,-1.0430853486174994,0,0.07979695431472081
17238,1,0,0.2610008118132943,0,-1.2824437175866858,0,0.1031578947368421
13388,0,0,0.1438832057416055,0,-1.1032297743291648,0,0.049344978165938864
30229,0,0,0.24615787415732723,0,-1.2812847072292892,0,0.07979695431472081
20935,0,0,0.0,0,-1.149085681060368,0,0.024745762711864405
29717,0,0,0.2608536515107956,0,-1.5776758925614591,0,0.1031578947368421
28883,0,0,0.0,0,-1.0822218821972855,0,0.05655655655655656
11653,0,0,0.0,0,-1.5015294471762441,0,0.07979695431472081
31643,0,0,0.0,0,-1.5025121603272265,0,0.049344978165938864
17262,0,0,0.11411280908457605,0,-1.1485561592500177,0,0.049344978165938864
32349,0,0,0.1316748238685572,0,-1.003822690014627,0,0.12232204561161023
22499,0,0,0.25383325211247154,0,-2.2172621636386824,0,0.1524008350730689
28818,1,0,0.0,0,-1.2100940094808466,0,0.05655655655655656
28242,0,0,0.0,0,-1.0375481852871564,0,0.049344978165938864
17691,0,0,0.12193334038370951,0,-1.2319877278218878,0,0.07979695431472081
5879,0,0,0.0,0,-1.064339318913954,0,0.05655655655655656
30176,0,0,0.0,0,-1.350672951906979,0,0.05655655655655656
29306,1,1,0.874889196776239,1,2.8468754773005527,1,1.0
10874,1,0,0.32819489759358195,0,-0.8345553098471106,0,0.07979695431472081
31918,0,0,0.055561333399243955,0,-1.1794208265297452,0,0.049344978165938864
12315,0,0,0.0,0,-1.1083628496320816,0,0.024745762711864405
13924,0,0,0.0,0,-1.1748256984033933,0,0.024745762711864405
5364,0,0,0.22148726743396388,0,-1.404424192142383,0,0.05655655655655656
31205,1,0,0.2674413588534227,0,-0.5419066934329775,1,1.0
32312,1,0,0.4864817490932357,1,1.1276104700905945,1,1.0
23476,0,0,0.0,0,-1.5753179153744246,0,0.05655655655655656
5110,1,0,0.06230722623386112,0,-1.412478500879443,0,0.07979695431472081
23326,0,0,0.32538305517514093,0,-1.2114529355493047,0,0.16833333333333333
14651,1,1,0.8387713883612223,1,4.554642664606673,1,1.0
28051,0,0,0.0,0,-1.8062899695628016,0,0.07979695431472081
12903,1,0,0.0,0,-1.868745164402625,0,0.07979695431472081
28843,1,0,0.0,0,-0.9510393937268717,0,0.07979695431472081
3383,0,0,0.17732119149177827,0,-1.48054489022155,0,0.05655655655655656
9692,0,0,0.15753349950116205,0,-1.0519825257564492,0,0.07979695431472081
14309,1,0,0.0,0,-1.4016304092493264,0,0.049344978165938864
13007,0,0,0.06629368299905276,0,-1.2813840409128827,0,0.024745762711864405
27761,0,0,0.0,0,-1.0535215314860302,0,0.024745762711864405
9651,0,0,0.0,0,-1.7788446823249289,0,0.05655655655655656
8768,0,0,0.24914969756921224,0,-1.3574766482167355,0,0.07979695431472081
29173,0,0,0.0,0,-1.289971443675253,0,0.024745762711864405
26717,0,0,0.16081410733212162,0,-0.7823153573795789,0,0.16833333333333333
10521,0,0,0.05117236972266216,0,-1.1394729003058144,0,0.07979695431472081
3329,0,0,0.09158888272660919,0,-1.0055154747442696,0,0.05655655655655656
3017,0,0,0.1513394595299908,0,-1.102186737609999,0,0.07979695431472081
6044,0,0,0.0,0,-2.0994639317573776,0,0.0
1580,0,0,0.0,0,-1.2402049711559118,0,0.05655655655655656
29186,0,0,0.39893803125439126,0,-0.8272477748849285,0,0.1524008350730689
20767,1,0,0.06600636594775715,0,-1.4408365787519803,0,0.08928571428571429
19024,0,0,0.07278010219581585,0,-1.1670504998820603,0,0.07979695431472081
28546,0,1,0.5434117843747728,0,-1.264503734116889,0,0.1524008350730689
25525,1,0,0.19057886061130797,0,-1.392120238340554,0,0.19480519480519481
27194,0,0,0.14200986393038598,0,-1.342010914148314,0,0.049344978165938864
4955,0,0,0.0,0,-1.1944385497038508,0,0.05655655655655656
537,1,1,0.823941795451388,1,4.4215714455960535,1,1.0
10532,1,0,0.4143406545918599,0,-1.074671969229771,0,0.1524008350730689
22424,1,1,1.0,1,2.223891820233241,1,1.0
26631,0,0,0.0,0,-1.1399168358822256,0,0.024745762711864405
4237,0,0,0.22879912805025973,0,-1.0352855134222598,0,0.05655655655655656
10207,0,0,0.3460400732973158,0,-1.1403953496455028,0,0.1524008350730689
13604,0,0,0.0,0,-1.449926570536764,0,0.0
25648,0,0,0.11737994967277496,0,-1.2089750523444844,0,0.007952286282306162
13810,0,0,0.0,0,-2.1984856483377704,0,0.02127659574468085
6108,1,1,0.721805574151373,1,2.8253187992353586,1,1.0
8325,0,0,0.0634005441769653,0,-1.6618570915422795,0,0.05655655655655656
24302,0,0,0.0,0,-2.3157662328458786,0,0.07979695431472081
14524,0,0,0.12610978404870785,0,-1.110958331655405,0,0.024745762711864405
10327,1,1,1.0,1,10.645028477189497,1,1.0
17922,0,0,0.0,0,-2.3796677097539782,0,0.0
27881,1,0,0.0,0,-1.0062669881965205,0,0.024745762711864405
28458,0,0,0.14571655106743706,0,-1.3122558432600666,0,0.07979695431472081
4216,0,0,0.18490322806805723,0,-1.263773514408006,0,0.07979695431472081
7890,0,0,0.0601906175045286,0,-1.6424394113291154,0,0.07979695431472081
30534,0,0,0.0,0,-1.1960130656648762,0,0.024745762711864405
25751,0,0,0.0,0,-1.0695437920644237,0,0.024745762711864405
15022,0,0,0.1895784695965298,0,-1.022422503144142,0,0.12232204561161023
21824,1,1,0.5072028782466618,1,1.1120158835236327,1,1.0
24395,0,0,0.18470325757094316,0,-1.3803061494550835,0,0.1524008350730689
28713,0,0,0.08576401589531263,0,-0.9431044266560535,0,0.12232204561161023
31464,0,0,0.06633820759452175,0,-1.3805471177551407,0,0.0
1323,0,0,0.05970049351986932,0,-1.0377476423888519,0,0.12232204561161023
28615,1,1,0.6009698700688864,1,1.1383460926273277,1,1.0
9937,0,0,0.26589046623351964,0,-1.0973295354087338,0,0.1524008350730689
2147,0,0,0.2223025849769275,0,-0.7957405303730194,0,0.05655655655655656
181,1,1,0.6867769094460285,1,2.3204714534905864,1,1.0
29350,1,1,0.7485560427989459,1,1.1795628250949517,1,1.0
30618,1,0,0.4148988246722664,0,-0.18130772917792126,1,1.0
6863,0,0,0.0,0,-4.924703242005009,0,0.07979695431472081
8781,0,0,0.12168885973328478,0,-1.516777776164128,0,0.05655655655655656
26209,0,0,0.0,0,-1.7300687191967041,0,0.0
18451,0,0,0.16429832023678098,0,-0.6554495583349738,0,0.12232204561161023
16454,0,0,0.0,0,-2.0549445079552893,0,0.0
31909,0,0,0.1811345389276302,0,-0.0832100530943814,0,0.049344978165938864
26338,0,0,0.0,0,-1.025938756381934,0,0.024745762711864405
14404,0,0,0.05549267226831798,0,-1.641371178384209,0,0.07979695431472081
20393,1,1,1.0,1,2.5273607788971,1,1.0
9137,0,0,0.2865283838688557,0,-0.8722273214092855,0,0.16833333333333333
24494,0,0,0.06420319478571178,0,-1.498801970018861,0,0.07979695431472081
26866,0,0,0.05748096830904838,0,-1.1244609144237656,0,0.049344978165938864
31694,1,0,0.12384612017081463,1,0.19403706078032018,0,0.09090909090909091
9552,1,0,0.4519647177013311,1,0.1874773301359905,1,1.0
28356,1,0,0.22706539406140733,0,-0.1902639379920114,1,1.0
2255,0,0,0.0,0,-0.9827940626908134,0,0.12232204561161023
2139,0,0,0.0,0,-1.1660711479186552,0,0.07979695431472081
27662,0,0,0.06260443332071278,0,-3.554561802101602,0,0.049344978165938864
30333,0,0,0.0,0,-2.3289928542415415,0,0.0
29682,0,0,0.0,0,-1.580916588517827,0,0.05655655655655656
11081,1,1,1.0,1,3.243800024261352,1,1.0
31050,1,1,0.5664477391608415,1,1.1899206182745385,1,1.0
21192,0,0,0.06886699491309285,0,-1.28527508059604,0,0.024745762711864405
11824,1,0,0.05659733369582558,0,-0.835773791665716,0,0.07979695431472081
22086,0,0,0.0,0,-1.3207132025228736,0,0.07979695431472081
21300,0,0,0.27369753048948436,1,0.028689271326706456,0,0.12232204561161023
21517,0,0,0.22163853672032724,0,-0.852602170730977,0,0.02127659574468085
31514,0,0,0.06058391027324994,0,-1.0491448577702973,0,0.049344978165938864
27008,0,0,0.25266152660921676,0,-0.5299731675411006,0,0.07979695431472081
23528,0,0,0.0,0,-1.1199884049424873,0,0.024745762711864405
8352,0,0,0.12173041469716707,0,-2.3578055673991614,0,0.0
18996,0,0,0.14454243993685215,0,-0.36563189528383705,0,0.024745762711864405
31832,0,0,0.0,0,-2.648688014806441,0,0.007952286282306162
6314,1,0,0.18474516343056088,0,-1.2116996656967023,0,0.12232204561161023
15432,1,1,0.7516935154361157,1,1.7588542780752205,1,0.9941860465116279
9345,0,0,0.06390665566356217,0,-1.3890005146745013,0,0.024745762711864405
29736,0,0,0.0,0,-1.4135726046954786,0,0.024745762711864405
16316,0,0,0.04640451050639593,0,-1.733824472234771,0,0.07979695431472081
28042,1,0,0.3408981592293343,1,0.45832741224235624,1,1.0
21953,0,0,0.13962771884554714,0,-1.670946815017229,0,0.049344978165938864
20239,0,0,0.0,0,-1.8701392610752476,0,0.0
23484,0,0,0.0,0,-3.423776688910563,0,0.024745762711864405
416,1,1,0.93003148990057,1,3.0308966229740153,1,1.0
10689,0,0,0.11386355055749882,0,-0.8812375643252439,0,0.07979695431472081
18568,0,0,0.19177891246483067,0,-0.11410812933190728,0,0.16833333333333333
3056,1,0,0.3780804508055108,0,-0.3450163023667086,1,1.0
17124,0,0,0.0,0,-1.456516059155609,0,0.07979695431472081
29455,1,0,0.26888913814652293,0,-0.6789412929779624,0,0.1724137931034483
265,0,0,0.0,0,-2.8023826823813933,0,0.049344978165938864
2381,0,0,0.05263430372970521,0,-1.1524260343860981,0,0.12232204561161023
26332,0,0,0.07741117717935236,0,-1.2871710352544325,0,0.049344978165938864
16457,0,0,0.0,0,-1.6531248023751623,0,0.0
18748,0,0,0.11800006216216287,0,-1.4367402372042444,0,0.024745762711864405
32148,0,0,0.12137032715781565,0,-0.726439860173471,0,0.27058823529411763
3111,1,0,0.31938879760209155,0,-0.8576741521631739,0,0.27058823529411763
1330,0,0,0.07570080836701996,0,-1.1258432310710993,0,0.12232204561161023
1159,0,0,0.0,0,-2.2759311718474495,0,0.007952286282306162
26714,0,0,0.1669949213070528,0,-1.0002031396396207,0,0.09210526315789473
11953,0,0,0.06056974211547243,0,-1.1185977769218525,0,0.07979695431472081
22604,1,1,0.9427238776486097,1,2.4204639931867367,1,1.0
17531,0,0,0.24604111488595787,0,-1.8693255335185768,0,0.1524008350730689
27306,0,0,0.10491856060290554,0,-1.7571640882954407,0,0.049344978165938864
13348,0,0,0.059010951170905164,0,-1.802234961390948,0,0.0
10725,0,0,0.0,0,-1.6743424580204982,0,0.05655655655655656
30736,1,0,0.14623132630254462,0,-1.1580235218287824,0,0.16833333333333333
31895,1,0,0.2015124799387684,0,-0.06818479593290555,1,1.0
19327,1,1,0.7925645215576422,1,1.4621133568727411,1,1.0
11372,0,0,0.0,0,-1.1106579469661804,0,0.024745762711864405
19564,0,0,0.27314586906651056,0,-1.0838546635799549,0,0.07979695431472081
3719,0,0,0.2790587049285134,0,-0.7228529518088251,0,0.12232204561161023
21149,0,0,0.13856579336659453,0,-0.946852980835299,0,0.07979695431472081
25087,0,0,0.05697121153734738,0,-1.1043423329567021,0,0.049344978165938864
22957,0,0,0.0,0,-1.3448091965501154,0,0.16833333333333333
27820,0,0,0.0,0,-1.2803349412039993,0,0.049344978165938864
1154,1,1,1.0,1,2.9454398712559717,1,1.0
7134,0,0,0.0,0,-2.0476916420003066,0,0.07979695431472081
1239,1,1,0.5914007638066849,1,1.6781529731805276,1,1.0
372,0,0,0.05755076813243388,0,-0.9457068625032974,0,0.024745762711864405
21596,0,0,0.3213834904283382,0,-0.5991866931145753,0,0.1524008350730689
20759,0,0,0.053925054984806826,0,-1.4017891927664965,0,0.07979695431472081
17276,0,0,0.4510821253926605,0,-0.7662133620310176,0,0.049344978165938864
17343,1,0,0.06351214645099426,0,-1.1491535000552502,0,0.12232204561161023
32522,1,0,0.3743369514784875,0,-0.4902041343599128,1,1.0
26373,0,0,0.062208737599193036,0,-1.233670931030272,0,0.007952286282306162
16699,0,0,0.0,0,-1.185085855256676,0,0.05655655655655656
755,0,0,0.09148995608980756,0,-0.8677111692823889,0,0.02127659574468085
16241,0,0,0.112082924489131,0,-0.9815166071412307,0,0.04
12736,0,0,0.0,0,-1.0577228847559808,0,0.049344978165938864
4064,0,0,0.12169265642141794,0,-1.1061618035915324,0,0.05655655655655656
6664,0,0,0.14467571501130103,0,-1.6209432581370962,0,0.07979695431472081
15449,0,0,0.18606857686999734,0,-1.271531277080097,0,0.1724137931034483
1136,1,0,0.4712460665630483,1,0.42970634547276665,1,1.0
11695,0,0,0.0,0,-2.6394935734333074,0,0.0
158,0,0,0.0,0,-3.18916400498528,0,0.049344978165938864
31488,0,0,0.06992807359585257,0,-1.2484870260089331,0,0.007952286282306162
10819,1,0,0.3632612965806084,0,-0.2314755262128489,0,0.07979695431472081
15926,1,0,0.13848325456647473,0,-0.8250738459480207,0,0.36363636363636365
2216,1,1,0.7045187239397676,1,2.8097732034696494,1,1.0
19360,0,0,0.12270562705940673,0,-1.0298968347687079,0,0.02127659574468085
26579,1,1,1.0,1,7.655159972045558,1,1.0
5870,0,0,0.0,0,-1.2078336719037022,0,0.07979695431472081
3353,0,0,0.13652026780448295,0,-0.9210526587256374,0,0.05655655655655656
17809,0,0,0.0,0,-1.6272897167155906,0,0.049344978165938864
31803,0,0,0.0,0,-1.3452225922263126,0,0.024745762711864405
3058,0,0,0.0,0,-2.084090868224473,0,0.0
10024,0,0,0.0805491389256634,0,-1.0259399887531822,0,0.07979695431472081
18246,1,0,0.40775391102722963,1,0.4347781389500827,1,1.0
15745,0,0,0.21281335938471377,0,-0.8034887964244488,0,0.024745762711864405
7092,1,1,0.9391810587468563,1,0.7057437206567898,1,1.0
7841,0,0,0.0,0,-1.6651219238412895,0,0.0
32272,0,0,0.05372571185351329,0,-0.8461105642844644,0,0.07979695431472081
5782,0,0,0.10469881097226334,0,-1.3355710356513468,0,0.1524008350730689
20309,0,0,0.14889422139905037,0,-0.7196334317621804,0,0.1031578947368421
4980,0,0,0.16140766051337022,0,-1.2725361054879898,0,0.07979695431472081
26932,0,0,0.13024883067642842,0,-0.7317767648502058,0,0.024745762711864405
1841,0,0,0.06506657795052015,0,-1.484640429749685,0,0.024745762711864405
15629,1,1,0.9404857300699463,1,1.689319025479045,1,1.0
3703,1,0,0.3170607234538593,0,-0.6222151423100324,1,1.0
14367,1,0,0.39771861974917266,1,0.28655389161663586,0,0.16833333333333333
20659,0,0,0.24345163591132354,0,-1.0045134619326654,0,0.07979695431472081
17093,1,0,0.44923500731434407,1,0.553431690344262,1,1.0
24203,1,0,0.25132425865573293,0,-1.3182350578896642,0,0.07979695431472081
30881,0,0,0.31745287130555816,0,-0.8465319060991119,0,0.02127659574468085
18242,1,1,0.7379964960902696,1,2.0042847468420906,1,1.0
1699,0,0,0.3727097495789561,0,-0.8926695639013833,0,0.2857142857142857
32,1,0,0.4101414398355332,0,-0.03945021199079002,1,1.0
25162,0,0,0.12370057569174554,0,-0.9848078540663419,0,0.19480519480519481
30356,0,0,0.0,0,-1.5863273653821492,0,0.12232204561161023
1209,0,0,0.0,0,-1.0697112023804731,0,0.12232204561161023
3218,1,0,0.40192147462573774,1,0.5578378944435265,0,0.27058823529411763
29443,0,0,0.4024937878020318,0,-0.9561149155414301,0,0.12232204561161023
9097,0,0,0.05665856458343646,0,-1.2453172267236197,0,0.07979695431472081
31516,0,0,0.0,0,-1.3746105759401206,0,0.049344978165938864
32397,0,0,0.1811588073015715,0,-0.5643951449411577,0,0.07979695431472081
10107,0,0,0.308760158133777,0,-1.1776947456324334,0,0.23655913978494625
6822,1,1,1.0,1,0.8489936663293245,1,1.0
16429,0,0,0.3776338876081772,0,-0.8744977126770632,0,0.02127659574468085
172,1,1,1.0,1,4.683091502027608,1,1.0
21441,0,0,0.1746824143581865,0,-1.3206280852440129,0,0.16833333333333333
28949,0,0,0.0,0,-1.1750138453350112,0,0.049344978165938864
1178,0,0,0.0,0,-1.5066860077610738,0,0.049344978165938864
23854,0,0,0.0,0,-1.1302677315207021,0,0.024745762711864405
200,1,1,0.8632455347879124,1,2.2655098827489315,1,1.0
7542,0,0,0.044979518911782035,0,-1.2069021334680061,0,0.12232204561161023
12718,0,0,0.0,0,-2.644691560646292,0,0.0
15584,0,0,0.0,0,-1.5352625270767541,0,0.04
9230,0,0,0.20421536577304022,0,-0.9664630033039647,0,0.12232204561161023
26528,0,0,0.0,0,-2.097228119641638,0,0.007952286282306162
10882,0,0,0.0,0,-1.1474274334382386,0,0.024745762711864405
23192,1,1,0.8699307656836309,1,4.064264441900076,1,1.0
26696,0,0,0.10132732036229194,0,-1.0348790995359378,0,0.07979695431472081
21034,0,0,0.0,0,-1.5743301364086257,0,0.05655655655655656
435,1,0,0.26579109283823116,1,0.34698640937060604,1,1.0
6135,0,0,0.2155189816286077,0,-0.2465282971910409,0,0.23655913978494625
27911,0,0,0.19606147989299666,0,-0.4526083893680016,0,0.12232204561161023
30496,0,0,0.0,0,-1.5447943580817927,0,0.07979695431472081
31313,0,0,0.0,0,-1.2690932239039658,0,0.049344978165938864
15998,0,0,0.061292354301683116,0,-1.1835446034953905,0,0.007952286282306162
19206,1,1,0.9462997790524579,1,8.674626260010394,1,1.0
29886,0,0,0.0,0,-1.7884155337570489,0,0.02127659574468085
17104,0,0,0.0,0,-0.9684123450648559,0,0.049344978165938864
14938,0,0,0.05076300730979975,0,-1.2142902466297252,0,0.1724137931034483
7009,0,0,0.0,0,-1.1595691396851115,0,0.05655655655655656
22884,1,0,0.4003288976066676,1,0.23882554935150196,1,1.0
26424,0,0,0.0,0,-1.188007422202229,0,0.024745762711864405
31245,0,0,0.11715156766842677,0,-1.2252859048599158,0,0.049344978165938864
21888,0,0,0.0,0,-2.142888201913231,0,0.0
29890,0,0,0.3992802552028577,0,-0.37749865069468286,0,0.16901408450704225
12588,0,0,0.0,0,-1.7661496401763452,0,0.024745762711864405
24904,1,0,0.49635884501141236,1,0.07806305076928416,1,1.0
18233,1,1,1.0,1,6.133084674513913,1,1.0
24223,1,1,0.8748472757243138,1,4.882032761981554,1,1.0
29177,0,0,0.0,0,-2.0093044509287954,0,0.007952286282306162
30020,0,0,0.0,0,-2.413168290863869,0,0.07979695431472081
1877,0,0,0.0,0,-1.1439712265858857,0,0.049344978165938864
12602,0,0,0.0,0,-1.0347634883637653,0,0.12232204561161023
2817,1,0,0.2662649784830884,0,-1.0780645510234492,0,0.07979695431472081
15764,0,0,0.05172303470154139,0,-1.2460453152570037,0,0.049344978165938864
11510,0,0,0.0,0,-1.1629000471436606,0,0.024745762711864405
3720,0,0,0.2653641851143069,0,-0.9963553954152724,0,0.12232204561161023
5765,0,0,0.0,0,-2.15593307312689,0,0.07979695431472081
6368,1,0,0.06067737938399231,0,-1.533241516807754,0,0.46551724137931033
17753,1,0,0.13470144949135401,0,-1.089095305938926,0,0.07979695431472081
19043,0,0,0.0,0,-0.964162556469748,0,0.12232204561161023
454,0,0,0.0,0,-2.066599554506188,0,0.049344978165938864
25342,0,0,0.2165702312759244,0,-0.9896282506048304,0,0.12232204561161023
6938,0,0,0.0,0,-1.104022791469727,0,0.049344978165938864
16042,0,0,0.0,0,-1.3159813443098123,0,0.05655655655655656
10399,0,0,0.3284600639329381,0,-1.055460789279263,0,0.16833333333333333
12499,0,0,0.12893814178575055,0,-1.0503194738583737,0,0.05655655655655656
5489,0,0,0.05578557434973616,0,-1.7039653795601537,0,0.1031578947368421
29243,1,0,0.14316627019477138,0,-0.3196034374218745,1,1.0
17369,0,0,0.0,0,-1.932626295686671,0,0.07979695431472081
20402,1,0,0.22769308379140124,0,-0.6328006156284156,0,0.16833333333333333
6181,0,0,0.05643362581817225,0,-1.063808684619857,0,0.07979695431472081
23608,0,0,0.18903424765539756,0,-1.286588525368767,0,0.07979695431472081
4313,0,0,0.046398924919167674,0,-2.6047546147952114,0,0.07979695431472081
10499,1,1,0.5995073971249304,1,0.6202543813190102,1,1.0
28070,0,0,0.0,0,-1.1359040119842154,0,0.024745762711864405
29729,1,1,0.937856152337288,1,2.3279526971464337,1,1.0
24550,0,0,0.0,0,-1.6601010153068905,0,0.07979695431472081
4741,1,1,0.8699728068142338,1,1.1951954460390126,1,1.0
11717,0,0,0.0,0,-1.1042705831355608,0,0.024745762711864405
28642,0,0,0.05521267631899003,0,-1.2081971316702016,0,0.024745762711864405
6618,0,0,0.08718229693414922,0,-1.2781536789068981,0,0.07979695431472081
9635,0,0,0.20798421500835357,0,-0.8705065782107331,0,0.1031578947368421
22967,0,0,0.12122639785151595,0,-1.2089511623286509,0,0.07979695431472081
30904,0,0,0.0,0,-1.8863301054065773,0,0.024745762711864405
5112,0,0,0.0,0,-2.6040421271724425,0,0.0
3352,0,0,0.1970466024487762,0,-0.6614721877179921,0,0.05655655655655656
24386,0,0,0.0,0,-1.9722185245781279,0,0.07979695431472081
15829,0,0,0.0,0,-1.5506990803659297,0,0.024745762711864405
12945,0,0,0.0,0,-2.6817414794413437,0,0.007952286282306162
1222,1,1,0.9243787734520348,1,4.2317895641211525,1,1.0
2889,0,0,0.35990248651426054,0,-1.0821946586516447,0,0.09210526315789473
22352,1,1,0.9385251660567029,1,0.5844725585862451,0,0.46551724137931033
25459,0,0,0.4029112845554828,0,-0.9418093023327869,0,0.1524008350730689
6554,1,0,0.0,0,-1.2466786690504232,0,0.05655655655655656
21605,0,0,0.13211405885910937,0,-1.1973013463899238,0,0.05655655655655656
3692,0,0,0.22321707845001298,0,-1.155285847582637,0,0.1031578947368421
25983,0,0,0.23050297378949022,0,-2.685834252067129,0,0.1524008350730689
26169,0,1,0.7454808303830528,0,-1.8351840017755525,0,0.0
4189,0,0,0.1303124638513394,0,-1.0754459808504222,0,0.12232204561161023
18438,0,0,0.19076480141781188,0,-1.813555084410961,0,0.1524008350730689
2328,1,0,0.18122194388639912,0,-0.9859416368088381,0,0.02127659574468085
196,1,0,0.20122946428445498,0,-1.0318527645773077,0,0.1524008350730689
15497,0,0,0.0,0,-1.3142342810784564,0,0.024745762711864405
6356,0,0,0.17331168073067693,0,-1.4593297771644589,0,0.07979695431472081
15291,0,0,0.1869263240418651,0,-0.7373400185495582,0,0.1524008350730689
3986,0,0,0.12540832082447953,0,-1.1097641836315748,0,0.23655913978494625
29479,0,0,0.0,0,-1.6004817751501776,0,0.02127659574468085
9962,0,0,0.1604789199727327,0,-0.9952962109715862,0,0.07979695431472081
17989,1,1,0.8105974082477422,1,2.2151899222711915,1,0.9941860465116279
15067,1,0,0.1416272636832431,0,-0.9282750283030947,0,0.049344978165938864
20549,0,0,0.1117879781546116,0,-1.0857886773996377,0,0.16833333333333333
25326,0,0,0.19923790800844485,0,-0.9955855924921304,0,0.12232204561161023
2928,0,0,0.0,0,-2.0127308079560042,0,0.0
21560,0,0,0.1259574377396842,0,-1.514730734309798,0,0.1524008350730689
12271,0,0,0.0645003566342378,0,-1.6043914677980036,0,0.07979695431472081
23186,1,1,0.6965245929126147,1,1.2892462522771453,1,0.9941860465116279
30657,1,0,0.2593979002148587,1,0.8054638077412866,1,1.0
15898,1,0,0.3242029315812395,1,1.1695417172425144,1,0.9941860465116279
23159,0,0,0.3820306344220279,0,-1.1245595016794487,0,0.1724137931034483
31771,0,0,0.0,0,-1.3077562198657096,0,0.024745762711864405
12490,0,0,0.0,0,-1.175692864376682,0,0.024745762711864405
15003,0,0,0.32523239925374536,0,-0.5147289363249457,0,0.07979695431472081
24330,1,0,0.11671858463211061,0,-1.6347271184681187,0,0.16833333333333333
13843,0,0,0.12544895865739106,0,-1.1049586164407463,0,0.024745762711864405
7522,0,0,0.15345248189190652,0,-0.737566518334853,0,0.12232204561161023
1331,1,1,0.8588288756105951,1,0.9088144547208108,1,1.0
25877,0,0,0.06013368510289988,0,-0.9086960417288932,0,0.049344978165938864
15767,0,0,0.0,0,-1.478865820891151,0,0.049344978165938864
10958,0,0,0.0,0,-1.2877082728907552,0,0.12232204561161023
6137,0,0,0.0638223260517126,0,-1.1788733627694485,0,0.07979695431472081
8431,1,0,0.40922747010528665,1,0.378773867178176,1,1.0
11176,0,0,0.06930641380025462,0,-1.4417759832442196,0,0.05655655655655656
26088,0,0,0.06634744363777413,0,-1.1055843681851898,0,0.024745762711864405
19759,0,0,0.0,0,-1.0725457029529832,0,0.05655655655655656
23586,1,0,0.0581613005858333,0,-1.1129836449832884,0,0.07979695431472081
22545,0,0,0.061730208441952414,0,-2.196272382406829,0,0.07979695431472081
14253,0,0,0.2382278065298211,0,-1.703959247605185,0,0.07979695431472081
20032,0,0,0.0769591352518508,0,-0.9861638545659437,0,0.12232204561161023
17670,0,0,0.2558729326504162,0,-0.9872967861371689,0,0.007952286282306162
4601,0,0,0.0,0,-1.295402547236779,0,0.049344978165938864
12184,0,0,0.0,0,-1.1892392306504975,0,0.024745762711864405
20336,0,0,0.36739272275330376,0,-1.7532147384857697,0,0.46551724137931033
10755,0,0,0.0,0,-2.190067248947354,0,0.0
8062,0,0,0.0,0,-2.4803926069744944,0,0.0
1305,0,0,0.12685756367265852,0,-1.3873329840023225,0,0.07979695431472081
30365,0,0,0.0,0,-1.5247331673777915,0,0.05655655655655656
14371,0,0,0.0,0,-2.046564663931639,0,0.007952286282306162
4808,0,0,0.1433636828062564,0,-1.1486117317086908,0,0.08928571428571429
26037,0,0,0.18384533753632712,0,-4.291084721741697,0,0.049344978165938864
1082,0,0,0.15914542229268905,0,-1.2824623687885168,0,0.07979695431472081
3241,0,0,0.11793426869556412,0,-1.0570576467655313,0,0.23655913978494625
23658,1,1,0.8745707641615593,1,2.375464001377643,1,1.0
3130,1,1,0.9540972221219685,1,3.3225254627744234,1,1.0
9061,0,0,0.0,0,-1.6965769120059595,0,0.07979695431472081
31627,0,0,0.3163599253964387,0,-0.8644114410981465,0,0.1724137931034483
9647,0,0,0.09066208975823249,0,-1.329272307773043,0,0.07979695431472081
28810,1,1,0.6285099573881114,1,0.15409435118756637,1,1.0
7871,0,0,0.13759318135274806,0,-1.516161401523914,0,0.05655655655655656
7175,0,0,0.0,0,-1.0672497221270607,0,0.05655655655655656
25010,0,0,0.0,0,-1.654811029911225,0,0.05655655655655656
26442,0,0,0.059639894504938125,0,-1.1139869644895901,0,0.024745762711864405
17787,0,0,0.24435574051740885,0,-0.9564843799880984,0,0.049344978165938864
7600,0,0,0.0,0,-1.0179003819097163,0,0.07979695431472081
26474,0,0,0.0,0,-1.1279677329480822,0,0.024745762711864405
24081,0,0,0.20292506723577877,0,-1.0121901657243968,0,0.024745762711864405
26476,0,0,0.0,0,-2.0641391973061025,0,0.0
21066,0,0,0.059040205680860894,0,-1.033416699530805,0,0.07979695431472081
9614,0,0,0.12001028467266159,0,-1.273756889016553,0,0.1031578947368421
12852,0,0,0.0,0,-1.6039928848876615,0,0.0
19672,0,0,0.3339009151407706,0,-1.0853693052967301,0,0.07979695431472081
4175,0,0,0.0,0,-1.4025099762571687,0,0.05655655655655656
3375,0,0,0.18128676381150444,0,-1.561112195179562,0,0.07979695431472081
9878,0,0,0.13239033293900418,0,-1.2959942987108484,0,0.07979695431472081
17358,0,0,0.33238303240436995,0,-0.6588350121105992,0,0.12232204561161023
5972,0,0,0.19224104534154318,0,-1.1430392894238657,0,0.07979695431472081
6946,0,0,0.111527269082969,0,-1.0760745480951512,0,0.049344978165938864
30977,1,1,0.6698896717943199,1,0.33059993172579244,1,0.7674418604651163
7896,0,0,0.06047098020301739,0,-1.421255468389667,0,0.05655655655655656
31988,1,1,0.56867780068437,1,1.8995891986099471,1,1.0
9719,0,0,0.0,0,-1.0374940076058423,0,0.024745762711864405
30853,1,1,0.6148361829562787,1,1.235132065792396,1,0.6
17643,0,0,0.3184405776276524,0,-1.200473609057839,0,0.07979695431472081
622,1,1,0.7986770258833374,1,3.984411539392912,1,1.0
4197,1,0,0.06170622150049637,0,-1.1174245198047705,0,0.12232204561161023
31033,0,0,0.058888820147374815,0,-1.85781624880746,0,0.07979695431472081
12007,1,1,0.8786121351668166,1,2.2346106517992403,1,0.9941860465116279
30050,1,0,0.38693249411323827,0,-1.0187363049650626,0,0.07979695431472081
18738,0,0,0.05983667258238213,0,-1.158017338567173,0,0.12232204561161023
18268,1,1,0.6849554624544529,1,0.40425396262488694,1,1.0
5584,0,0,0.057316195074543844,0,-1.0658038243435506,0,0.05655655655655656
14467,0,0,0.06177964831452733,0,-1.092127352285666,0,0.049344978165938864
18117,0,0,0.06321719051866771,0,-2.2085155121200315,0,0.024745762711864405
6421,0,0,0.15737793055673538,0,-1.0552413159249932,0,0.05655655655655656
11925,1,1,0.6407542925168898,1,0.863353008193174,1,1.0
20979,0,0,0.18780765292351784,0,-1.4171245716648673,0,0.0
16404,0,0,0.0,0,-1.5110805617889806,0,0.024745762711864405
12771,0,0,0.0,0,-1.1170692171563523,0,0.024745762711864405
16287,0,0,0.0,0,-1.0490022238828622,0,0.05655655655655656
22951,0,0,0.0,0,-1.1355655437895584,0,0.024745762711864405
19696,1,0,0.21976522135396537,0,-0.5945151336468677,0,0.12232204561161023
28317,1,1,0.7607876557875556,1,1.3719538085210288,1,1.0
27121,0,0,0.0,0,-1.1969651843053146,0,0.024745762711864405
21394,0,0,0.0643912944519876,0,-1.1422975364818129,0,0.07979695431472081
11457,0,0,0.0,0,-1.638694012269933,0,0.1031578947368421
18622,0,0,0.054688132516973874,0,-1.214155753218692,0,0.049344978165938864
7074,0,0,0.11725341311224816,0,-1.1369910907705554,0,0.07979695431472081
6026,0,0,0.19440572541586382,0,-1.0392579057115425,0,0.07979695431472081
15588,0,0,0.0,0,-1.705797123685826,0,0.049344978165938864
230,1,1,0.5874303250005997,0,-0.3314521627238404,1,1.0
16815,1,0,0.142922014205953,0,-0.32852196253940197,1,1.0
1782,0,0,0.0,0,-1.0956004270116975,0,0.12232204561161023
6792,0,0,0.0,0,-1.1394466957591545,0,0.07979695431472081
10142,1,1,0.8290912484078762,1,0.7143044780323239,1,1.0
6571,0,0,0.0,0,-1.2516503693295853,0,0.07979695431472081
185,0,0,0.0,0,-1.6682690961787014,0,0.007952286282306162
6382,0,0,0.0,0,-1.3823668458446308,0,0.07979695431472081
25165,0,0,0.0,0,-1.2309587310804013,0,0.049344978165938864
15339,0,0,0.0,0,-1.354815815181437,0,0.049344978165938864
28825,0,0,0.06386595111064167,0,-1.0781060147273052,0,0.07979695431472081
10255,0,0,0.0,0,-1.1464150004537028,0,0.024745762711864405
26987,0,0,0.0,0,-1.1759901644979818,0,0.024745762711864405
19105,1,1,1.0,1,3.3372325354452337,1,1.0
24675,0,0,0.06231823358883592,0,-4.166470211324657,0,0.024745762711864405
10995,1,0,0.0555678319746662,0,-1.0491137999325404,0,0.05655655655655656
14366,0,0,0.05593466200750518,0,-0.9921829994179745,0,0.1524008350730689
32222,0,0,0.20481456848137838,0,-1.173839554346522,0,0.0
2265,1,1,0.8148248262358516,1,1.0742456879904465,1,1.0
8248,0,0,0.0489548636043696,0,-1.5682399624336494,0,0.05655655655655656
6545,0,0,0.0,0,-1.4303857725259626,0,0.05655655655655656
21035,0,0,0.26266929644098996,0,-0.9375013350528949,0,0.05655655655655656
32191,0,0,0.06635639347078937,0,-1.2746708639896238,0,0.07979695431472081
16812,0,0,0.11944813672692399,0,-1.0683812147805232,0,0.07979695431472081
12801,0,0,0.05793212960809107,0,-1.0857367558519102,0,0.024745762711864405
5002,1,1,1.0,1,2.664423369483592,1,1.0
14942,1,1,0.726461166166196,1,1.8805290813302205,0,0.5
25021,1,1,1.0,1,5.359277180806449,1,1.0
24666,0,0,0.0,0,-2.8934162278767306,0,0.0
8098,0,0,0.15539492925986334,0,-1.085099247743315,0,0.07979695431472081
1724,0,0,0.0,0,-0.9827758386172638,0,0.12232204561161023
32237,0,0,0.0,0,-1.5197110533703708,0,0.007952286282306162
26931,0,0,0.0,0,-2.495279762197767,0,0.007952286282306162
9207,0,0,0.0,0,-1.960791388029134,0,0.0
12760,0,0,0.0,0,-1.191744736002709,0,0.024745762711864405
2065,1,0,0.059921072654259604,0,-0.5096296467951102,1,1.0
27960,0,0,0.2899429741845683,0,-0.5715036308373456,0,0.1524008350730689
7429,1,0,0.23978723635211974,0,-0.9528114318314926,0,0.12232204561161023
16130,0,0,0.10151480846101604,0,-2.408746414081266,0,0.0
7532,0,0,0.0554755347753267,0,-1.104544472049919,0,0.07979695431472081
44,0,0,0.0,0,-2.332748232764556,0,0.049344978165938864
4070,0,0,0.05999416948509313,0,-1.0199953378426816,0,0.07979695431472081
12353,1,1,0.5575517877514317,1,0.22473431563933877,1,1.0
31808,0,0,0.0,0,-1.411340326020741,0,0.024745762711864405
27897,0,0,0.0,0,-1.1696686719250633,0,0.024745762711864405
14832,0,0,0.05902590584823286,0,-1.2082344905327966,0,0.1524008350730689
24093,0,0,0.33344103146360915,0,-0.8571006086135573,0,0.1031578947368421
14567,0,0,0.09443924264401858,0,-1.233468529235356,0,0.07979695431472081
13431,0,0,0.0,0,-2.819931904181322,0,0.049344978165938864
16963,0,0,0.0,0,-2.5965294681290088,0,0.0
7846,1,1,1.0,1,1.8637088817559773,1,1.0
28078,0,0,0.3219925326889129,0,-1.169361154005668,0,0.12232204561161023
19118,1,0,0.13629401179340558,0,-0.495976482433877,1,1.0
29796,0,0,0.05602328894066285,0,-1.2561983104538372,0,0.05655655655655656
13383,0,0,0.0,0,-4.062063042823082,0,0.0
21051,0,0,0.22803042545773283,0,-0.9860616503654147,0,0.16833333333333333
13922,0,0,0.042975540785714916,0,-1.3915320747747693,0,0.049344978165938864
26903,0,0,0.08468599468152088,0,-1.2397713572870157,0,0.024745762711864405
10751,0,0,0.0,0,-1.6178583553634196,0,0.0
22135,0,1,0.6101149262114378,1,0.07583371903338737,0,0.1524008350730689
19902,1,1,0.6448839446622534,1,3.460025811928712,1,1.0
31435,0,0,0.129499109009654,0,-1.1470752913520221,0,0.07979695431472081
14439,0,0,0.06561892446520533,0,-2.2227972600852612,0,0.0
19602,0,0,0.05681028787754161,0,-1.163357425600185,0,0.024745762711864405
290,1,1,0.7142772215890258,1,1.0199424001298776,1,1.0
6534,0,0,0.058428066916881016,0,-1.1274939628081215,0,0.05655655655655656
5731,0,0,0.0599743639843025,0,-1.1607480263555487,0,0.23655913978494625
29535,0,0,0.2271970330011539,0,-1.1718393408219963,0,0.09210526315789473
13655,0,0,0.2241775396476557,0,-0.9926164342084776,0,0.05655655655655656
15907,0,0,0.0614794789601632,0,-1.4403677853382457,0,0.007952286282306162
30320,0,0,0.0632880353899602,0,-1.7818245976811453,0,0.07979695431472081
5982,0,0,0.2633843849030774,0,-1.063590942650407,0,0.05655655655655656
10911,1,1,1.0,1,2.705265617280197,1,1.0
16225,0,0,0.05541487817245074,0,-1.109412329441516,0,0.024745762711864405
12546,0,0,0.0,0,-0.9392526290386387,0,0.024745762711864405
13848,0,0,0.13723759245163436,0,-0.7172250413821724,0,0.049344978165938864
17640,0,0,0.08242993567235415,0,-1.058113647638453,0,0.049344978165938864
9544,1,0,0.06494693123268312,0,-1.4414413254777245,0,0.1524008350730689
14946,0,1,0.8125491125678108,1,0.0655842398066529,0,0.1724137931034483
6127,0,0,0.18562651448379205,0,-0.7660004958001756,0,0.1031578947368421
14700,0,0,0.0,0,-1.2006878721314602,0,0.024745762711864405
24562,0,0,0.0,0,-2.8450093042712656,0,0.0
20055,0,0,0.11208503423357319,0,-1.250969309537017,0,0.16833333333333333
14425,1,1,1.0,1,5.811686460161513,1,1.0
25043,1,1,1.0,1,7.17605849068715,1,1.0
22398,0,0,0.0,0,-2.365631596607407,0,0.0
19881,0,0,0.0,0,-2.123704732204485,0,0.024745762711864405
1351,0,0,0.051430613406157455,0,-1.138260048975515,0,0.12232204561161023
32424,0,0,0.20663941295114419,1,0.468666390744807,0,0.12232204561161023
21683,0,0,0.0,0,-3.7999683095744454,0,0.0
29283,0,0,0.0,0,-1.8611643377390394,0,0.049344978165938864
5499,0,0,0.0,0,-1.9621313969564955,0,0.0
28240,0,0,0.1853921878122404,0,-2.808931749058123,0,0.049344978165938864
15202,0,0,0.33101264727256136,0,-0.4012135409772252,0,0.07979695431472081
18886,0,0,0.147521978499778,0,-1.324111402677258,0,0.16833333333333333
569,0,0,0.0,0,-1.8779919840703387,0,0.049344978165938864
20357,1,0,0.47516103175134244,0,-0.18322913308206873,1,1.0
1752,1,1,1.0,1,2.5758684245354804,1,1.0
3181,0,0,0.0,0,-1.8488433797540678,0,0.0
27658,0,0,0.06329076290195915,0,-2.9328730809184944,0,0.024745762711864405
19496,1,1,0.8204772888530105,1,1.2102420906208127,1,1.0
20938,0,0,0.0,0,-1.5644069607799649,0,0.0
21301,0,0,0.25173459514456364,1,0.1776654164610792,0,0.12232204561161023
14342,0,0,0.0,0,-2.277737731644754,0,0.0
24473,0,0,0.0,0,-1.8845957371971678,0,0.07979695431472081
28643,1,0,0.2483749722141001,0,-1.024601472655922,0,0.12232204561161023
1885,0,0,0.10155496247488328,0,-1.0590479813637854,0,0.07979695431472081
19495,0,0,0.10659699858856163,0,-1.5994304956458891,0,0.07979695431472081
980,1,1,0.9357520026057089,1,5.325164066819532,1,1.0
6150,0,0,0.269308628595036,0,-0.782033673526942,0,0.12232204561161023
18078,1,0,0.40213729680503435,1,0.17982241831931783,1,1.0
30092,0,0,0.15377048305004132,0,-1.0993030484959871,0,0.007952286282306162
28128,0,0,0.0,0,-1.9563707834670967,0,0.007952286282306162
4318,0,0,0.24008232702614937,0,-1.0972869134037122,0,0.07979695431472081
13262,0,0,0.0,0,-1.7990950467274494,0,0.07979695431472081
21612,1,0,0.0,0,-1.8488236689360247,0,0.12232204561161023
3841,0,0,0.053439751711362296,0,-1.0916883619133269,0,0.12232204561161023
5741,0,0,0.0549859265995061,0,-2.348943702224292,0,0.07979695431472081
5703,0,0,0.12684199564308105,0,-1.4469586804077086,0,0.16833333333333333
27932,0,0,0.16855714454090776,0,-1.2542868453130813,0,0.05655655655655656
18359,1,1,0.7457340899468878,1,0.8717393735591366,1,1.0
16281,0,0,0.25339622357272634,0,-0.8175392253474887,0,0.024745762711864405
27420,0,0,0.1852910232303613,0,-1.1860510667864994,0,0.049344978165938864
7971,0,0,0.0,0,-1.3667557199209692,0,0.05655655655655656
7803,0,0,0.07542180331695653,0,-1.4853708012486986,0,0.07979695431472081
5654,1,1,0.9004023394640923,1,1.8392185090987738,1,1.0
20922,1,0,0.06678787983077278,0,-1.1797939015411947,0,0.07979695431472081
15872,1,0,0.3028785489501099,1,0.6523840549196429,1,0.9941860465116279
27887,1,0,0.2917159596981739,0,-0.48514432613979735,1,1.0
26461,0,0,0.06479215637257106,0,-1.456665383279034,0,0.049344978165938864
7010,0,0,0.10760092679284766,0,-1.0556990428702084,0,0.05655655655655656
2457,0,0,0.21543727534262821,0,-1.0569435891636316,0,0.07979695431472081
16082,1,0,0.21926205117662842,0,-1.0513518172817695,0,0.1524008350730689
19467,0,0,0.06410945013500711,0,-1.0727105123010525,0,0.12232204561161023
30148,0,1,0.5551344304029301,0,-0.492835138068313,0,0.0
29622,0,0,0.3840635324989126,0,-1.9564737565990202,0,0.18
15077,1,1,0.8238793946746369,1,1.267427996535615,1,1.0
21594,1,1,0.6662156978335386,1,1.4431224742254283,1,1.0
20875,0,0,0.21465394510295177,0,-1.1669666751366212,0,0.07979695431472081
1751,1,0,0.06877750314476777,0,-0.46344262613022597,1,1.0
21408,0,0,0.16182841943964724,0,-1.5500972387763547,0,0.16833333333333333
31660,1,0,0.46892628914057594,0,-0.765440789178442,0,0.1524008350730689
27789,0,0,0.06182042641991246,0,-1.6406061525740312,0,0.049344978165938864
6264,0,0,0.1874549923496694,0,-1.0958227204802293,0,0.12232204561161023
3525,0,0,0.0,0,-2.1059499888710835,0,0.0
4925,0,0,0.0,0,-1.258379320061756,0,0.05655655655655656
4941,0,0,0.04869053831710045,0,-1.0976333199415125,0,0.05655655655655656
9707,1,1,1.0,1,8.360731403435938,1,1.0
3427,0,0,0.0,0,-1.1980670031899308,0,0.049344978165938864
11456,0,0,0.08703124008530268,0,-1.0740969266521962,0,0.05655655655655656
26058,0,0,0.05158161520943467,0,-1.2638683066751537,0,0.049344978165938864
27934,1,1,0.6781165085907912,1,1.289274725913342,1,1.0
20808,0,0,0.11284565682464787,0,-1.1661837858853041,0,0.07979695431472081
20060,0,0,0.06057099938974958,0,-1.9561378596168,0,0.07979695431472081
16489,0,0,0.10646568749962809,0,-0.9937510154545217,0,0.07979695431472081
17769,0,0,0.36864819019347034,0,-1.8062481151938425,0,0.0
7976,0,0,0.057600851656624735,0,-1.3113055084600662,0,0.07979695431472081
12135,0,0,0.0,0,-1.0302506735840258,0,0.049344978165938864
2369,1,0,0.0,0,-1.0989361854150532,0,0.12232204561161023
10617,0,0,0.23828014531991834,0,-0.6424104998785969,0,0.05655655655655656
20555,1,0,0.11178028770704404,0,-0.8956602384951915,0,0.05655655655655656
38,1,1,0.8819970557625255,1,2.8454990053356606,1,1.0
31144,0,0,0.21364068562643068,0,-0.8387670126259796,0,0.07979695431472081
6225,1,1,0.8924446307177666,1,2.0438929629607063,1,1.0
9362,0,0,0.0,0,-2.178982093233883,0,0.07979695431472081
7763,0,0,0.06318519843172771,0,-1.5243560299461232,0,0.07979695431472081
28989,0,0,0.0,0,-1.276067611115825,0,0.024745762711864405
11652,0,0,0.0,0,-1.4180828982648637,0,0.07979695431472081
12065,0,0,0.0,0,-1.0574177086141423,0,0.024745762711864405
21805,0,0,0.0528361250997112,0,-1.6290615782229332,0,0.05655655655655656
6722,0,0,0.10530969864738444,0,-1.0755649934997222,0,0.05655655655655656
28442,0,0,0.06079363100876675,0,-1.2560118808033915,0,0.049344978165938864
14449,1,1,0.9521197249578208,1,7.044448406295392,1,1.0
9466,1,0,0.0,0,-1.2684593928460577,0,0.1031578947368421
16347,1,1,0.5945771714221425,1,2.4536749067468393,1,1.0
24628,0,0,0.062254187129260445,0,-1.084692892190478,0,0.07979695431472081
13237,0,0,0.05867252102072033,0,-0.9981978085113568,0,0.049344978165938864
22808,0,0,0.2277531405833534,0,-0.3115523866703555,0,0.12232204561161023
1486,0,0,0.12491310010559566,0,-1.184247346690061,0,0.07979695431472081
4238,0,0,0.0,0,-1.168991865416094,0,0.07979695431472081
25508,0,0,0.0,0,-2.757198904053626,0,0.0
30119,0,0,0.058513398550476214,0,-1.376503372421836,0,0.07979695431472081
2320,0,0,0.27492487498104656,0,-0.9329621041839371,0,0.46551724137931033
25551,0,0,0.062288129482195635,0,-1.6529780365146782,0,0.049344978165938864
12054,0,0,0.24735523151129887,0,-0.9934476259349085,0,0.05655655655655656
4269,1,0,0.23861605183092077,0,-0.2748308834884094,0,0.05655655655655656
15473,1,0,0.04670687995708578,0,-1.2144222691824518,0,0.049344978165938864
2612,0,0,0.0899824279218205,0,-2.9901826229963233,0,0.0
22115,0,0,0.0,0,-1.7073857649656707,0,0.07979695431472081
24012,1,1,0.6359715336736634,1,1.0396680340344704,1,1.0
12284,0,0,0.0,0,-1.8154183960694934,0,0.07979695431472081
28161,1,1,0.5929301942791154,1,1.058555964806928,1,1.0
15788,0,0,0.07650301962163819,0,-1.4868570264274228,0,0.024745762711864405
4252,0,0,0.0,0,-2.4289393385861815,0,0.0
31125,0,0,0.13301360349891184,0,-1.2849706041311844,0,0.16833333333333333
31004,0,0,0.11591024408671946,0,-1.1096634731060016,0,0.1031578947368421
9496,0,0,0.05010200484029142,0,-1.1007200173616345,0,0.049344978165938864
15847,1,0,0.4117499819454555,1,1.1751400264474081,1,0.9941860465116279
13050,0,0,0.49770501283792934,0,-0.8150321044083833,0,0.1724137931034483
29690,0,0,0.3360518364723051,0,-0.36241748169381877,0,0.1524008350730689
23625,0,0,0.08347819023689261,0,-1.127614404955119,0,0.07979695431472081
17446,0,0,0.0,0,-1.7267427284052168,0,0.07979695431472081
7694,0,1,0.5636620651379912,0,-1.9036294877339017,0,0.0
30621,0,0,0.0,0,-3.251035525659879,0,0.024745762711864405
17494,0,0,0.051426026231872674,0,-3.2879301781078714,0,0.0
5333,0,0,0.23143980155491176,0,-1.2309441750538186,0,0.1524008350730689
4966,0,0,0.4281340852087958,0,-1.3511741861468298,0,0.0
24417,0,0,0.14188751854601964,0,-0.9627261269267389,0,0.05655655655655656
18108,1,1,0.7374176435431613,1,0.9723779699419919,1,1.0
16003,0,0,0.0,0,-1.9283037300283135,0,0.07979695431472081
18079,0,0,0.27827212833458675,0,-0.1073612935185499,0,0.1524008350730689
8219,0,0,0.0,0,-1.4420518742434905,0,0.12232204561161023
13370,1,0,0.32178906817228803,0,-0.9596606069652145,0,0.12232204561161023
27274,0,0,0.17908231442809702,0,-1.1321979577940762,0,0.16833333333333333
7699,0,0,0.06165543034278596,0,-1.1274522608226527,0,0.12232204561161023
19284,0,0,0.0,0,-1.0915461163313092,0,0.09210526315789473
30438,0,0,0.15670375142035375,0,-1.609608261280529,0,0.05655655655655656
24192,0,0,0.06439740327570381,0,-1.0009152216585813,0,0.024745762711864405
2111,0,0,0.056664939965673934,0,-1.009304531999523,0,0.12232204561161023
31897,0,0,0.0,0,-1.4072568554096967,0,0.049344978165938864
10218,0,0,0.0,0,-1.8582353842154782,0,0.024745762711864405
12004,0,0,0.05855211733902803,0,-1.0450369066019987,0,0.07979695431472081
12110,0,0,0.22700182332300878,0,-1.2397579430302732,0,0.07979695431472081
856,0,0,0.13127771625471743,0,-0.8546824173186924,0,0.12232204561161023
9940,0,0,0.0,0,-1.0704305150113984,0,0.024745762711864405
4605,0,0,0.0,0,-1.3127726390098509,0,0.0
25631,0,0,0.0583080559968738,0,-1.1071895241181726,0,0.024745762711864405
9026,1,0,0.0,0,-1.7544615195652917,0,0.05655655655655656
9516,0,0,0.0,0,-1.0325150278269706,0,0.024745762711864405
21802,0,0,0.0,0,-1.7417334577215589,0,0.05655655655655656
3701,1,1,0.504501871635143,1,0.19381847252756063,0,0.46551724137931033
22868,0,0,0.0,0,-2.3658910567079423,0,0.07979695431472081
19037,0,0,0.05454175971915156,0,-1.2979355813124493,0,0.27058823529411763
4324,0,0,0.0,0,-1.1443242598070957,0,0.07979695431472081
31649,1,1,0.5256610356736006,1,0.19434487900033998,1,1.0
10128,0,0,0.0,0,-2.167221863488517,0,0.07979695431472081
6039,1,1,0.8888378208087759,1,2.29326137812473,1,1.0
7633,1,1,0.7648242898514268,1,0.8567143618205435,1,0.7674418604651163
14103,0,0,0.19850241941131774,0,-1.3689603538942028,0,0.1524008350730689
31877,0,0,0.18665081899338767,0,-0.511579903258802,0,0.049344978165938864
17686,0,0,0.1285911725300586,0,-1.3307190127987814,0,0.07979695431472081
28890,0,0,0.05804154271530152,0,-1.7473929630840246,0,0.07979695431472081
24522,0,0,0.0,0,-1.3805410786852903,0,0.024745762711864405
15263,1,1,0.8350580390292851,1,1.2756140030924867,1,1.0
25925,0,0,0.11156287498589655,0,-0.8069456949204934,0,0.12232204561161023
22846,1,1,1.0,1,9.707049749056958,1,1.0
5891,1,0,0.09139947880194109,0,-0.9967639389647354,0,0.07979695431472081
16187,0,0,0.20015274181520212,0,-0.979010800912876,0,0.12232204561161023
32294,0,0,0.05423331177049809,0,-1.2961912190314726,0,0.024745762711864405
29888,0,0,0.0,0,-1.5630072235747228,0,0.05655655655655656
27955,0,0,0.0,0,-1.2442427068597548,0,0.024745762711864405
26870,1,1,0.7157091884829013,1,1.3842128762714652,1,1.0
2178,0,0,0.19402361904844642,0,-0.7367551488298705,0,0.05655655655655656
19213,0,0,0.20408142608370303,0,-1.1411067601246834,0,0.12232204561161023
9727,0,0,0.0,0,-2.155871665021164,0,0.0
32400,0,0,0.15033711966191882,0,-0.7852518998934812,0,0.12232204561161023
2243,1,0,0.3303881746623352,0,-0.31316041666687994,0,0.46551724137931033
11428,0,0,0.0,0,-2.652286220650698,0,0.0
11488,0,0,0.0,0,-1.0193580051100521,0,0.024745762711864405
17878,1,1,0.8795737531958414,1,3.5033332880286436,1,1.0
14518,0,0,0.0,0,-2.08207702308698,0,0.0
20333,0,0,0.21853855032590827,0,-0.7973231636037628,0,0.12232204561161023
22531,0,0,0.14191465121092514,0,-0.8293021906191183,0,0.07979695431472081
27072,0,0,0.13717808522794508,0,-1.2470285889834316,0,0.07979695431472081
7547,0,0,0.0,0,-2.817226350868389,0,0.07979695431472081
18248,0,0,0.20551589552405689,0,-0.7339882253206098,0,0.024745762711864405
15653,0,0,0.0,0,-4.028132560485625,0,0.007952286282306162
25643,1,0,0.24382505143924538,0,-0.886449966382918,0,0.07979695431472081
509,1,0,0.13489544777300017,1,0.15551499325568136,1,1.0
9258,0,0,0.13864267492990545,0,-1.1581983208499276,0,0.02127659574468085
3382,0,0,0.0,0,-1.8652310730928092,0,0.07979695431472081
11346,0,0,0.0,0,-1.3468347542949162,0,0.05655655655655656
7163,1,0,0.19032581164249382,0,-1.7134874059778746,0,0.1031578947368421
25839,1,0,0.06627200979950212,0,-1.201864221998979,0,0.1031578947368421
3177,0,0,0.3057977962781803,0,-0.726596892231691,0,0.1524008350730689
25978,0,0,0.06759773320544789,0,-1.103997028989009,0,0.049344978165938864
3426,0,0,0.0,0,-1.0336078287286257,0,0.049344978165938864
20871,0,0,0.0,0,-1.0061866848281793,0,0.05655655655655656
12847,0,0,0.07045255547768968,0,-1.122006458007641,0,0.049344978165938864
12441,0,0,0.37544912958056303,0,-0.999565458149378,0,0.07979695431472081
398,0,0,0.0,0,-1.9464181088862436,0,0.049344978165938864
2418,0,0,0.0,0,-2.071795103684333,0,0.007952286282306162
15136,0,0,0.0,0,-3.45453395735639,0,0.024745762711864405
23264,0,0,0.0,0,-1.1022388990368366,0,0.024745762711864405
15446,0,0,0.0,0,-1.3999439948968238,0,0.024745762711864405
27889,1,1,1.0,1,8.183390001651865,1,1.0
20998,0,0,0.052110767610748884,0,-1.8482855196696173,0,0.1031578947368421
929,1,1,0.6337521193777297,1,1.233930399322785,1,1.0
608,0,0,0.1911899081350329,0,-0.3225737435159299,0,0.0
3492,1,1,1.0,1,4.743677961650714,1,1.0
7713,0,0,0.0,0,-1.0405638348319208,0,0.05655655655655656
30088,0,0,0.19435835259431322,0,-1.2391320624061106,0,0.07979695431472081
23547,0,0,0.0,0,-1.2086785604697987,0,0.024745762711864405
8595,0,0,0.0,0,-1.1244646634455977,0,0.05655655655655656
23164,0,0,0.26880043077918186,0,-1.2369124884125742,0,0.07979695431472081
3773,0,0,0.0,0,-1.422651933857475,0,0.12232204561161023
30028,0,1,0.5753946293150468,1,0.3613167294542768,1,0.7674418604651163
9561,0,0,0.07379708824896777,0,-1.397513426710905,0,0.024745762711864405
9087,0,0,0.07029038655546974,0,-1.220905505399295,0,0.07979695431472081
16783,0,0,0.13243978787595914,0,-1.5931669499065226,0,0.07979695431472081
10289,0,0,0.06626790718492025,0,-1.2574838746462973,0,0.049344978165938864
20105,0,0,0.0552132924221447,0,-1.2314476684164328,0,0.12232204561161023
30874,1,0,0.4604065534396662,0,-0.1768158562679683,1,1.0
13532,0,0,0.0,0,-2.139203728909924,0,0.024745762711864405
516,1,1,0.9386072535283222,1,1.023731757704868,1,1.0
16245,1,0,0.08070805351540937,0,-1.0515309144306595,0,0.024745762711864405
32331,0,0,0.12776220987296283,0,-1.7374102171637111,0,0.0
3016,1,1,0.8533456027109411,1,1.5177739117037228,1,0.7674418604651163
7132,0,0,0.0,0,-2.1719377770019572,0,0.07979695431472081
18427,0,0,0.2170659625812126,0,-1.9208651656001985,0,0.1524008350730689
8976,0,0,0.1959292524065347,0,-0.9827449448520418,0,0.07979695431472081
17266,1,1,0.7674638099674393,1,1.699209876219593,1,0.9941860465116279
27413,0,0,0.1500687680749428,0,-1.2539654431643354,0,0.049344978165938864
22822,0,0,0.0,0,-1.2274449928998634,0,0.05655655655655656
1683,0,0,0.05352162919239444,0,-1.4367093464034473,0,0.02127659574468085
8305,0,0,0.14290813353178583,0,-0.9929493649778971,0,0.07979695431472081
13293,0,0,0.0,0,-1.239453442984791,0,0.024745762711864405
30107,0,0,0.0,0,-1.3904812326040403,0,0.05655655655655656
23818,0,0,0.0,0,-2.6045839744585133,0,0.07979695431472081
22735,1,0,0.12457638769263203,0,-1.4470815105539905,0,0.07979695431472081
5052,1,0,0.0579600092429348,0,-1.1267033838700544,0,0.07979695431472081
9572,0,0,0.0,0,-2.3873168598607406,0,0.0
17385,0,0,0.41229654603702964,0,-0.2804408988680765,0,0.16901408450704225
19359,1,0,0.2847722273752514,1,1.2350160938346941,1,1.0
22712,0,0,0.05803565829169545,0,-1.1925588684252593,0,0.05655655655655656
9193,1,1,0.9438066873534661,1,2.7051011954304562,1,1.0
9750,0,0,0.0,0,-2.142970275556016,0,0.024745762711864405
24791,1,0,0.1996044285557392,0,-1.5132606045094827,0,0.16833333333333333
7893,0,0,0.0,0,-1.6008662454351796,0,0.05655655655655656
20582,0,0,0.10202503693769639,0,-1.2673421514764807,0,0.1031578947368421
1493,0,0,0.20943588068550048,0,-1.1720843292586198,0,0.07979695431472081
5089,0,0,0.30503767068860493,0,-2.4934016316296814,0,0.0
27590,0,0,0.0,0,-2.2923811242770293,0,0.007952286282306162
27212,0,0,0.19221687006346005,0,-1.1862059369765543,0,0.07979695431472081
8361,0,0,0.0,0,-1.0725297057884418,0,0.05655655655655656
4046,1,1,1.0,1,2.383392210965384,1,1.0
11072,0,0,0.05989617227757177,0,-1.180104427709881,0,0.07979695431472081
30711,0,0,0.20625081102426124,0,-0.9232113815740561,0,0.049344978165938864
1716,0,0,0.0,0,-2.157014045327973,0,0.12232204561161023
30580,1,0,0.43525099123173205,1,0.49368609422374293,0,0.12232204561161023
3481,0,0,0.0,0,-1.8529819135033097,0,0.07979695431472081
27549,1,1,0.8755966733365784,1,1.4309950803340434,1,1.0
30209,0,0,0.0,0,-1.222143077993517,0,0.16833333333333333
9576,0,0,0.0,0,-1.273765168312686,0,0.024745762711864405
10468,0,0,0.08857919214723269,0,-1.021189125569728,0,0.024745762711864405
7265,0,0,0.06544041656963812,0,-1.32214271783498,0,0.07979695431472081
19728,0,0,0.0,0,-1.7772485148833228,0,0.0
14085,0,0,0.0,0,-4.0902577135585645,0,0.024745762711864405
3317,1,1,0.9549122534231923,1,1.1528493696082256,1,0.7674418604651163
18043,0,0,0.13073320976360472,0,-0.8773047742835303,0,0.049344978165938864
29163,1,0,0.3193178712865678,0,-0.8639724625820118,0,0.1724137931034483
28963,0,0,0.0,0,-1.3182159990844884,1,1.0
20034,1,0,0.13627762175976407,0,-1.0631801599449648,0,0.12232204561161023
20050,0,0,0.19345182911654843,0,-1.608440243861593,0,0.1524008350730689
10870,0,0,0.04999679806706969,0,-1.0636577702227812,0,0.07979695431472081
22605,0,0,0.3923248473997742,0,-1.24530822679203,0,0.16901408450704225
19318,0,0,0.13235393700445217,0,-1.2985589158910495,0,0.07979695431472081
18837,0,0,0.1354035832088567,0,-1.3174774118729018,0,0.09210526315789473
31062,0,0,0.20117021045379851,0,-1.0739550911546512,0,0.07979695431472081
26086,0,0,0.11734805457653373,0,-0.9733846162622002,0,0.049344978165938864
28244,0,0,0.13499436437612414,0,-1.3446724230703209,0,0.024745762711864405
14121,0,0,0.12153090842982543,0,-1.141134974494112,0,0.049344978165938864
24388,0,0,0.15342738334995348,0,-1.0360771930415231,0,0.024745762711864405
11490,1,0,0.17950785442435757,0,-1.250913916078753,0,0.23655913978494625
26298,0,0,0.0,0,-1.0761399721093337,0,0.024745762711864405
3454,0,0,0.0,0,-2.0336546287286077,0,0.05655655655655656
26895,0,0,0.19093773851863402,0,-1.0958260963482842,0,0.07979695431472081
23458,0,0,0.05723262747131103,0,-1.08765420172998,0,0.024745762711864405
21363,0,0,0.07719377780910314,0,-1.1674780589148588,0,0.12232204561161023
15359,0,0,0.0,0,-1.1122652444629,0,0.024745762711864405
17778,1,1,0.52205730924071,0,-0.37476450724797167,0,0.1724137931034483
25829,0,0,0.08171301375483327,0,-1.0236989932027811,0,0.024745762711864405
26231,0,0,0.06484104886822017,0,-1.2767180923831845,0,0.049344978165938864
924,1,1,1.0,1,5.84331905144569,1,1.0
18349,1,1,0.8009806186299958,1,2.378364683309004,1,1.0
28504,0,0,0.059915910544299754,0,-0.7672398205472495,0,0.05655655655655656
10721,0,0,0.0,0,-1.9840856803373765,0,0.07979695431472081
26032,0,0,0.1961835122332941,0,-1.0910831830313348,0,0.049344978165938864
1729,0,0,0.0,0,-1.7824296053471422,0,0.0
5345,1,1,0.887178886692551,1,1.1048213679449728,1,1.0
4034,0,0,0.0,0,-1.0370073574409633,0,0.07979695431472081
22286,0,0,0.0,0,-1.9742269201344533,0,0.07979695431472081
1732,1,1,0.6406948491658842,1,1.1825464919839166,1,1.0
4614,0,0,0.0,0,-0.9640115469791664,0,0.024745762711864405
19558,0,0,0.0,0,-1.8797213524772283,0,0.0
107,1,1,1.0,1,6.449942953190028,1,1.0
5023,1,1,1.0,1,1.9836546665749015,1,1.0
10907,0,0,0.0,0,-1.728028859277718,0,0.0
31605,0,0,0.26758599623659246,0,-0.8212410944674884,0,0.049344978165938864
26072,0,0,0.0,0,-1.4277834797118558,0,0.024745762711864405
16560,0,0,0.09934743425638344,0,-1.10003179847725,0,0.07979695431472081
25347,0,0,0.0,0,-2.2457500000016655,0,0.0
28145,0,0,0.11027690598792775,0,-1.1102536458853054,0,0.07979695431472081
16752,0,0,0.0,0,-1.1561847917949661,0,0.07979695431472081
28578,1,1,0.6364812677247764,1,1.4071688900918407,1,1.0
29787,1,1,0.8394952306370475,1,1.9385270137290296,1,1.0
7380,0,0,0.056145590173985106,0,-1.089080183127317,0,0.05655655655655656
2388,0,0,0.21818367099046657,0,-0.9785348324090388,0,0.09210526315789473
5531,0,0,0.23036844297377873,0,-1.0034210086568773,0,0.05655655655655656
25075,1,0,0.19757856156588283,0,-1.0855202490161753,0,0.07979695431472081
18092,0,0,0.2628661438188822,0,-0.34453302361211263,0,0.007952286282306162
8800,0,0,0.0,0,-1.5357381081833084,0,0.0
29602,0,0,0.11779306946385783,0,-1.2907060437202347,0,0.12232204561161023
6782,1,1,0.6618664508776213,1,0.883129583595893,1,1.0
918,0,0,0.13252567778629076,0,-1.8325569810425337,0,0.049344978165938864
15902,1,0,0.3618147698417356,1,1.5205028373118954,1,1.0
30158,0,0,0.0,0,-1.5213013801408217,0,0.05655655655655656
13844,0,0,0.0,0,-2.138557567903175,0,0.007952286282306162
5869,0,0,0.0,0,-1.2165730346631962,0,0.05655655655655656
32113,0,0,0.47694669588781546,0,-0.523455496795632,0,0.46551724137931033
29691,0,0,0.06319448111866112,0,-1.0017484671982295,0,0.05655655655655656
9916,0,0,0.0,0,-3.307517667936905,0,0.07979695431472081
22441,0,0,0.0,0,-2.375861822323488,0,0.0
5431,0,0,0.0,0,-1.7697379574748013,0,0.0
20878,0,0,0.11210299066438202,0,-1.407536379995537,0,0.07979695431472081
5568,0,0,0.1289309186163629,0,-1.2034644066765714,0,0.07979695431472081
5967,0,0,0.12550096160309193,0,-1.3489162605276523,0,0.07979695431472081
15298,0,0,0.0,0,-1.3322942620430245,0,0.024745762711864405
24571,0,0,0.11238155399953108,0,-1.7981862483091158,0,0.07979695431472081
4678,0,0,0.0,0,-1.1479972111614711,0,0.024745762711864405
9288,0,0,0.061402146969368104,0,-1.223114010284523,0,0.07979695431472081
28355,0,0,0.1308402993663016,0,-1.5544318360416354,0,0.024745762711864405
24855,1,0,0.06622198986950642,0,-1.095022321692031,0,0.007952286282306162
19240,1,1,0.595123408187342,1,1.4478496578724789,1,1.0
42,0,0,0.0,0,-2.0522745375596125,0,0.0
21473,1,0,0.24243366575446207,0,-0.9227402471342727,0,0.16833333333333333
32238,0,0,0.0,0,-1.2207466298493226,0,0.049344978165938864
25473,0,0,0.0,0,-1.7184188853629903,0,0.07979695431472081
6201,1,0,0.0,0,-0.9849774634747941,0,0.05655655655655656
15660,0,0,0.0,0,-1.362075631601554,0,0.049344978165938864
11935,0,0,0.1730561274096252,0,-2.9760662474935597,0,0.16833333333333333
18890,1,0,0.36798341709471033,1,0.34322089780840176,1,1.0
21208,0,0,0.1604727719286436,0,-1.0040320995223988,0,0.05655655655655656
27256,0,0,0.0,0,-1.5963216408941134,0,0.049344978165938864
28025,0,0,0.0,0,-1.443695075615964,0,0.02127659574468085
24097,0,0,0.11941694514301353,0,-1.1056435391593387,0,0.07979695431472081
3249,0,0,0.0,0,-1.1512652139904396,0,0.024745762711864405
9525,0,0,0.28623014586992196,0,-1.7894618004368028,0,0.1524008350730689
517,1,1,0.8868560172116817,1,1.451355949703572,1,1.0
8316,0,0,0.1879932849003489,0,-1.0860842264163169,0,0.36363636363636365
7336,0,0,0.0,0,-2.2687427809231413,0,0.07979695431472081
15842,0,0,0.0684395739018505,0,-1.1783634818782764,0,0.049344978165938864
13266,1,1,1.0,1,4.165122012101965,1,1.0
19478,0,0,0.17385621710933466,0,-0.990261410849913,0,0.1031578947368421
14497,0,0,0.0,0,-1.024634158133857,0,0.024745762711864405
5788,1,1,0.8959684881503609,1,3.4509561526009738,1,1.0
3361,0,0,0.16845684614946693,0,-0.7435667061530078,0,0.07979695431472081
25929,0,0,0.2644504539616994,0,-1.2063367763541926,0,0.1524008350730689
32509,0,0,0.167850984927545,0,-1.3450886734313452,0,0.049344978165938864
20189,0,0,0.14169099794718293,0,-1.0754489091659658,0,0.07979695431472081
23228,0,0,0.2899362706592324,0,-0.6582178515569517,0,0.1724137931034483
4749,0,0,0.4039319940207404,0,-0.8582183029055794,0,0.16833333333333333
24127,0,0,0.0,0,-1.205049962876842,0,0.024745762711864405
9543,0,0,0.44439100660236497,0,-0.9363593184110761,0,0.07979695431472081
9681,0,0,0.16838691893893712,0,-1.4117163159061588,0,0.1524008350730689
20382,0,0,0.09648409383628574,0,-1.067575305033273,0,0.07979695431472081
15244,0,0,0.05515105953680265,0,-1.4793321137651585,0,0.1524008350730689
24091,0,0,0.0824767956804191,0,-1.0642805007314964,0,0.09210526315789473
30271,0,0,0.06621493194833966,0,-0.78296811672726,0,0.12232204561161023
5497,0,0,0.19252276561653642,0,-1.1533426323049545,0,0.16833333333333333
27287,0,0,0.13004156767801897,0,-1.2489979875046973,0,0.049344978165938864
8969,0,0,0.0,0,-1.0044345221672355,0,0.024745762711864405
18675,1,1,1.0,1,5.649354847343188,1,1.0
13959,0,0,0.33583641823522575,0,-0.7918166888534228,0,0.1524008350730689
18199,1,0,0.423658157935325,1,1.865116470065011,1,1.0
12612,0,0,0.14158296717950403,0,-0.9572250301525647,0,0.12232204561161023
31209,1,0,0.061941594654460606,0,-1.2899351349698507,0,0.07979695431472081
24126,1,0,0.19913203744700525,0,-0.2578917392432604,0,0.36792452830188677
28165,0,0,0.10485517621240252,0,-1.630203760223468,0,0.05655655655655656
9575,0,0,0.05253569175720053,0,-1.3287841899081652,0,0.07979695431472081
10315,0,0,0.15997437829758648,0,-1.0412970023858519,0,0.07979695431472081
21591,0,0,0.11878850324399731,0,-1.1112183851159794,0,0.05655655655655656
17721,1,0,0.4035836865464486,0,-0.9150537417997913,0,0.2
27232,1,0,0.0,0,-1.107218262207267,0,0.049344978165938864
8720,0,0,0.26098061749546936,0,-0.9824760693208923,0,0.16833333333333333
5115,0,0,0.0,0,-1.5476467601202422,0,0.05655655655655656
10976,0,0,0.07950752915516007,0,-1.0700634309293178,0,0.07979695431472081
6146,0,0,0.04352450461360163,0,-1.08057714656572,0,0.07979695431472081
6360,0,1,0.5070383565521493,1,0.2407649585268642,0,0.42424242424242425
13764,0,0,0.1138599868464206,0,-1.209764072207803,0,0.049344978165938864
27100,0,0,0.21905760149527212,0,-0.8753076442691832,0,0.0
2618,0,0,0.11119537622281396,0,-1.0326851246782622,0,0.07979695431472081
5626,0,0,0.16378594585072967,0,-1.033365578014391,0,0.05655655655655656
3313,0,0,0.0,0,-1.1429427399414085,0,0.05655655655655656
8134,0,0,0.0,0,-1.1728132617645683,0,0.049344978165938864
13077,0,0,0.0,0,-1.161813363049443,0,0.024745762711864405
956,1,1,0.9456712953824453,1,2.5851613450951723,1,1.0
17495,0,0,0.10450465635639203,0,-1.268025042010604,0,0.05655655655655656
9384,0,0,0.0,0,-2.957536947804733,0,0.0
9633,0,0,0.06633866067722614,0,-1.284848583244381,0,0.024745762711864405
26852,0,0,0.1289155802436989,0,-1.217202174815756,0,0.049344978165938864
1869,0,0,0.0,0,-1.628319419617129,0,0.02127659574468085
12207,1,1,1.0,1,3.727996605886115,1,1.0
7583,0,0,0.05957729602788394,0,-1.275828420689715,0,0.07979695431472081
27946,0,0,0.0,0,-1.9901947213553104,0,0.0
12209,0,0,0.0,0,-2.7244949853754226,0,0.0
31907,0,0,0.060299441638919496,0,-1.5208916167945838,0,0.049344978165938864
22590,0,0,0.0,0,-1.1747445437153343,0,0.024745762711864405
14522,0,0,0.059471998499953306,0,-1.1951163985863422,0,0.024745762711864405
25507,0,0,0.05815718102183905,0,-3.641871216593931,0,0.007952286282306162
15815,1,0,0.47102703806111934,1,1.603041864617091,1,0.9941860465116279
8965,0,0,0.0,0,-1.7466397496647272,0,0.05655655655655656
11928,1,1,0.7941448082259595,1,2.344652460684713,1,1.0
7077,1,1,1.0,1,3.2011615082925036,1,1.0
11871,0,0,0.05278766628426787,0,-1.0686523820644633,0,0.024745762711864405
4084,0,0,0.06318525903612561,0,-1.3074301976080542,0,0.049344978165938864
31620,1,1,0.5845904297060054,1,1.4653751829138288,1,1.0
18983,0,0,0.07047370712530637,0,-1.3355842307575716,0,0.024745762711864405
8039,0,0,0.0,0,-1.8191095952727943,0,0.05655655655655656
17656,0,0,0.0,0,-1.4666933794758432,0,0.049344978165938864
5452,0,0,0.11598532231203114,0,-1.0930064574866956,0,0.07979695431472081
21412,0,0,0.14557518756085372,0,-0.9758221038285879,0,0.07979695431472081
25936,0,0,0.16607151656658092,0,-1.1608410975245784,0,0.0
16426,0,0,0.27515325748203373,0,-0.7714269410972641,0,0.02127659574468085
19821,0,0,0.061246656977955644,0,-1.0161395947599974,0,0.05655655655655656
12589,0,0,0.0,0,-1.0427019700031144,0,0.12232204561161023
23610,1,1,0.8160081736143692,1,1.3613254597600657,1,1.0
28219,0,0,0.4800124460785793,0,-0.7950863132301111,0,0.1524008350730689
13221,0,0,0.0,0,-2.6497655869677685,0,0.024745762711864405
1079,0,0,0.07797362847230822,0,-0.7225418649418955,0,0.19480519480519481
19092,0,0,0.13991834894551786,0,-1.0486096905598865,0,0.12232204561161023
29510,0,0,0.0,0,-1.3424788108077323,0,0.049344978165938864
22599,0,0,0.05714746855512594,0,-1.3367509796727288,0,0.05655655655655656
9991,0,0,0.0850522455945529,0,-1.3663488842484037,0,0.05655655655655656
31096,0,0,0.2102524617441539,0,-0.9021766755828309,0,0.07979695431472081
23627,0,0,0.1933634067192376,0,-1.0297064566094094,0,0.07979695431472081
13215,0,0,0.0,0,-1.1129445964576512,0,0.024745762711864405
30847,0,0,0.0,0,-1.548504295834195,0,0.16833333333333333
1797,0,0,0.15234542972566253,0,-1.0709882973811176,0,0.12232204561161023
28876,0,0,0.0,0,-1.7599178944383325,0,0.049344978165938864
14686,1,1,1.0,1,4.058429084325188,1,1.0
19643,0,0,0.0,0,-1.0582007792285792,0,0.1031578947368421
6217,0,0,0.0,0,-1.1405168298754855,0,0.12232204561161023
16544,0,0,0.0,0,-1.0990076164225526,0,0.07979695431472081
21319,1,1,1.0,1,3.3450275325136034,1,1.0
25262,0,0,0.0,0,-1.7901121661719839,0,0.07979695431472081
7490,0,0,0.15410622875941435,0,-1.1412075063726954,0,0.05655655655655656
22860,1,1,0.7661960083293865,1,3.227120695320259,1,1.0
3285,0,0,0.10631222623373589,0,-0.9206895371863073,0,0.12232204561161023
17863,0,0,0.0,0,-2.3531531266340595,0,0.049344978165938864
513,1,0,0.33436486942820026,0,-0.07755519149837747,1,1.0
1130,1,0,0.49638292204180595,1,1.050489916906008,1,1.0
26756,0,1,0.6214008015467317,1,0.048352448575590956,0,0.0
31404,0,0,0.0,0,-1.5967723992616416,0,0.024745762711864405
21532,0,0,0.06051116619291878,0,-1.1008687971796527,0,0.12232204561161023
6258,0,0,0.37616512211988906,0,-0.971250650787808,0,0.12232204561161023
17715,0,0,0.0,0,-1.1775172157769265,0,0.12232204561161023
14827,0,0,0.0,0,-1.1067840880095858,0,0.049344978165938864
25898,0,0,0.3866071314820048,1,0.2747284588031135,0,0.07979695431472081
22282,0,0,0.06810570992354661,0,-1.1842587952057708,0,0.05655655655655656
18663,0,0,0.0,0,-1.9100782648325882,0,0.049344978165938864
4371,0,0,0.17220945026736253,0,-0.939080120306897,0,0.12232204561161023
18554,1,1,0.6436493050150409,1,1.2857637421187218,1,1.0
30340,1,0,0.39880601784851605,0,-0.8838372219103037,0,0.23655913978494625
17342,0,0,0.06275693864592971,0,-1.0115705244972262,0,0.07979695431472081
21738,0,0,0.12082112526590734,0,-1.178602832048426,0,0.05655655655655656
32320,1,1,0.7088020891117716,1,1.7085161401956466,1,1.0
3499,1,0,0.4881911566166827,1,1.16299274656292,1,1.0
12326,0,0,0.05391476256810367,0,-1.107190599796236,0,0.024745762711864405
29088,0,0,0.0,0,-2.974520855607705,0,0.07979695431472081
29887,0,0,0.06365691570836284,0,-2.3522317200222225,0,0.07979695431472081
21574,0,0,0.1456606003707526,0,-0.9353347762615933,0,0.23655913978494625
19331,0,0,0.05815041973996323,0,-1.6628444177316961,0,0.1031578947368421
19884,0,0,0.0,0,-1.5052271281676317,0,0.07979695431472081
7438,0,0,0.0,0,-2.2734603000328053,0,0.07979695431472081
15041,0,0,0.14607159587834892,0,-1.0220365821085926,0,0.049344978165938864
26171,0,0,0.0638096708298151,0,-1.5081271092571482,0,0.049344978165938864
18477,0,0,0.0,0,-1.7870431937554025,0,0.024745762711864405
13721,0,0,0.06217847162568054,0,-1.691672442340106,0,0.049344978165938864
31680,1,1,0.6792873513498447,1,0.2558370714202814,1,1.0
31261,0,0,0.0,0,-1.4141238993724852,0,0.024745762711864405
15550,0,0,0.0,0,-3.0633832466440034,0,0.07979695431472081
10557,0,0,0.260876150671343,0,-0.4235882252460636,0,0.12232204561161023
25906,0,0,0.0,0,-1.19576678526764,0,0.024745762711864405
12536,0,0,0.06486070876908945,0,-1.5613496630388854,0,0.024745762711864405
28954,0,0,0.49489422983612263,0,-0.4152172469390422,0,0.07979695431472081
6038,0,0,0.0,0,-1.3035011302431554,0,0.07979695431472081
18066,1,1,1.0,1,3.8545159694758158,1,1.0
26887,1,0,0.056274522825222835,0,-0.9319166850859977,0,0.024745762711864405
269,1,1,0.8177475088600974,1,1.7782484699772576,1,1.0
13625,0,0,0.0,0,-1.3936823244137195,0,0.0
9312,0,0,0.17041338879906104,0,-1.1850933363786882,0,0.1524008350730689
31512,0,0,0.0,0,-1.1735968293199144,0,0.024745762711864405
2174,0,0,0.0,0,-2.677666840518611,0,0.007952286282306162
921,1,1,0.7527946272526892,1,1.5480938513910771,1,1.0
14065,0,0,0.0,0,-2.0685705015037184,0,0.007952286282306162
14840,0,0,0.0,0,-1.1358190175509064,0,0.12232204561161023
22736,0,0,0.0,0,-1.098233279791612,0,0.05655655655655656
13971,0,0,0.11947383621139904,0,-1.3017442960266836,0,0.049344978165938864
10665,0,0,0.4021594753689175,1,0.11679215115663993,0,0.1524008350730689
1796,0,0,0.05682255419111135,0,-1.8184902298767067,0,0.12232204561161023
17499,0,0,0.0,0,-2.0280722408691507,0,0.0
28608,0,0,0.14364595580741435,0,-1.292640139072423,0,0.049344978165938864
22191,0,0,0.33813793208686593,0,-1.1913617893949855,0,0.07979695431472081
4412,1,0,0.46783434737865076,0,-0.11266754872112578,0,0.1031578947368421
9781,1,0,0.4590690304944472,1,0.14938800316494905,1,1.0
12218,1,1,0.9454191563168177,1,3.20055878522348,1,1.0
8682,0,0,0.11648802451140972,0,-1.2862088202812971,0,0.02127659574468085
7909,0,0,0.139612296175616,0,-1.1379740050624678,0,0.07979695431472081
10516,1,0,0.46837382311892284,0,-0.29482816444046817,0,0.16833333333333333
7640,0,0,0.2001839981289672,0,-1.0374229828384436,0,0.07979695431472081
2733,0,0,0.0,0,-1.1827462934526336,0,0.36792452830188677
27724,0,0,0.0,0,-1.7746731608002055,0,0.049344978165938864
24889,0,0,0.06116108960118252,0,-1.0639309011133693,0,0.024745762711864405
2806,0,0,0.05741405125884827,0,-1.063924559251888,0,0.07979695431472081
26857,0,0,0.0,0,-1.00054766620381,0,0.007952286282306162
7181,0,0,0.21162430763562018,0,-1.0699487355684048,0,0.024745762711864405
13046,0,0,0.10589796537880342,0,-1.235225433091087,0,0.049344978165938864
219,1,1,0.6451586225308777,1,0.31424369019910114,1,1.0
31319,1,1,0.5487735659873753,1,0.9438014142063538,1,1.0
12215,0,0,0.0,0,-1.111505945426165,0,0.024745762711864405
6430,0,0,0.05619274385992173,0,-1.4074261295431258,0,0.07979695431472081
12006,0,0,0.11160879116199995,0,-0.9941996306498218,0,0.07979695431472081
11253,1,1,0.7847530013769786,1,1.4266995674118608,1,1.0
690,1,1,0.6618951340772615,1,0.5363120197884088,1,1.0
30349,0,0,0.0,0,-1.2287840742426819,0,0.07979695431472081
16067,0,0,0.2728612004785943,0,-1.1202051113208449,0,0.1524008350730689
15953,1,1,0.5220334771079721,1,2.8096485925790584,1,1.0
21256,0,0,0.15690502124835837,0,-1.1505426967226915,0,0.05655655655655656
7292,0,0,0.0,0,-1.9150457299457666,0,0.07979695431472081
14214,0,0,0.0,0,-2.1396287756055905,0,0.0
13664,0,0,0.21269319258868247,0,-1.806039488426452,0,0.1524008350730689
3791,0,0,0.1076202543267706,0,-2.075708879113582,0,0.07979695431472081
20205,0,0,0.12889872373785427,0,-1.0936849495623007,0,0.05655655655655656
27817,0,0,0.0,0,-1.1594394194695843,0,0.024745762711864405
26386,1,0,0.3222234154730551,0,-1.024285710612316,0,0.19480519480519481
16458,0,0,0.0,0,-1.8905471544336132,0,0.0
25657,0,0,0.0,0,-1.1361498047690834,0,0.049344978165938864
25039,0,0,0.061218279686493876,0,-1.295372868611525,0,0.049344978165938864
26902,0,0,0.0,0,-1.259589301895679,0,0.024745762711864405
26306,0,0,0.0,0,-1.5776597505290337,0,0.024745762711864405
30841,1,1,0.8618252487066164,1,2.1566537605362943,1,1.0
8486,0,0,0.04664231377771632,0,-1.189360971221618,0,0.07979695431472081
17341,0,0,0.10481677499991948,0,-1.891426660658786,0,0.16833333333333333
16189,0,0,0.061528560157795315,0,-1.095825234672225,0,0.07979695431472081
3944,0,0,0.0,0,-0.9423132111685386,0,0.05655655655655656
865,0,0,0.12810348845999697,0,-2.0513204314305016,0,0.049344978165938864
4550,0,0,0.336582106370218,0,-1.018869531314478,0,0.1031578947368421
31081,1,0,0.0,0,-1.7595006705624083,0,0.07979695431472081
17021,0,0,0.2170948401479212,0,-0.9477434365205881,0,0.1524008350730689
10307,0,0,0.21051787347910025,0,-1.0141682401274252,0,0.07979695431472081
24142,0,0,0.12636702461611904,0,-1.1935526134779333,0,0.024745762711864405
5511,0,0,0.06136435492128933,0,-1.0371482860187962,0,0.07979695431472081
28719,0,0,0.0,0,-1.1034236703647298,0,0.024745762711864405
30562,1,0,0.25526114495666485,0,-0.19631154661545008,1,1.0
29789,0,0,0.0,0,-1.5784489174758984,0,0.07979695431472081
3194,1,0,0.0,0,-1.1505946747826283,0,0.07979695431472081
17483,0,0,0.14126706722144744,0,-1.4841338006999714,0,0.07979695431472081
19375,0,0,0.07847167884194008,0,-0.9881981195735641,0,0.12232204561161023
6638,0,0,0.3280231536938815,0,-0.3393940559535333,0,0.16833333333333333
16808,0,0,0.0,0,-1.3515544176777161,0,0.07979695431472081
21830,0,0,0.35402031825576474,0,-0.13889450599205938,0,0.12232204561161023
32044,0,0,0.12723534654695007,0,-0.3164734890299769,0,0.12232204561161023
7019,0,0,0.0,0,-1.0123166500045122,0,0.05655655655655656
4879,0,0,0.19931267657534263,0,-0.9268552624678237,0,0.07979695431472081
6813,0,0,0.260660193774388,0,-0.8314409539773839,0,0.07979695431472081
26183,1,1,1.0,1,2.8264393196193756,1,1.0
11003,0,0,0.0,0,-1.04756657101866,0,0.024745762711864405
17937,1,1,0.8740736912841894,1,2.685822576646301,1,0.9941860465116279
8409,0,0,0.2449848746217274,0,-0.9507014794342448,0,0.07979695431472081
23256,1,0,0.05381844724095691,0,-1.031613678462711,0,0.12232204561161023
2519,0,0,0.21108418048009947,0,-1.105307005023075,0,0.17073170731707318
18366,0,0,0.07229980046461015,0,-0.9998997678155239,0,0.17073170731707318
5180,0,0,0.14970690680704038,0,-1.3208915441746987,0,0.07979695431472081
17236,0,0,0.06265482656825487,0,-1.0522866868988747,0,0.07979695431472081
16572,0,0,0.0,0,-1.8810282349403078,0,0.007952286282306162
10517,0,0,0.0,0,-1.1517756547730076,0,0.024745762711864405
20296,0,0,0.05655420906148564,0,-1.050073103022429,0,0.049344978165938864
7006,0,0,0.1488367292242112,0,-1.4501683616466072,0,0.07979695431472081
28567,0,0,0.07266569583864249,0,-1.1463211004581138,0,0.07979695431472081
16109,1,1,0.952145657396849,1,3.924350736292356,1,1.0
22925,0,0,0.0,0,-1.1182705255343421,0,0.07979695431472081
28168,0,0,0.0,0,-1.8095773008075136,0,0.07979695431472081
24932,0,0,0.13399814410522784,0,-1.3287232362673675,0,0.07979695431472081
4052,0,0,0.059055785304624506,0,-1.0584315270482365,0,0.024745762711864405
15475,0,0,0.08016150139951324,0,-1.2430159945537058,0,0.0
10015,0,0,0.05446884299139827,0,-0.9757316971003116,0,0.07979695431472081
30090,0,0,0.12469277486706942,0,-1.1482939426734533,0,0.024745762711864405
6369,1,0,0.06034357099966022,0,-1.1716624306932988,0,0.12232204561161023
1781,0,0,0.0,0,-1.2971908634200895,0,0.02127659574468085
1283,1,1,0.7800813001918592,1,1.3399072731630444,1,1.0
29478,1,0,0.3312393118037026,1,1.3616509110264385,1,0.7674418604651163
21120,0,0,0.0,0,-2.159652643832288,0,0.07979695431472081
2373,0,0,0.1813281143348327,0,-1.0841360413025352,0,0.07979695431472081
12792,0,0,0.0659461108006392,0,-1.735872478053372,0,0.024745762711864405
30686,0,0,0.0,0,-1.3045310527100957,0,0.07979695431472081
11186,0,0,0.0,0,-2.930708244631872,0,0.0
29318,0,1,0.5353449190101431,0,-0.08940892807891959,0,0.1524008350730689
23656,0,0,0.363668621355919,0,-0.900193786722121,0,0.1031578947368421
6424,0,0,0.06003385643796398,0,-1.2576713503702577,0,0.07979695431472081
10095,0,0,0.0,0,-1.6677872444523385,0,0.05655655655655656
8235,1,0,0.04845797683932337,0,-1.2476260628889213,0,0.1724137931034483
30100,0,0,0.0,0,-2.2996160836938735,0,0.0
16010,0,0,0.2184336123156126,0,-0.9750698080998346,0,0.07979695431472081
21856,0,0,0.0,0,-2.208569317575369,0,0.0
28706,0,0,0.25940763299578007,0,-1.5398692395010647,0,0.27058823529411763
18580,1,0,0.3017912073322197,0,-0.5374713539341014,0,0.16833333333333333
23694,1,0,0.44058911868747036,1,0.4839658440592412,1,1.0
19139,0,0,0.46362371736608576,1,0.8278620933831471,1,0.7674418604651163
20915,0,0,0.1068533400856318,0,-1.0591265651121609,0,0.024745762711864405
6058,0,0,0.1275273938389477,0,-1.0500175720994873,0,0.07979695431472081
17498,1,1,0.709915757619821,1,1.2941178164219325,1,0.9941860465116279
17847,0,0,0.14211926135077085,0,-0.13803710930145663,0,0.049344978165938864
17189,1,0,0.14738536114945822,0,-1.0080848033001508,0,0.05655655655655656
23007,0,0,0.0,0,-1.5948297797690958,0,0.05655655655655656
13360,0,0,0.06899309655854016,0,-1.0453757560731496,0,0.049344978165938864
30987,0,0,0.06358691216109474,0,-0.553016730818094,0,0.16833333333333333
6856,0,0,0.10243837097265525,0,-1.4746578009667441,0,0.1524008350730689
5411,0,0,0.0,0,-1.0835348531749749,0,0.05655655655655656
30573,0,0,0.06857165656434352,0,-1.2675749802928902,0,0.12232204561161023
3531,0,0,0.1557596562347291,0,-1.2827770712091817,0,0.07979695431472081
27559,0,0,0.08587802800926198,0,-0.8796397830049778,0,0.007952286282306162
11684,0,0,0.0,0,-1.0335303747628086,0,0.024745762711864405
7396,0,0,0.07089273551835737,0,-2.8215759761330106,0,0.16833333333333333
7102,0,0,0.0,0,-1.1807640284927174,0,0.07979695431472081
17752,0,0,0.0,0,-1.2287751526301376,0,0.024745762711864405
20678,0,0,0.0,0,-1.9427955333664362,0,0.0
20267,0,0,0.0,0,-1.9969592289319071,0,0.07979695431472081
20366,0,0,0.1940574686119096,0,-1.0115098048738695,0,0.12232204561161023
2930,0,0,0.15783442274187118,0,-1.52790246402242,0,0.049344978165938864
506,0,0,0.4734566496648064,0,-0.9234571463082715,0,0.024745762711864405
2601,0,0,0.2912611180308684,0,-0.946236739744494,0,0.05655655655655656
27918,0,0,0.0,0,-1.5531822171682368,0,0.0
14364,0,0,0.07851956344680626,0,-1.523747720349827,0,0.05655655655655656
111,0,0,0.0,0,-1.1392311020155774,0,0.049344978165938864
321,0,0,0.07239424844086538,0,-2.2854953613390285,0,0.049344978165938864
32428,1,0,0.2823217343676713,0,-0.06544815106939844,1,1.0
12363,1,0,0.15753825096591217,0,-0.9491594343645839,0,0.07979695431472081
19961,0,0,0.17590285614723727,0,-1.6395571030103633,0,0.07979695431472081
6157,0,0,0.10137300506106615,0,-0.8284949722665527,0,0.12232204561161023
18120,0,0,0.06596270372513965,0,-1.6211991852207706,0,0.024745762711864405
23874,1,1,0.6010196049247719,1,1.0697896802439184,1,1.0
24060,0,0,0.055152954152568844,0,-1.126104772855934,0,0.05655655655655656
8740,0,0,0.09003773293016647,0,-1.1399346688010605,0,0.07979695431472081
31408,0,0,0.0,0,-2.541311753393037,0,0.049344978165938864
4109,1,1,0.7749977699340123,1,2.004250219119782,1,1.0
1247,0,0,0.2521400840289697,0,-1.2678437562283593,0,0.0
6211,0,0,0.2522159501860072,0,-1.3892064357018512,0,0.07979695431472081
21068,0,0,0.06524996696931055,0,-1.156515600995725,0,0.05655655655655656
9597,1,1,0.8450081692555064,0,-0.07865399101850074,0,0.0
17591,0,0,0.0,0,-1.4471736152076093,0,0.07979695431472081
3100,0,0,0.05913273070581331,0,-1.2167397523746715,0,0.05655655655655656
29078,0,0,0.11108204778903098,0,-1.4578265445830776,0,0.1524008350730689
15715,0,0,0.10800252048443487,0,-1.2149798997440202,0,0.049344978165938864
4990,0,0,0.05886865624386213,0,-1.231766631504615,0,0.05655655655655656
270,1,1,0.8746070650876095,1,3.5940998434767173,1,1.0
25758,1,1,0.9328988485988745,1,2.9929095528143796,1,1.0
29024,0,0,0.0,0,-1.5042757411682017,0,0.07979695431472081
4374,0,0,0.2832315122404802,0,-1.0615449463894082,0,0.12232204561161023
13195,0,0,0.10531323711506843,0,-1.090898759103068,0,0.049344978165938864
28667,0,0,0.05813741449869387,0,-2.0680971762706095,0,0.024745762711864405
25606,0,0,0.1939104899277443,0,-0.939928230245821,0,0.0
24885,0,0,0.0,0,-1.0201384186366533,0,0.07979695431472081
5125,0,0,0.0,0,-2.6227748350594555,0,0.07979695431472081
28590,1,0,0.4777681679009322,1,0.5813910454219458,1,1.0
20580,0,0,0.0,0,-0.9990496657899901,0,0.049344978165938864
1006,0,1,0.7121135326836786,1,0.745096471291897,0,0.1524008350730689
5939,0,0,0.0,0,-1.4914271701780182,0,0.07979695431472081
21614,0,0,0.057664483159913515,0,-2.6836616644493105,0,0.07979695431472081
13115,0,0,0.0,0,-2.720845049483098,0,0.007952286282306162
30081,0,0,0.061242567235880806,0,-1.416142700828381,0,0.07979695431472081
7076,0,0,0.0,0,-1.838298041606698,0,0.07979695431472081
11181,0,1,0.5471216345589514,0,-0.664864252332307,0,0.1524008350730689
18778,0,0,0.1246387000397146,0,-1.0581754157891683,0,0.07979695431472081
25991,0,0,0.0,0,-2.395897575107035,0,0.007952286282306162
20950,0,0,0.3448408771330016,0,-0.7655291790318599,0,0.07979695431472081
23689,0,0,0.06066451896785624,0,-1.52010885872525,0,0.07979695431472081
26284,0,0,0.0,0,-1.2200362357152787,0,0.024745762711864405
10192,0,0,0.06639674935327038,0,-1.572862992027932,0,0.07979695431472081
25845,0,0,0.0,0,-1.064690190845054,0,0.07979695431472081
23219,0,0,0.27465128918776266,0,-0.4961613253844321,0,0.12232204561161023
19694,0,1,0.8333302384466901,0,-0.09972579027557588,0,0.18
27332,0,0,0.4595333909866474,0,-1.2235173983810081,0,0.1524008350730689
5355,0,0,0.0,0,-1.5522661345516235,0,0.0
25200,0,0,0.4833601729543136,0,-0.3095516943733267,0,0.07979695431472081
14977,0,0,0.4557610420882536,0,-0.5350702113815653,0,0.07979695431472081
4404,0,0,0.17791241176331918,0,-1.3137284318753193,0,0.12232204561161023
975,1,1,0.8479962109671897,1,3.7023210454464786,1,1.0
1278,0,0,0.0570687240496319,0,-2.026521604761484,0,0.12232204561161023
5569,1,0,0.38924390568389877,1,0.19821681997135882,0,0.1724137931034483
29188,0,0,0.0,0,-2.138866189681975,0,0.007952286282306162
20603,0,0,0.0,0,-1.0917145984154333,0,0.024745762711864405
31016,0,0,0.0,0,-1.2408704530720027,0,0.024745762711864405
7039,0,0,0.0,0,-2.9361761458970834,0,0.07979695431472081
18703,1,1,0.7514185970708406,1,4.077655481658286,1,1.0
6250,0,0,0.10810358494551776,0,-1.3807970922984878,0,0.12232204561161023
22324,0,0,0.08683624596408486,0,-1.2401219687944276,0,0.12232204561161023
20031,1,0,0.10507085267045858,0,-0.7571652257983945,1,1.0
19797,0,1,0.541452258876227,0,-0.579202276794772,0,0.1724137931034483
10966,0,0,0.0,0,-2.312686375060792,0,0.07979695431472081
15639,1,0,0.13495679552592096,0,-1.5399054256244031,0,0.07979695431472081
3783,0,0,0.0,0,-1.7230771690311668,0,0.02127659574468085
18305,1,0,0.4011239283918485,1,0.9816775900072674,1,1.0
24543,0,0,0.06147529807885188,0,-2.742006303024664,0,0.19480519480519481
23060,0,0,0.04899909519107289,0,-1.0345449467576135,0,0.07979695431472081
18217,0,0,0.0,0,-0.8540148952666544,0,0.049344978165938864
214,1,1,0.8274053132728904,1,0.7507430794546768,1,1.0
24286,0,0,0.06858659321637947,0,-1.200174759970996,0,0.024745762711864405
32129,0,0,0.1515430914739219,0,-0.9968111915001909,0,0.36792452830188677
861,0,0,0.04866028897179113,0,-2.1211160132484,0,0.024745762711864405
11904,0,0,0.13336518514546167,0,-1.6349618518369606,0,0.1524008350730689
31571,0,0,0.0,0,-1.3992252472632538,0,0.024745762711864405
19153,1,1,0.7903046770949685,1,2.5986127229072395,1,1.0
23501,0,0,0.0,0,-2.8079575478057515,0,0.024745762711864405
11706,0,0,0.0,0,-1.4673103101120983,0,0.07979695431472081
15680,0,0,0.0,0,-1.5773783467510563,0,0.024745762711864405
18949,0,0,0.0,0,-1.0451883635965207,0,0.12232204561161023
11277,0,0,0.05889913637765293,0,-1.0701777546925944,0,0.07979695431472081
3157,0,0,0.0,0,-1.0255890140898543,0,0.05655655655655656
13943,0,0,0.10722947789882746,0,-1.2388605034182296,0,0.07979695431472081
14822,1,1,0.5686414759585312,1,0.9740094995942008,1,1.0
19349,1,0,0.07167840304557035,0,-0.7557637546189728,1,1.0
29663,0,0,0.13022802172247486,0,-1.245109733802598,0,0.049344978165938864
19433,0,0,0.06725258296143011,0,-1.0181059320648038,0,0.05655655655655656
31021,0,0,0.12543286196161044,0,-1.181859098047915,0,0.07979695431472081
25409,0,0,0.0,0,-1.6163676001674925,0,0.024745762711864405
32180,0,0,0.04165339800778621,0,-1.6030142829053595,0,0.049344978165938864
23707,0,0,0.06095391785655708,0,-1.1340441343492236,0,0.024745762711864405
2434,0,0,0.3982773680826207,0,-0.6168300752379947,0,0.46551724137931033
32185,0,0,0.0,0,-1.2475404851396994,0,0.0
11853,0,0,0.0,0,-1.0566551888466609,0,0.024745762711864405
15130,0,0,0.0,0,-1.1536530630006332,0,0.049344978165938864
21536,0,0,0.05682434364627445,0,-1.9919203313091036,0,0.05655655655655656
14463,0,0,0.12305171314598702,0,-1.0976159995476327,0,0.049344978165938864
16307,0,0,0.1159588621537822,0,-0.963596674591737,0,0.049344978165938864
12227,1,1,0.6078666376971719,1,1.189358308274382,1,1.0
30376,0,0,0.0,0,-1.31130791326781,0,0.05655655655655656
18991,0,0,0.0,0,-2.1431835417950613,0,0.049344978165938864
31090,1,1,0.5250861681340347,1,0.2996709708862321,1,0.6
11969,0,0,0.13337891777118502,0,-1.1364755114766136,0,0.0
15529,1,1,0.7509446340858968,1,1.2243111610618334,1,1.0
12492,0,0,0.20431955346578115,0,-1.2293626069277508,0,0.07979695431472081
3272,1,1,0.9550456327028196,1,3.220596132007557,1,1.0
4116,1,1,0.5923873620666743,1,3.335140039001335,1,1.0
14033,0,0,0.0,0,-1.4841867036450398,0,0.07979695431472081
23220,0,0,0.4109246485939259,0,-0.06833755844122552,0,0.12232204561161023
23590,1,1,0.7619567587926075,1,1.408101521456039,1,0.9941860465116279
3837,0,0,0.0,0,-1.1206424613283854,0,0.05655655655655656
23850,0,1,0.5041288318754721,0,-0.8632415226846983,0,0.19480519480519481
14872,0,0,0.0,0,-1.4180610562420748,0,0.024745762711864405
28040,0,0,0.0,0,-1.3826580093634813,0,0.16833333333333333
27299,1,1,0.676465541461636,1,0.2642670270058783,1,1.0
21048,0,0,0.16580233408635964,0,-1.1193570775539494,0,0.07979695431472081
3137,1,0,0.06782157251463498,0,-0.9257175131871791,0,0.12232204561161023
32060,0,0,0.0,0,-1.9553457513326729,0,0.02127659574468085
7232,0,0,0.0,0,-1.211797431528027,0,0.024745762711864405
26551,0,0,0.4514297985094757,0,-2.786738248614548,0,0.46551724137931033
14625,0,0,0.11381967608565835,0,-1.2092922640981079,0,0.007952286282306162
7661,0,0,0.0,0,-2.0558995962074054,0,0.07979695431472081
5358,1,0,0.0659269086166301,0,-1.4410665575987327,0,0.07979695431472081
21400,0,0,0.0,0,-1.6270244850221176,0,0.0
17987,0,0,0.09291210346524506,0,-1.057235455804562,0,0.049344978165938864
14525,0,0,0.0,0,-1.7342866511932065,0,0.0
260,1,1,1.0,1,3.5852857617312517,1,1.0
10541,0,0,0.42141442505519977,0,-0.28802979891200037,0,0.12232204561161023
1665,0,0,0.0,0,-1.323787134976833,0,0.12232204561161023
12383,0,0,0.0,0,-2.234831174062678,0,0.007952286282306162
32426,1,0,0.4558141226844861,0,-0.5735284474886391,1,1.0
25161,0,0,0.05776338480613079,0,-1.0355593191530144,0,0.024745762711864405
21353,0,0,0.4539451590304164,0,-1.2980732904624661,0,0.1524008350730689
26787,0,0,0.06403843245773186,0,-1.4226310656265693,0,0.049344978165938864
20947,1,0,0.35010374505131936,1,0.2957414362173099,1,1.0
32460,0,1,0.5208124450951006,0,-0.15787193021525597,1,0.7674418604651163
31204,1,0,0.3025924130734757,0,-0.8793047377557106,1,1.0
21826,1,0,0.4814813061514846,1,0.3829584273774969,0,0.46551724137931033
17784,0,0,0.0,0,-1.7035270518169474,0,0.07979695431472081
20653,0,0,0.19466382050575984,0,-0.9497668013666845,0,0.23655913978494625
16991,0,0,0.0,0,-1.2099728086977468,0,0.007952286282306162
6397,0,0,0.0,0,-1.315044586557815,0,0.07979695431472081
6669,0,0,0.0,0,-1.1368019224277324,0,0.05655655655655656
31332,0,0,0.0,0,-1.841937090337316,0,0.0
6089,0,0,0.18015846936923768,0,-1.2146705080484614,0,0.12232204561161023
2302,0,0,0.10496697264810266,0,-0.9035985499936419,0,0.1724137931034483
5766,0,0,0.13923345340058307,0,-1.0621752370344526,0,0.05655655655655656
30276,0,0,0.2794279038739285,0,-1.322708958871527,0,0.1524008350730689
31360,0,0,0.0,0,-2.1967585102074527,0,0.007952286282306162
29447,0,0,0.25565397583931604,0,-1.2883521643972013,0,0.02127659574468085
26691,0,0,0.13027453304795872,0,-1.055693696945266,0,0.05655655655655656
157,1,1,1.0,1,6.444516314512226,1,1.0
12187,0,0,0.0,0,-1.549793563677876,0,0.0
20140,0,0,0.0,0,-1.9518587440229789,0,0.07979695431472081
22030,0,0,0.0,0,-2.010728007574321,0,0.0
27250,0,0,0.0,0,-1.937132360050339,0,0.007952286282306162
14959,0,0,0.0,0,-1.4191845756063313,0,0.024745762711864405
20213,1,1,0.576238611917001,0,-0.32251093834495576,0,0.1524008350730689
30146,0,0,0.231149800900484,0,-0.8236294765818606,0,0.07979695431472081
17603,1,0,0.19451449630782916,0,-0.7627173280761972,1,1.0
5071,0,0,0.31858004577270077,0,-1.61370352331527,0,0.1524008350730689
24877,0,0,0.12346940429154259,0,-1.0817453636107168,0,0.07979695431472081
7870,0,0,0.0,0,-1.5417676704727428,0,0.05655655655655656
11981,0,0,0.12016571366158649,0,-2.4836501755040836,0,0.0
2872,0,0,0.1420077209482252,0,-1.0156272141261087,0,0.07979695431472081
31731,0,0,0.3416878323818509,0,-1.2332043223663247,0,0.1524008350730689
23989,0,0,0.1359668266413734,0,-1.1498157844144572,0,0.1031578947368421
2068,1,0,0.39499641064888175,0,-0.2501556880176639,0,0.46551724137931033
9751,0,0,0.0,0,-1.3303783227019745,0,0.07979695431472081
7657,0,0,0.0,0,-2.7528339189584394,0,0.0
17567,0,0,0.17483234695300442,0,-1.0425571156174898,0,0.024745762711864405
21273,0,0,0.0,0,-2.1131535371017516,0,0.0
1253,1,1,1.0,1,4.953595683218212,1,1.0
10835,0,0,0.19445533510348412,0,-1.6853312565169982,0,0.07979695431472081
1806,0,0,0.06579938205004397,0,-1.2499649336175187,0,0.27058823529411763
24390,0,0,0.0,0,-1.2220551312715586,0,0.024745762711864405
11993,0,0,0.05453856003841785,0,-1.0903956427363153,0,0.024745762711864405
19062,1,1,0.8802905519554154,1,3.0749695587141117,1,1.0
24296,0,0,0.0,0,-1.1176051820568693,0,0.024745762711864405
12434,0,0,0.29056515167708036,0,-0.9482717370575675,0,0.07979695431472081
4428,0,0,0.0,0,-1.1319182930286926,0,0.05655655655655656
27302,1,0,0.3919927060067816,0,-1.128905387730418,0,0.07979695431472081
1432,0,0,0.0,0,-1.0855871419415624,0,0.0
10785,0,0,0.0,0,-2.553032219753781,0,0.024745762711864405
29427,1,0,0.0,0,-0.9300939279927465,0,0.12232204561161023
32323,1,1,0.5077675754111048,1,1.9466771780759287,1,1.0
8598,0,0,0.0,0,-1.053123864246342,0,0.07979695431472081
26497,0,0,0.24125112992596986,0,-2.097868818254916,0,0.0
23070,0,0,0.0,0,-2.462281173653738,0,0.07979695431472081
13110,0,0,0.06548987776492354,0,-1.5761130919348456,0,0.024745762711864405
8915,1,1,0.8728398490118273,1,1.0340122575901143,1,0.7674418604651163
29418,0,0,0.20617728312564504,0,-0.754192479304828,0,0.12232204561161023
20782,0,0,0.0,0,-1.0600487462212027,0,0.05655655655655656
24452,0,0,0.0,0,-1.234572694024421,0,0.16833333333333333
16627,1,0,0.06650938872828101,0,-2.15306838416952,0,0.1524008350730689
26222,0,0,0.0,0,-1.7606892675954158,0,0.07979695431472081
15228,0,0,0.2601780143587577,0,-1.0725408955273799,0,0.1724137931034483
11308,0,0,0.06199022363561424,0,-1.0216920211824028,0,0.07979695431472081
23011,0,1,0.6462489125650255,0,-1.1920796780877576,0,0.0
19188,0,0,0.12656170433586947,0,-1.1384835764854246,0,0.024745762711864405
15891,0,0,0.0,0,-1.4408462094581198,0,0.024745762711864405
26277,0,0,0.0,0,-1.049195217545573,0,0.049344978165938864
28978,0,0,0.07255233754827019,0,-0.6578359061278107,0,0.36792452830188677
24171,0,0,0.0,0,-3.8690176156914293,0,0.0
7615,0,0,0.29868833408480777,0,-0.9103401605537282,0,0.1524008350730689
30972,0,0,0.0,0,-2.066317064437183,0,0.0
20028,0,0,0.12089459054768475,0,-1.0301596710032939,0,0.05655655655655656
277,0,0,0.18795651525795434,0,-0.9025485129630022,0,0.0
19049,0,0,0.0,0,-1.2064958349589148,0,0.049344978165938864
30672,0,0,0.0,0,-1.737443745878609,0,0.02127659574468085
7589,1,1,0.8919141606176118,1,1.3698793631717987,1,1.0
13577,1,1,0.7631649827648409,1,0.8205873648241377,1,1.0
31132,1,0,0.19961310393429052,1,0.35923847130724834,1,1.0
12626,0,0,0.0,0,-1.7561235904368062,0,0.007952286282306162
27264,0,0,0.06558208512855175,0,-1.2914012852565273,0,0.024745762711864405
3255,0,0,0.18723615918578376,0,-1.1702818476622263,0,0.07979695431472081
2194,0,0,0.0,0,-1.439403044751726,0,0.27058823529411763
10389,0,0,0.06500748719573476,0,-1.0856886802169934,0,0.07979695431472081
6590,0,0,0.0,0,-1.1573466384470534,0,0.07979695431472081
32203,0,0,0.12639209013847852,0,-1.13735851896034,0,0.12232204561161023
9734,0,0,0.0,0,-1.3361596167575271,0,0.07979695431472081
2167,0,0,0.06609588534693239,0,-0.9866497658977207,0,0.05655655655655656
19229,0,0,0.0,0,-1.2415764260792264,0,0.024745762711864405
27150,0,0,0.0,0,-1.1058270478017584,0,0.024745762711864405
20532,1,0,0.12750173692341454,0,-1.0240201988070035,0,0.07979695431472081
19301,0,0,0.2747113848066495,0,-1.0243228194029226,0,0.07979695431472081
28705,1,1,1.0,1,3.848107264812325,1,1.0
25443,0,0,0.27598672296292986,0,-1.6389982633708746,0,0.07979695431472081
16803,1,1,1.0,1,2.776412543498386,1,1.0
17067,0,0,0.0,0,-1.305677888535905,0,0.024745762711864405
19489,0,0,0.0,0,-1.233275166452928,0,0.05655655655655656
26720,0,0,0.18417633981076337,0,-1.4497314521007856,0,0.049344978165938864
27235,0,0,0.05868063941828279,0,-1.3436639658427754,0,0.024745762711864405
801,0,0,0.3481093592582323,0,-0.8957182576523077,0,0.12232204561161023
19748,0,0,0.0,0,-1.4922606005889452,0,0.36792452830188677
13600,0,0,0.13136926548347527,0,-1.4355682193321506,0,0.07979695431472081
13455,0,0,0.4502544785890006,0,-0.2881526441334899,0,0.07979695431472081
19951,0,0,0.18084147805275938,0,-1.0554675625687064,0,0.16833333333333333
28087,0,0,0.0,0,-1.218882733435188,0,0.049344978165938864
31279,0,0,0.10676633081428098,0,-1.1752667548907643,0,0.049344978165938864
13502,0,0,0.0,0,-1.1164831153333326,0,0.0
17409,0,0,0.0,0,-2.7542318383671995,0,0.0
32190,0,0,0.12504050827631752,0,-1.270507786136705,0,0.07979695431472081
12367,0,1,0.6036255386681837,1,0.04247629873679787,0,0.07979695431472081
7804,0,0,0.1066120465773302,0,-1.2655333763797594,0,0.05655655655655656
668,1,1,0.8892963545003305,1,3.182588668463718,1,1.0
20455,0,0,0.06348391404839832,0,-1.0658476899186584,0,0.05655655655655656
4832,0,0,0.0639170107228168,0,-0.9844286946977865,0,0.05655655655655656
3658,0,0,0.11819867688379194,0,-1.1416262310093717,0,0.12232204561161023
20788,0,0,0.0,0,-1.2334352398001895,0,0.07979695431472081
19462,0,0,0.0,0,-1.5794317749582967,0,0.0
9107,0,0,0.13408439122219035,0,-0.998789415241462,0,0.23655913978494625
23178,0,0,0.0,0,-1.3351490886596808,0,0.07979695431472081
29900,0,0,0.0,0,-1.1091568728919694,0,0.07979695431472081
7221,0,0,0.18681977711040915,0,-1.8208660340478566,0,0.1031578947368421
5304,1,1,0.7729592941119752,1,1.5790702061042865,1,1.0
24812,0,0,0.0,0,-1.2024586506997887,0,0.049344978165938864
31549,0,0,0.0,0,-2.023271800749143,0,0.0
23646,0,0,0.0,0,-0.9705164027082283,0,0.07979695431472081
22443,0,0,0.05160360267584227,0,-1.382542452143121,0,0.05655655655655656
19799,0,0,0.07489524925189882,0,-1.0553930227109003,0,0.049344978165938864
12807,0,0,0.0,0,-1.1746684745549543,0,0.049344978165938864
13724,0,0,0.07140886547376715,0,-1.3227087727720095,0,0.024745762711864405
2008,1,1,0.8984812338879871,1,3.035071877808956,1,1.0
13493,1,0,0.0,0,-0.9021586864658482,0,0.049344978165938864
25810,0,0,0.4195779595570603,0,-1.1495958777936126,0,0.1524008350730689
12161,0,0,0.20675844436819485,0,-1.3503392063000108,0,0.07979695431472081
14643,1,1,0.9452616840858928,1,5.127330238918039,1,1.0
802,0,0,0.19149072188726401,0,-0.7087093219430245,0,0.27058823529411763
19806,0,0,0.05646717729910195,0,-1.1289040069191045,0,0.12232204561161023
5888,0,0,0.0,0,-1.2066232321272503,0,0.024745762711864405
31668,0,0,0.2245648706874041,0,-0.8304748086607581,0,0.0
14860,1,0,0.0,0,-0.6263024326577133,0,0.049344978165938864
6130,0,0,0.4179021747347393,1,0.4268928930136973,0,0.23655913978494625
2977,0,0,0.0686650172706841,0,-1.0216865172442824,0,0.12232204561161023
19048,1,1,0.8754704836661974,1,1.0267985300843407,1,0.7674418604651163
26555,0,0,0.0,0,-2.2368091910967247,0,0.007952286282306162
24802,0,0,0.11860114548320606,0,-1.6749334546958559,0,0.049344978165938864
20096,1,1,0.6863014944183776,1,1.7568094159758416,1,1.0
678,1,1,0.650014767784446,1,1.3313222999876324,1,1.0
20732,0,0,0.0,0,-1.3637818455803794,0,0.05655655655655656
16857,0,0,0.0,0,-1.8144273920549838,0,0.0
527,0,0,0.0,0,-1.7145492881647098,0,0.04
28646,0,0,0.31666460399872076,0,-1.1672508291569637,0,0.16833333333333333
17022,1,0,0.0,0,-0.8207515571794364,1,1.0
18636,1,1,1.0,1,8.913106431287675,1,1.0
17213,0,0,0.0,0,-2.103092052891739,0,0.07979695431472081
6114,1,1,0.9465576669572812,1,4.609008384249632,1,1.0
30021,0,0,0.15014027143893338,0,-1.1154078124892257,0,0.049344978165938864
5291,0,0,0.11704468495585499,0,-1.134428194868074,0,0.05655655655655656
10922,0,0,0.17068066018335887,0,-1.1445086485800315,0,0.12232204561161023
21279,0,0,0.0,0,-1.1711264293076264,0,0.05655655655655656
30994,0,0,0.227792583969244,0,-0.9954772082487966,0,0.1524008350730689
23074,0,0,0.07145228868656632,0,-1.0899205334798148,0,0.024745762711864405
13253,1,1,0.5720997868985883,1,1.1115955918789182,1,1.0
4583,0,0,0.0,0,-0.9756235219593772,0,0.024745762711864405
10504,1,1,0.7574491198281206,1,1.6984100648709886,1,1.0
893,1,1,0.8302136500396018,1,1.0145851944151387,1,1.0
8045,0,0,0.0,0,-1.7212354415458422,0,0.0
10831,0,0,0.05400399687886022,0,-1.065760322346521,0,0.07979695431472081
26421,0,0,0.0,0,-4.081572521531898,0,0.049344978165938864
10004,0,0,0.0,0,-1.2648843267850198,0,0.024745762711864405
10000,0,0,0.0,0,-1.1020349487803254,0,0.024745762711864405
31653,0,0,0.0,0,-1.402827236386803,0,0.024745762711864405
31068,0,0,0.19319058715375928,0,-1.0117529660535456,0,0.07979695431472081
30855,1,1,0.9399971321859987,1,3.4062605538012023,1,1.0
28749,0,0,0.0,0,-1.319871075441815,0,0.049344978165938864
10897,0,0,0.05587714252998695,0,-1.0054939073097997,0,0.024745762711864405
12376,1,1,0.7556363159442069,1,1.3736363160620464,1,1.0
1769,0,0,0.18345642146327798,0,-0.8952100435028991,0,0.2
24799,0,0,0.05437406410117184,0,-1.6039379528926914,0,0.024745762711864405
29477,0,0,0.06310839105966563,0,-1.354743062359732,0,0.17073170731707318
27373,0,0,0.06865361762271337,0,-0.9305540055434351,0,0.024745762711864405
9372,0,0,0.06726555494532865,0,-0.8839415979806684,0,0.1031578947368421
26182,0,0,0.3956901506994883,0,-0.5658586023770735,0,0.07979695431472081
22315,0,0,0.06553005334888523,0,-1.0410229722918352,0,0.12232204561161023
29073,0,0,0.14206263771080052,0,-1.236502030009309,0,0.05655655655655656
23685,0,0,0.0,0,-1.075645337207741,0,0.024745762711864405
3894,0,0,0.27591835965190775,0,-1.0658174277280361,0,0.05655655655655656
16902,1,0,0.14090956019642162,0,-0.8628717364230256,0,0.07979695431472081
10262,0,0,0.0,0,-1.5525772024198827,0,0.024745762711864405
4089,1,0,0.11823719786260442,0,-1.1695125466434728,0,0.024745762711864405
31131,0,0,0.0,0,-1.94612786480839,0,0.07979695431472081
9320,0,0,0.0,0,-1.0954263777027968,0,0.024745762711864405
2486,0,0,0.06229323968387361,0,-1.0693330213905878,0,0.1031578947368421
12943,0,0,0.0,0,-1.0958328208364012,0,0.024745762711864405
14107,0,0,0.12947441663586734,0,-0.8337413686188306,0,0.049344978165938864
8543,0,0,0.12837766333563405,0,-1.0840418083662373,0,0.05655655655655656
29666,0,0,0.20197207565595043,0,-0.652996621952753,0,0.024745762711864405
15402,0,0,0.30239547628282315,0,-1.0038908465886371,0,0.049344978165938864
18386,0,1,0.546717626556968,0,-0.07605265218593121,0,0.07979695431472081
18674,1,1,0.6152165315101338,1,1.3055272542671494,1,1.0
32194,0,0,0.13291579995850805,0,-0.8261714405233902,0,0.16833333333333333
1569,0,0,0.1441971169919171,0,-1.159513961980911,0,0.12232204561161023
27080,0,0,0.0,0,-1.640390363728085,0,0.0
31528,0,0,0.059084646959863624,0,-1.2109562171222563,0,0.007952286282306162
28147,1,0,0.08832658796358536,0,-1.0446245250247912,0,0.05655655655655656
32143,0,0,0.1455203024740431,0,-1.0143212751618678,0,0.049344978165938864
24198,0,0,0.06804939492057624,0,-1.3737287374490568,0,0.16833333333333333
2529,0,0,0.12385378807867359,0,-1.0363042589755185,0,0.12232204561161023
1440,0,0,0.11254826880771696,0,-0.9293291490018127,0,0.0
18330,0,0,0.3442984106359385,1,0.10686424589472626,0,0.02127659574468085
9291,0,0,0.05410493050900874,0,-3.576813794075403,0,0.0
30091,0,0,0.26153207107324306,0,-1.4059611071535048,0,0.1031578947368421
18153,1,1,0.5902562334530729,1,1.2551188596199359,1,1.0
14543,0,0,0.11091166262460998,0,-1.1221630361698023,0,0.049344978165938864
6144,0,0,0.16551895917607767,0,-0.72033500874327,0,0.12232204561161023
16847,0,0,0.0,0,-1.6437373654984424,0,0.07979695431472081
20982,0,0,0.0,0,-1.1531266015411363,0,0.07979695431472081
31112,0,0,0.0,0,-1.4960633311964326,0,0.024745762711864405
30115,1,0,0.25842861495478975,0,-0.9303353731517243,0,0.07979695431472081
7146,1,0,0.44008642451580227,0,-0.7114260546205076,0,0.16833333333333333
28343,0,0,0.1357266063684039,0,-1.4175722897511487,0,0.049344978165938864
25399,0,0,0.0,0,-2.1934683172231093,0,0.07979695431472081
8934,0,0,0.1513092953678216,0,-1.5567928456039173,0,0.05655655655655656
9624,0,0,0.0,0,-1.6687390334226673,0,0.05655655655655656
24840,0,0,0.1294161367935884,0,-1.0865164206990041,0,0.024745762711864405
17118,0,0,0.11841946057604291,0,-1.1645300708777104,0,0.1524008350730689
11788,1,1,0.8672770259950714,1,1.0534727512204232,0,0.5
15026,0,0,0.19407371035550075,0,-0.9914329627559051,0,0.12232204561161023
31012,0,0,0.06583397264640976,0,-2.6514753250990837,0,0.07979695431472081
2610,0,0,0.07099813495555533,0,-1.1385135024817337,0,0.07979695431472081
23337,0,0,0.4054870795618439,0,-1.3745737153110567,0,0.18
28969,1,1,1.0,1,8.974145912758768,1,1.0
22104,0,0,0.3497077013812478,1,0.08536763543500464,0,0.23655913978494625
10652,0,0,0.0,0,-1.2355487087670678,0,0.07979695431472081
28141,0,0,0.0713399582611444,0,-1.0412927003690138,0,0.07979695431472081
11863,0,0,0.056720823567940934,0,-1.1737912748206913,0,0.007952286282306162
16410,0,0,0.05901176516957707,0,-1.6762763384219475,0,0.07979695431472081
23290,0,0,0.0,0,-1.0114742523309532,0,0.024745762711864405
25895,0,0,0.0,0,-2.1030728997082875,0,0.0
2537,0,0,0.0738512475916705,0,-1.1548957331355325,0,0.12232204561161023
13582,1,1,0.6081282879488588,1,0.3705494534285098,1,1.0
20088,1,0,0.13569790473936336,0,-0.6713802763812864,1,1.0
18869,0,0,0.11595096263889777,0,-1.067949963812068,0,0.09210526315789473
32580,0,0,0.11550765377533731,0,-1.6125862586889355,0,0.07979695431472081
26451,0,0,0.11853090493840246,0,-1.5033958885032095,0,0.024745762711864405
3126,1,1,1.0,1,1.6391549243942363,1,1.0
5948,0,0,0.0,0,-1.0293550948331087,0,0.05655655655655656
30498,0,0,0.07110345165911362,0,-1.8164775519349958,0,0.05655655655655656
20173,0,0,0.0,0,-1.1444159156424063,0,0.07979695431472081
563,0,0,0.11738454665266045,0,-1.5520424713035803,0,0.024745762711864405
12277,1,1,0.558408123801741,1,0.3709161815370831,1,1.0
7676,0,0,0.13316625446857105,0,-3.063110973868635,0,0.16833333333333333
17481,0,0,0.0,0,-2.1761890903943164,0,0.049344978165938864
21607,0,0,0.0,0,-1.4255362066791943,0,0.07979695431472081
2309,0,0,0.12235089422701693,0,-0.9562156070470451,0,0.02127659574468085
30613,0,0,0.0,0,-1.5786195320238097,0,0.024745762711864405
26443,0,0,0.06137957090572143,0,-2.343884447796691,0,0.07979695431472081
28663,0,0,0.13314769081609518,0,-1.2727554216330348,0,0.1031578947368421
32492,0,0,0.0,0,-1.4711970618989714,0,0.024745762711864405
9363,0,0,0.0,0,-2.2550511232265626,0,0.024745762711864405
8040,0,0,0.07173092801868036,0,-1.4521544239426236,0,0.05655655655655656
18287,0,0,0.28924294689712177,0,-1.316033926700443,0,0.007952286282306162
15058,0,0,0.14099464334050463,0,-0.9373059765339056,0,0.1724137931034483
8471,0,0,0.059991087747137094,0,-1.010423976731797,0,0.05655655655655656
30263,0,0,0.11284634990393068,0,-1.231150395477607,0,0.16833333333333333
1774,0,0,0.13007730177456714,0,-0.9862250171642475,0,0.2857142857142857
25733,0,0,0.0,0,-1.0458614741509855,0,0.024745762711864405
18017,0,0,0.43442564506231673,0,-0.044507216136560446,0,0.1524008350730689
11601,0,0,0.0,0,-1.6824689080891866,0,0.024745762711864405
14428,1,1,1.0,1,8.466800682548836,1,1.0
31135,0,0,0.0,0,-1.5262348687943308,0,0.07979695431472081
7371,0,0,0.13153250789849663,0,-1.0222646515117815,0,0.05655655655655656
23923,0,0,0.06999593150416128,0,-1.018602197020369,0,0.024745762711864405
15307,0,0,0.22884352070703254,0,-1.049617683792587,0,0.07979695431472081
20914,0,0,0.49132891070150414,0,-0.3119500524824769,0,0.1524008350730689
5578,0,0,0.0,0,-1.1529919386262208,0,0.024745762711864405
20838,0,0,0.12766777302906687,0,-1.0786077879609384,0,0.07979695431472081
411,1,1,1.0,1,7.86663660969193,1,1.0
26711,1,1,1.0,1,1.7546990269637082,1,0.9941860465116279
2112,0,0,0.3446152836867726,0,-1.0735361477315113,0,0.0
15749,1,1,0.9484257111277399,1,1.5185492297856176,1,1.0
21030,0,0,0.0,0,-1.9535895082116803,0,0.07979695431472081
18968,0,0,0.46271395244398567,0,-1.073403187431984,0,0.1524008350730689
21810,0,0,0.19434025431472216,0,-3.696156834707279,0,0.0
8827,0,0,0.0,0,-1.811599160338388,0,0.07979695431472081
22347,0,0,0.035294104965894975,0,-1.2328540856095898,0,0.07979695431472081
10507,1,0,0.38568815132355616,0,-0.436480757907536,0,0.42424242424242425
20485,1,1,0.7459094398951308,1,1.0473563159910682,1,1.0
16928,1,1,0.908663490387903,1,1.1992708666962923,1,0.9941860465116279
4792,0,0,0.059948656307191005,0,-1.2900122603740465,0,0.12232204561161023
21140,0,0,0.06584916936456393,0,-1.5559806550146054,0,0.1524008350730689
16439,0,0,0.0,0,-2.3988750175934843,0,0.0
27670,0,0,0.05846052988186019,0,-1.3779814256768201,0,0.07979695431472081
5621,0,0,0.059453739338902446,0,-1.2330978812848008,0,0.007952286282306162
17367,1,0,0.22506226505109267,0,-1.0536071712644342,0,0.12232204561161023
32431,1,0,0.1429691871858263,0,-1.2324836156137877,0,0.1031578947368421
15053,1,0,0.3023956113707203,0,-1.0097438600680806,0,0.12232204561161023
20598,0,0,0.0,0,-1.0711164715206003,0,0.024745762711864405
14600,0,0,0.0,0,-1.6531197310556107,0,0.007952286282306162
23383,0,0,0.10763185983024094,0,-1.2003735781288043,0,0.1031578947368421
13791,0,0,0.08915120801109608,0,-1.4823504497840703,0,0.007952286282306162
10839,0,0,0.0,0,-1.0089467069236409,0,0.07979695431472081
32302,1,1,0.6848559984703962,1,1.07146647554238,1,1.0
29324,0,0,0.37769506887806026,0,-0.09754285620434716,0,0.07979695431472081
5383,0,0,0.0,0,-2.4640447020436476,0,0.07979695431472081
12573,0,0,0.04640191316367031,0,-1.6425303213344993,0,0.07979695431472081
11448,0,0,0.0,0,-3.0280124024667683,0,0.0
13521,0,0,0.0,0,-0.9460298613687272,0,0.0
30732,0,0,0.49180957621096605,0,-0.6601398392394717,0,0.12232204561161023
32016,0,0,0.0,0,-1.3179739876709917,0,0.024745762711864405
18235,0,0,0.47768095240344094,0,-1.209786181694283,0,0.1724137931034483
25485,0,0,0.0,0,-5.358479560830409,0,0.0
1976,0,0,0.06231650395411967,0,-1.237191247798077,0,0.05655655655655656
21643,0,0,0.0,0,-1.1505029533850761,0,0.07979695431472081
3001,0,0,0.0,0,-1.425611945329843,0,0.0
8044,0,0,0.05163405197522057,0,-1.2910043669866833,0,0.07979695431472081
12686,0,0,0.2671870014440658,0,-1.855965455405142,0,0.16833333333333333
17872,1,0,0.21666552887719673,0,-0.37270863238843704,0,0.1524008350730689
171,1,1,1.0,1,4.779003873476559,1,1.0
16176,0,0,0.12362172422980175,0,-1.613124858592931,0,0.07979695431472081
21653,0,0,0.0,0,-1.4717495148071167,0,0.05655655655655656
9327,1,1,1.0,1,1.333202820882262,1,1.0
30760,0,0,0.4261085847573119,1,0.1381572515228187,0,0.12232204561161023
16267,0,0,0.0,0,-1.4449037222711305,0,0.0
30141,0,0,0.0,0,-1.2512880888302798,0,0.024745762711864405
7343,1,1,0.8389322311308713,1,1.2359437581303778,1,0.8095238095238095
10599,0,0,0.09124311849335305,0,-1.4660758427954828,0,0.07979695431472081
26611,0,0,0.1892623217677713,0,-1.1565883426148351,0,0.049344978165938864
8946,0,0,0.05447841536168479,0,-2.9427951259772724,0,0.024745762711864405
29705,0,0,0.0,0,-1.6144182346407683,0,0.1031578947368421
26294,0,0,0.10309962784618805,0,-1.9667572975047052,0,0.16833333333333333
16671,1,0,0.10117051013765772,0,-1.1066281588915856,0,0.07979695431472081
30448,0,0,0.0,0,-1.2195394181497865,0,0.05655655655655656
11306,0,0,0.14265808260202567,0,-1.0555666960971888,0,0.07979695431472081
25971,0,0,0.0,0,-2.3992216283826715,0,0.007952286282306162
28092,0,0,0.2987200935239186,0,-0.7845840077711062,0,0.46551724137931033
27189,0,0,0.4629034707229103,0,-0.8426919829127393,0,0.07979695431472081
1773,0,1,0.5153386466258564,0,-1.186252295840589,0,0.27058823529411763
7876,1,1,0.9448204232960836,1,1.110909339831418,1,1.0
12638,0,0,0.0,0,-1.0374866622934964,0,0.12232204561161023
4551,0,0,0.0,0,-2.220973050172422,0,0.0
5473,0,0,0.15450539346905232,0,-1.1425510782697248,0,0.05655655655655656
4744,0,0,0.0,0,-3.9119353410637356,0,0.0
5050,0,0,0.22605345488929285,0,-1.0763721841220277,0,0.07979695431472081
1946,0,0,0.0,0,-1.0645982245914387,0,0.12232204561161023
21609,0,0,0.0,0,-1.388918701272419,0,0.07979695431472081
23505,0,0,0.1191519319514538,0,-1.2851726302392952,0,0.16833333333333333
19313,0,0,0.0800952201111557,0,-1.1309897917167664,0,0.12232204561161023
25144,1,0,0.3170036803582628,1,0.18410889949168446,1,1.0
3431,0,0,0.3956250052549671,0,-0.91405143001605,0,0.1524008350730689
16182,0,1,0.5132402883179369,0,-1.5765623957404156,0,0.1524008350730689
18618,0,0,0.0,0,-1.740042967361783,0,0.049344978165938864
8218,0,0,0.40009556933503126,0,-1.0083112814591535,0,0.12232204561161023
27326,0,0,0.0,0,-0.9935284071858852,0,0.049344978165938864
28407,0,0,0.38832013164408063,0,-1.9873621722659767,0,0.0
25625,0,0,0.0609680054363691,0,-1.4220721336895845,0,0.1524008350730689
12907,0,0,0.12104854134989355,0,-0.8866287664847694,0,0.049344978165938864
7808,0,0,0.0,0,-2.2783692731876024,0,0.0
6729,1,1,0.5545726799224371,1,0.5694086328992085,0,0.1524008350730689
26012,0,0,0.0,0,-1.7176906097598619,0,0.0
23953,0,0,0.2274780743669409,0,-0.9615587413383309,0,0.07979695431472081
18255,0,0,0.0710170021152959,0,-2.1171592817176843,0,0.0
13635,0,0,0.222226996669775,0,-0.9959306313844163,0,0.049344978165938864
16645,0,0,0.1683020470140824,0,-1.1320845940921336,0,0.049344978165938864
15574,0,0,0.0,0,-1.2231026758767896,0,0.049344978165938864
12267,0,0,0.0,0,-1.410408535527997,0,0.007952286282306162
16239,0,0,0.2474892602335065,0,-0.13690896530238444,0,0.17073170731707318
5471,0,0,0.19525968516065645,0,-1.010964616825861,0,0.07979695431472081
21644,0,0,0.0,0,-1.556609492854447,0,0.05655655655655656
4201,0,0,0.0,0,-1.2693221313728082,0,0.05655655655655656
10103,0,0,0.0,0,-1.536605831272026,0,0.0
32475,0,0,0.0,0,-1.4624863442413094,0,0.024745762711864405
32341,0,0,0.4843928982705369,1,1.1087799517542045,0,0.1524008350730689
25519,0,0,0.1247552334733891,0,-1.5717574251255444,0,0.049344978165938864
3989,0,0,0.0,0,-1.0921808834116833,0,0.07979695431472081
13551,0,0,0.0,0,-1.1094101530600584,0,0.049344978165938864
29051,0,0,0.0,0,-1.531306988034589,0,0.0
9834,0,0,0.0,0,-1.4915153610933893,0,0.07979695431472081
16134,0,0,0.0,0,-1.0431025543411787,0,0.07979695431472081
9933,0,0,0.04855971617761004,0,-1.0645621710337059,0,0.16833333333333333
9176,1,0,0.45287885819749374,1,0.9829174021744596,1,1.0
23747,0,0,0.22844004736816165,0,-1.3487301490014199,0,0.07979695431472081
22240,0,0,0.0742950383692187,0,-1.4948467725679755,0,0.07979695431472081
3820,0,0,0.05870079619194139,0,-1.3256388660384568,0,0.05655655655655656
3615,0,0,0.0,0,-1.8725236932419658,0,0.07979695431472081
30968,0,0,0.0,0,-2.4547731172496037,0,0.0
14560,0,0,0.0,0,-1.1884422822810186,0,0.024745762711864405
14353,1,1,0.7665388513241201,1,1.5784233575591395,1,1.0
9915,0,0,0.0,0,-1.633451617491638,0,0.05655655655655656
20970,0,0,0.25728980074008545,0,-1.1042188606574692,0,0.07979695431472081
5505,0,0,0.15688322719777295,0,-1.054829099772435,0,0.07979695431472081
774,0,0,0.2127400789188574,0,-1.4019395281766933,0,0.049344978165938864
6091,1,1,0.629066610747518,1,0.3809006895536971,1,1.0
94,1,1,0.8870517502021459,1,5.1931026744811515,1,1.0
29207,0,1,0.5427676344627664,1,0.5603086334094938,0,0.049344978165938864
14002,0,0,0.0,0,-1.0927903398313639,0,0.024745762711864405
6703,0,0,0.0,0,-1.9247731577369942,0,0.07979695431472081
25238,1,1,0.6254988089633613,1,1.2532483656484499,1,1.0
9511,0,0,0.41191972605894583,0,-0.9497336612432183,0,0.16833333333333333
11609,0,0,0.0,0,-1.639986778472164,0,0.07979695431472081
26882,1,0,0.06897498756099106,0,-0.8720018368388229,0,0.12232204561161023
17187,0,0,0.25187512284541347,0,-1.229395474958686,0,0.12232204561161023
2735,0,0,0.06640088562623772,0,-1.1666478159177052,0,0.36792452830188677
17961,0,0,0.07394673243501912,0,-1.245724894603915,0,0.049344978165938864
20560,0,0,0.05312254733679143,0,-1.3603073438031674,0,0.05655655655655656
2017,1,1,1.0,1,5.368708123234428,1,1.0
24383,0,0,0.05836297270739315,0,-1.2756812308533163,0,0.024745762711864405
16117,1,1,1.0,1,5.169127895322274,1,1.0
25307,0,0,0.1541369751228434,0,-1.1796230990625785,0,0.049344978165938864
4451,0,0,0.0,0,-1.2403247000737494,0,0.07979695431472081
22351,0,0,0.2931296646652468,0,-0.8097124825615825,0,0.07979695431472081
25928,0,0,0.11468178030002212,0,-2.5525869878355323,0,0.08928571428571429
17599,0,0,0.21905603822600989,0,-1.1871993478131313,0,0.12232204561161023
5316,0,0,0.0,0,-1.0405754340067506,0,0.05655655655655656
8808,0,0,0.16490614237106493,0,-1.5914359594573457,0,0.07979695431472081
28143,1,0,0.1200262644398494,0,-0.695667312247845,1,1.0
31085,0,0,0.19093635313009347,0,-0.7257171783409846,0,0.07979695431472081
1704,0,0,0.11641545610795519,0,-1.0071253363128254,0,0.12232204561161023
3015,1,0,0.277044273175812,0,-0.7385750875931034,0,0.27058823529411763
24466,0,0,0.06291851876638233,0,-1.0301117255319192,0,0.07979695431472081
31273,0,0,0.246512920146676,0,-0.8407902084413812,0,0.049344978165938864
14692,0,0,0.05428490597659257,0,-1.229851720545058,0,0.049344978165938864
3190,0,0,0.0,0,-1.1304700796798897,0,0.07979695431472081
31223,0,0,0.33423620990735664,0,-0.7191536482234246,0,0.049344978165938864
4255,0,0,0.058396572187001984,0,-3.364059882376537,0,0.16833333333333333
24999,0,0,0.32513756431970153,0,-0.4989411138380853,0,0.1031578947368421
11861,0,0,0.20569935237915857,0,-0.970699695615588,0,0.1031578947368421
26938,0,0,0.05001725668511987,0,-1.2957051206749615,0,0.049344978165938864
4382,0,0,0.13295639791033345,0,-1.3750521697096445,0,0.12232204561161023
22722,0,0,0.0,0,-1.2905944121271151,0,0.1031578947368421
9792,0,1,0.533352583993001,0,-0.11308909831675035,0,0.12232204561161023
11028,0,0,0.06417900447032995,0,-1.0784119572552566,0,0.07979695431472081
8180,0,0,0.07172602243854562,0,-1.121012168753983,0,0.05655655655655656
7984,1,1,0.8228675817175934,1,2.073135800102317,1,1.0
17749,0,0,0.07973739057549797,0,-1.0071870741421858,0,0.12232204561161023
8493,0,0,0.0,0,-1.6993220494207688,0,0.07979695431472081
25005,0,1,0.597197893216596,1,0.03530170211368172,0,0.1524008350730689
8513,1,0,0.0,0,-1.2664263842638377,0,0.36792452830188677
8824,0,0,0.0,0,-2.069142797145275,0,0.07979695431472081
27350,0,0,0.0677762907919758,0,-1.12719626698327,0,0.049344978165938864
14887,1,1,0.7010208237298764,1,1.7829841643983448,1,1.0
10143,0,0,0.0,0,-3.1771803138280856,0,0.07979695431472081
17,1,1,0.7656391585685101,1,2.2450207587599795,1,1.0
15674,0,0,0.0,0,-2.0986405949912648,0,0.049344978165938864
21755,1,0,0.3316136237713519,0,-1.126556928689097,0,0.07979695431472081
19667,0,0,0.20011220633823656,0,-1.2071612439548365,0,0.1524008350730689
14890,1,1,0.7441424990085627,1,2.3286053318358855,1,1.0
20755,0,0,0.11006316443324118,0,-1.275727893669456,0,0.07979695431472081
17293,0,0,0.06001651994895989,0,-1.169969124672791,0,0.05655655655655656
26426,0,0,0.0,0,-1.1462631366870757,0,0.049344978165938864
31870,0,0,0.336502083513516,0,-1.0804584786829765,0,0.1524008350730689
28353,1,1,0.9286213977378157,1,1.6370968001331438,1,1.0
14250,0,0,0.11225861560602593,0,-1.3692521697229596,0,0.07979695431472081
8529,0,0,0.0,0,-1.420617352443849,0,0.05655655655655656
31259,0,0,0.0,0,-2.3425940337811664,0,0.007952286282306162
24004,0,0,0.23890324593768564,0,-0.9397715015576567,0,0.1031578947368421
32516,0,0,0.12173052727822761,0,-0.3678125774476035,0,0.12232204561161023
17562,0,0,0.057057514940927416,0,-1.1873566551848664,0,0.12232204561161023
5138,0,0,0.07063830362449047,0,-1.5167182372342278,0,0.07979695431472081
15626,0,0,0.0,0,-2.204290554494818,0,0.007952286282306162
468,1,1,1.0,1,5.589700450862324,1,1.0
5057,1,0,0.24565701136081558,0,-0.5454478041140376,0,0.16833333333333333
12358,0,0,0.398901814317112,0,-0.38076344424203085,0,0.0
27605,0,0,0.13700078052502426,0,-1.181949971308407,0,0.049344978165938864
8021,0,0,0.37598971777865176,0,-1.4397467845457323,0,0.07979695431472081
18883,0,0,0.4540477086257639,0,-0.3773406401231631,0,0.1524008350730689
21446,0,0,0.10626884851140105,0,-1.3919155528914904,0,0.12232204561161023
4770,1,0,0.07251505835985843,0,-1.2323063725050045,0,0.02127659574468085
2126,0,0,0.1663375831361282,0,-0.8760246335343005,0,0.12232204561161023
27961,0,0,0.12050857966651138,0,-2.3545487279816597,0,0.0
14648,1,1,1.0,1,8.963798180361543,1,1.0
26431,0,0,0.10247688833666813,0,-1.7732020708454832,0,0.02127659574468085
22513,1,0,0.06051323977368689,0,-1.5526145070392812,0,0.07979695431472081
31428,0,0,0.266473097574421,0,-0.9020670612409565,0,0.07979695431472081
31982,0,0,0.0633705435503324,0,-1.2736571535791803,0,0.05655655655655656
23466,0,0,0.05022944187852953,0,-1.0457741297134873,0,0.07979695431472081
29362,1,1,0.6059183291034526,1,3.263006706937588,1,1.0
21808,0,0,0.058561017190344615,0,-1.289482955749607,0,0.024745762711864405
8885,0,0,0.21373982084175203,0,-1.0342510823073519,0,0.07979695431472081
25199,0,0,0.3869180657089111,0,-1.0178713637088646,0,0.07979695431472081
28003,0,0,0.14470367331844677,0,-1.0928272768149614,0,0.16833333333333333
25910,0,0,0.0,0,-1.8120991267325812,0,0.0
23452,0,0,0.07617655876713851,0,-1.2393994786017422,0,0.23655913978494625
4179,0,0,0.11457962072793741,0,-1.0913035560592945,0,0.07979695431472081
21247,0,0,0.11904251403259324,0,-1.3427290684420423,0,0.07979695431472081
18429,0,0,0.2699831923947812,0,-0.7312405306444425,0,0.0
26815,0,0,0.05849701028154142,0,-0.8856473459246168,0,0.049344978165938864
12958,0,0,0.0,0,-2.135775269353436,0,0.0
22702,0,0,0.0,0,-1.24632683965917,0,0.07979695431472081
2787,1,0,0.0,0,-1.8304274349940908,0,0.05655655655655656
17188,1,1,1.0,1,4.335291443044801,1,1.0
24612,0,0,0.3978286736429294,0,-1.6466464366734619,0,0.1524008350730689
30489,0,0,0.0,0,-1.274824583616599,0,0.07979695431472081
11869,1,1,1.0,1,1.4896707984703492,1,1.0
13503,0,0,0.0,0,-1.8757722141585655,0,0.0
23494,0,0,0.06387226093476905,0,-1.1994966611904938,0,0.07979695431472081
19056,0,0,0.05302708527580617,0,-1.4580000560833528,0,0.049344978165938864
24172,0,0,0.0,0,-1.2690092404894955,0,0.024745762711864405
26180,0,0,0.15476874045890138,0,-1.3157998462355354,0,0.049344978165938864
22574,0,0,0.06450200190156892,0,-1.6240500652509426,0,0.05655655655655656
15766,0,0,0.0,0,-1.3527543052206457,0,0.049344978165938864
10806,0,0,0.0,0,-1.0095259525106672,0,0.024745762711864405
20622,0,0,0.0,0,-1.896798368358826,0,0.07979695431472081
32226,0,0,0.1239436249610644,0,-1.4516189238299853,0,0.049344978165938864
22284,0,0,0.0,0,-2.1287378464764024,0,0.007952286282306162
19539,0,0,0.19251818431406714,0,-0.9842151754038726,0,0.08928571428571429
30485,0,0,0.0,0,-1.794129351623765,0,0.05655655655655656
21007,0,0,0.3759445641352925,0,-0.08135733306950671,0,0.12232204561161023
8162,0,0,0.11759925822424552,0,-1.548606040709302,0,0.07979695431472081
9866,0,0,0.05455856198921325,0,-1.11318190921999,0,0.024745762711864405
14199,0,0,0.05435728297459821,0,-1.0396481370316115,0,0.024745762711864405
25636,0,0,0.16491944600641872,0,-1.1029214983930684,0,0.1524008350730689
22960,0,0,0.38200627612950283,0,-0.8942394977233041,0,0.07979695431472081
5510,0,0,0.10103476545472526,0,-1.9762313067052286,0,0.1524008350730689
13474,0,0,0.2081571302045795,0,-1.0193714974609591,0,0.049344978165938864
32161,1,1,0.5838909088571298,1,0.10984723669544444,1,1.0
29790,0,0,0.05971813672134037,0,-0.9093092719386711,0,0.12232204561161023
26462,0,0,0.06539242233919461,0,-1.0495013443496028,0,0.049344978165938864
1844,1,0,0.1374691556936906,0,-1.0863751417137997,0,0.12232204561161023
30511,0,0,0.0,0,-1.231284882281383,0,0.07979695431472081
4655,0,0,0.0,0,-2.517337899715655,0,0.0
11183,0,0,0.0,0,-1.9544489697425012,0,0.05655655655655656
31473,0,0,0.10862441368257418,0,-1.165885882010837,0,0.07979695431472081
28591,0,0,0.04821539858706447,0,-1.1058426505036794,0,0.07979695431472081
26020,0,0,0.0,0,-1.1825845768972567,0,0.024745762711864405
31611,0,0,0.0,0,-1.7130603962516364,0,0.024745762711864405
8474,1,0,0.0,0,-1.517413829637299,0,0.1524008350730689
22955,0,0,0.06989409920548577,0,-1.3583016124851701,0,0.07979695431472081
16119,0,0,0.0,0,-1.0455227569742815,0,0.07979695431472081
16411,1,1,0.6047358886435843,1,1.6890931672789302,1,0.8
7904,0,0,0.0,0,-1.1643698814689865,0,0.05655655655655656
5926,0,0,0.29843364492029484,0,-0.838584900959845,0,0.12232204561161023
26999,0,0,0.0,0,-1.6568238451004995,0,0.049344978165938864
19818,0,0,0.1361926684082403,0,-1.2637026496974313,0,0.02127659574468085
9046,0,0,0.06425197877077735,0,-1.1949082145826013,0,0.05655655655655656
20972,1,1,0.7946338539000171,1,0.31777287452381003,0,0.1524008350730689
20410,0,0,0.0,0,-2.02109913512624,0,0.0
8617,1,1,0.9422618963469819,1,4.250553358393147,1,1.0
10704,0,0,0.051010834510614965,0,-1.1403707884691539,0,0.07979695431472081
17194,0,0,0.0,0,-1.1957497473496712,0,0.024745762711864405
27208,0,0,0.05308094391111526,0,-1.0517830304199842,0,0.024745762711864405
14818,0,0,0.12310405479960132,0,-1.0603111409757604,0,0.049344978165938864
17014,1,1,0.73588573462888,1,2.129537202207899,1,1.0
14027,0,0,0.16346926789709715,0,-1.67178518944614,0,0.07979695431472081
32550,0,0,0.0,0,-1.6391844499831412,0,0.07979695431472081
18281,1,1,0.5528293710341999,1,0.48619032248557087,1,1.0
13430,0,0,0.14008577530701966,0,-1.0689227905425347,0,0.024745762711864405
28109,0,0,0.08371733632608004,0,-0.9546967534562452,0,0.024745762711864405
3052,1,1,0.8082285136495194,1,0.20204343970163968,0,0.46551724137931033
3765,0,0,0.0,0,-1.0553626103128542,0,0.12232204561161023
5721,0,0,0.14023349633393414,0,-1.0481923559805344,0,0.07979695431472081
21854,0,0,0.12334786059074944,0,-1.2238486183846233,0,0.024745762711864405
13015,0,0,0.05594616797867144,0,-1.0262013194976434,0,0.049344978165938864
25937,0,0,0.05339896995199907,0,-1.4338649980520048,0,0.049344978165938864
29106,1,0,0.232804915997535,0,-1.1073329807202312,0,0.1524008350730689
24957,0,0,0.1956057595794994,0,-0.6969343845709541,0,0.36363636363636365
8661,0,0,0.0,0,-1.2498896956738008,0,0.1031578947368421
2628,1,0,0.3257483692750752,0,-0.4486578910803473,0,0.1031578947368421
3407,0,0,0.05749745201735564,0,-1.2459082667909889,0,0.024745762711864405
4244,0,0,0.0,0,-1.8628487028269691,0,0.0
354,1,1,0.5547022461029224,1,1.3322878967090819,1,1.0
6573,0,0,0.1264894718522857,0,-1.4117284941215769,0,0.07979695431472081
13915,1,0,0.11404178589798375,0,-1.0766055966547008,0,0.049344978165938864
10082,1,1,0.8777790803087504,1,1.510181863514717,1,1.0
10919,0,0,0.0,0,-2.945648381105526,0,0.024745762711864405
15216,0,0,0.1956487783678807,0,-1.4715578068345663,0,0.049344978165938864
21641,0,0,0.18605817072104128,0,-1.010539026322538,0,0.07979695431472081
23672,0,0,0.0,0,-1.2491092809801017,0,0.024745762711864405
18221,0,0,0.06031195408502316,0,-2.049344138621373,0,0.1524008350730689
25749,0,0,0.0,0,-1.1306750853542549,0,0.07979695431472081
16685,0,0,0.19426324117284682,0,-1.1335371354921873,0,0.19480519480519481
10718,0,0,0.06666944788533015,0,-1.2077038043877073,0,0.07979695431472081
30419,0,0,0.05339810892326328,0,-1.2591573687620499,0,0.05655655655655656
21460,0,0,0.0646119229731246,0,-1.029546732198935,0,0.05655655655655656
26680,0,0,0.0,0,-1.8398564905660857,0,0.007952286282306162
3546,1,0,0.22547197632149918,0,-0.6396926390613502,0,0.07979695431472081
31020,0,0,0.14592621139069575,0,-0.5019371627701725,0,0.07979695431472081
9499,1,0,0.18058359720106218,0,-1.521686641653315,0,0.049344978165938864
7370,0,0,0.0,0,-1.2419535605936711,0,0.049344978165938864
19231,1,1,0.9360453938352933,1,8.59625732577679,1,1.0
1375,0,0,0.10755874803925418,0,-1.273741167227794,0,0.07979695431472081
8171,0,0,0.1888169635118755,0,-1.4350942351620417,0,0.12232204561161023
20926,0,0,0.20491643799430773,0,-1.1541989918996651,0,0.1524008350730689
23926,0,0,0.0,0,-1.8804727448849827,0,0.0
19394,0,0,0.0,0,-1.526477557695956,0,0.02127659574468085
21096,0,0,0.24408731078157653,0,-0.9124015290422594,0,0.024745762711864405
3337,0,0,0.06396723315001433,0,-2.377197637344329,0,0.05655655655655656
24901,1,0,0.25736480294551817,1,0.44034481305807033,1,1.0
20188,1,1,0.5789984428047552,1,0.3234404045038715,1,1.0
18086,0,0,0.06829343647489944,0,-1.0637915432371234,0,0.049344978165938864
32077,0,0,0.0,0,-1.4495707851359763,0,0.05655655655655656
695,1,1,0.9378461227862483,1,1.6768795450296616,1,1.0
1544,0,0,0.0,0,-1.3378229605633454,0,0.024745762711864405
26534,0,0,0.0,0,-1.4094373180743693,0,0.024745762711864405
20486,0,0,0.47803890969824486,1,0.1409539900690438,0,0.18
15685,0,0,0.0,0,-1.3149071039825446,0,0.049344978165938864
20772,0,0,0.06451013667797365,0,-1.2003666192073066,0,0.07979695431472081
11951,0,0,0.30157160602602656,0,-1.2203837779217603,0,0.16833333333333333
21269,0,0,0.12484159049993802,0,-1.2099185236305146,0,0.1031578947368421
3381,1,0,0.3013187493682129,0,-0.3028186597777424,0,0.16901408450704225
1928,0,0,0.1136169199356179,0,-1.1742337843493549,0,0.07979695431472081
12470,0,0,0.11910001706490893,0,-0.9859450679687927,0,0.07979695431472081
340,0,0,0.0,0,-2.530037951754815,0,0.049344978165938864
9281,0,0,0.32029277987171584,0,-1.1605023639626397,0,0.07979695431472081
2233,0,0,0.0,0,-1.185614586176916,0,0.12232204561161023
9035,0,0,0.0,0,-3.654875196624782,0,0.07979695431472081
13057,0,0,0.0,0,-1.1290610189692032,0,0.024745762711864405
28067,0,0,0.15281642455796088,0,-1.2903040987372165,0,0.07979695431472081
28857,1,1,0.8679092335888687,1,1.1154614920833743,1,0.8461538461538461
2235,0,0,0.0,0,-2.8022205734259695,0,0.0
9036,1,1,1.0,1,1.0159683688543852,1,1.0
26659,0,0,0.0,0,-2.314503633985017,0,0.0
3392,0,0,0.18768063753524175,0,-1.014426311487583,0,0.07979695431472081
31775,1,0,0.24678591636382757,0,-0.8900718662886966,0,0.049344978165938864
20098,0,0,0.39652952612076703,0,-0.4741935146040496,0,0.12232204561161023
25076,0,0,0.12309639338849926,0,-1.2538236790494124,0,0.049344978165938864
7969,1,1,1.0,1,1.366310886798729,1,0.9941860465116279
7569,0,0,0.0,0,-2.1435761378591396,0,0.0
4839,0,0,0.12199112521809705,0,-1.2176560689498068,0,0.07979695431472081
30519,0,0,0.0,0,-1.4172957165348334,0,0.07979695431472081
14854,0,0,0.05693420944362539,0,-1.119282948584582,0,0.1524008350730689
17694,0,0,0.37144018287373565,0,-0.8176373818399383,0,0.02127659574468085
16322,1,1,0.9469824905050265,1,2.651652902931131,1,1.0
13632,0,0,0.17556159005903932,0,-1.0145195443537438,0,0.07979695431472081
24056,0,0,0.0,0,-1.1597766956606912,0,0.024745762711864405
26432,1,1,0.6170893259060136,0,-0.13614193493174692,0,0.0
4286,1,0,0.0,0,-1.355483635165781,0,0.36792452830188677
26731,0,0,0.06111947726939434,0,-1.1385721209714874,0,0.024745762711864405
8034,0,0,0.0,0,-2.0442924871445727,0,0.07979695431472081
10696,0,0,0.1992300532881448,0,-1.3575108492513122,0,0.05655655655655656
1643,0,0,0.06101812018533516,0,-1.1201269817116355,0,0.07979695431472081
1265,1,1,0.803260379275667,1,0.8285227420422006,1,1.0
18369,1,0,0.2937063634831053,0,-0.0024029757387687423,1,1.0
10490,1,1,0.6483277034285908,1,0.8595052100494478,1,1.0
9440,0,0,0.18755725126704711,0,-0.9603725290939564,0,0.16833333333333333
6751,1,0,0.17340303569671794,0,-0.8774260034089045,0,0.23655913978494625
2110,0,1,0.5455984876207521,1,0.2862048408364409,0,0.46551724137931033
20289,0,0,0.0,0,-1.112423664604545,0,0.07979695431472081
4835,0,0,0.13026409588644197,0,-1.1774647708479369,0,0.23655913978494625
22445,0,0,0.25231850083062013,0,-1.3140005592653132,0,0.1524008350730689
29045,0,0,0.06493133350163027,0,-1.7538968444419631,0,0.07979695431472081
1282,1,1,1.0,1,3.123218529072482,1,1.0
32039,0,0,0.13608357206562044,0,-0.8245638781387079,0,0.049344978165938864
25510,1,1,0.6582821965805267,1,0.3826402757635022,1,1.0
33,0,0,0.12857679967568658,0,-1.2502050139802579,0,0.049344978165938864
25461,0,0,0.0,0,-1.7057926264756618,0,0.024745762711864405
8736,0,0,0.4122541406206763,0,-0.6010541612926434,0,0.16833333333333333
10292,1,0,0.07118167020067838,0,-1.4918035984421283,0,0.024745762711864405
30368,0,0,0.14203928381508626,0,-1.2998245522060763,0,0.1031578947368421
2552,1,0,0.05266097506611971,0,-1.0737886099604543,0,0.12232204561161023
10096,1,1,0.8892394608211952,1,2.3334637918035708,1,1.0
19529,0,1,0.7208405238522079,0,-0.13144277603176374,0,0.42424242424242425
3438,0,0,0.0,0,-1.7007094060417125,0,0.07979695431472081
322,0,0,0.05800958990028427,0,-2.3720695425740606,0,0.049344978165938864
28717,1,0,0.24956931900866403,0,-0.9327938997929663,0,0.1524008350730689
3547,1,0,0.20268928961564633,0,-1.3783641118036885,0,0.18
23767,0,0,0.0636154378538471,0,-1.1133670495952388,0,0.07979695431472081
1004,1,1,0.9363813909963553,1,3.2457759815380736,1,1.0
4548,0,0,0.15104709723149554,0,-1.023855013851341,0,0.07979695431472081
18623,0,0,0.0,0,-2.8538018183005707,0,0.0
2638,0,0,0.06525789812563296,0,-1.1285576822881689,0,0.05655655655655656
30809,0,0,0.051563718013189264,0,-1.7543900663847953,0,0.024745762711864405
6495,0,0,0.0,0,-1.9411637493084402,0,0.07979695431472081
18652,0,0,0.33981018240637445,0,-0.6843618850385405,0,0.1524008350730689
28764,0,0,0.0,0,-0.9482430873688672,0,0.07979695431472081
29218,1,0,0.2627092417594648,1,0.30886453591844215,1,1.0
16930,0,0,0.0,0,-1.0543677553459194,0,0.05655655655655656
2633,0,0,0.22693585019970372,0,-2.2585501739345397,0,0.0
20046,0,0,0.06834362346826045,0,-0.9603627339560092,0,0.05655655655655656
30339,0,0,0.0586881334562853,0,-1.4649153596497095,0,0.024745762711864405
6572,0,0,0.06100920470720924,0,-1.099775180307566,0,0.05655655655655656
29048,0,0,0.0,0,-3.8037790114048264,0,0.1524008350730689
10491,1,1,0.6864641604273104,1,1.0905469562494432,1,1.0
7226,0,0,0.0,0,-1.0296420699665183,0,0.049344978165938864
7298,0,0,0.06648828413604435,0,-1.5510172325877019,0,0.02127659574468085
26791,1,1,1.0,1,3.702192079651939,1,1.0
20178,0,0,0.0,0,-1.1377682168267604,0,0.07979695431472081
9921,0,0,0.06341519076556919,0,-1.0587483025476392,0,0.07979695431472081
17807,1,1,0.8010903060770889,1,2.045424732821845,1,1.0
30646,0,0,0.0,0,-1.7314682885554458,0,0.16833333333333333
23403,0,0,0.10465179225465249,0,-1.9737767012552276,0,0.049344978165938864
32313,1,1,0.678182146666326,0,-0.24553256772988924,1,1.0
29907,0,0,0.0,0,-0.9936282861129715,0,0.024745762711864405
17062,0,0,0.3738682131629931,0,-1.2115872636316485,0,0.07979695431472081
29801,0,0,0.2991188534221539,0,-0.6059959488341633,0,0.12232204561161023
18316,1,1,0.9220396815955969,1,7.370185633673552,1,1.0
13923,1,1,0.9137688432977544,1,1.1589695421048045,1,1.0
16668,1,1,0.9395094972583701,1,1.9861061221344556,1,1.0
24572,1,0,0.3071812529163989,0,-0.9250744547235719,0,0.1724137931034483
32514,0,0,0.06412655326623508,0,-1.7050062251111204,0,0.049344978165938864
21388,0,0,0.053709969538485544,0,-1.0837932043244076,0,0.07979695431472081
23566,1,1,0.7064736780909411,1,1.0341141119140267,1,1.0
30064,0,0,0.13171389086665578,0,-1.2124743162022464,0,0.23655913978494625
8618,0,0,0.144700469595279,0,-1.0626590776147022,0,0.07979695431472081
8833,0,0,0.09841945130402809,0,-1.0455066379344014,0,0.024745762711864405
5420,0,0,0.45230549462466246,0,-0.7124262488957691,0,0.16833333333333333
8819,1,1,0.8899704598112766,1,2.447349203437301,1,1.0
21334,0,0,0.1845314056078247,0,-1.2046538128847288,0,0.07979695431472081
16637,1,1,1.0,1,5.231209271001005,1,1.0
25051,0,0,0.0,0,-1.0085001385277725,0,0.024745762711864405
24195,0,0,0.0,0,-2.1617558308367046,0,0.07979695431472081
14712,1,1,0.7569679014630246,1,3.3216047754620677,1,1.0
23826,0,0,0.12243983320538496,0,-1.1453340044631166,0,0.16833333333333333
21065,0,0,0.07601969776971942,0,-1.310389454574337,0,0.05655655655655656
32459,0,0,0.0573463015289576,0,-1.204674188492505,0,0.07979695431472081
20668,0,0,0.0,0,-1.7958926497819867,0,0.02127659574468085
6106,0,0,0.1957990003633016,0,-1.0252090647686218,0,0.07979695431472081
19826,0,0,0.06138796612506288,0,-1.8123051769437364,0,0.0
30822,0,0,0.0,0,-1.0991125508579755,0,0.024745762711864405
19256,0,0,0.05991079458730393,0,-1.0172238500581463,0,0.12232204561161023
4268,0,0,0.0,0,-2.7161334847539775,0,0.07979695431472081
26946,0,0,0.0,0,-1.667791036053118,0,0.007952286282306162
15762,0,0,0.1614919687165849,0,-2.085394225062887,0,0.16833333333333333
15858,0,0,0.0,0,-2.82671145516756,0,0.007952286282306162
8384,0,0,0.12652564841795386,0,-0.9609433814486716,0,0.05655655655655656
9483,0,0,0.07395476651828072,0,-1.0258156568549508,0,0.049344978165938864
19943,0,1,0.6459619776938301,0,-0.2604766022034795,0,0.05655655655655656
6395,0,0,0.0,0,-0.9991224132588647,0,0.05655655655655656
26819,0,0,0.07844742440801988,0,-1.2277517981075852,0,0.024745762711864405
30803,0,0,0.31042944947338724,0,-1.1481263071410006,0,0.07979695431472081
31215,0,0,0.05242559960800777,0,-1.384169882061299,0,0.07979695431472081
20285,0,1,0.745477495618431,0,-0.3609607304176556,0,0.1524008350730689
22565,0,0,0.14888541807140154,0,-2.1863101880152325,0,0.049344978165938864
32122,0,0,0.22012848425344933,0,-0.9552541946901512,0,0.07979695431472081
15238,0,0,0.0,0,-1.2900678380548927,0,0.024745762711864405
554,0,0,0.1879950279709489,0,-1.2543077728570222,0,0.07979695431472081
4977,0,0,0.0,0,-1.114762834883643,0,0.05655655655655656
23618,0,0,0.0,0,-1.891284647908988,0,0.07979695431472081
31459,0,0,0.06474242857212019,0,-1.2635715693654543,0,0.16833333333333333
17824,1,1,0.7864618680564984,1,1.9497965001905557,1,1.0
7737,0,0,0.2644198665225844,0,-1.332617025033199,0,0.12232204561161023
14317,1,0,0.24773768223181203,0,-1.283153335759219,0,0.0
8901,0,0,0.07408802991334365,0,-1.605276084813234,0,0.07979695431472081
15543,0,0,0.0,0,-1.277658365243473,0,0.049344978165938864
31118,0,0,0.3992885905525496,0,-0.7733684007047077,0,0.1724137931034483
3410,0,0,0.17054497097981147,0,-1.2179526940100467,0,0.07979695431472081
31272,0,0,0.0,0,-1.7299300709427752,0,0.07979695431472081
11068,0,0,0.11252165812698407,0,-0.9753192171472445,0,0.07979695431472081
10421,1,1,0.6259459271595411,1,2.6548216737982515,1,1.0
16816,0,0,0.08712041203121594,0,-1.0723351015651907,0,0.049344978165938864
19130,0,0,0.1345572909159791,0,-1.0404377570676027,0,0.12232204561161023
6730,0,0,0.36025578936890035,0,-0.5338094386526171,0,0.16833333333333333
10594,0,0,0.07405832590724704,0,-0.8573672369642016,0,0.05655655655655656
20940,0,0,0.0,0,-1.0172308586677488,0,0.1031578947368421
21748,0,0,0.12343601410641726,0,-1.6515108301571308,0,0.1524008350730689
19659,0,0,0.046988183191542035,0,-1.062349067883095,0,0.07979695431472081
12875,0,0,0.0,0,-1.0563826655059185,0,0.024745762711864405
10775,0,0,0.0588789022164169,0,-1.3616549167197438,0,0.07979695431472081
26760,1,1,0.7985788040330666,1,3.4963448988522554,1,1.0
25277,0,0,0.08423721841951456,0,-1.0841530560650399,0,0.024745762711864405
13812,0,0,0.0,0,-0.9971567739610645,0,0.12232204561161023
16349,0,0,0.0,0,-1.0780152721222476,0,0.024745762711864405
20810,0,0,0.05718807416877188,0,-1.189497287693519,0,0.07979695431472081
18579,0,0,0.40722879889085856,0,-1.3584694676302678,0,0.1524008350730689
27514,1,1,0.8165131221232079,0,-0.17435146630917314,1,1.0
302,0,0,0.0,0,-1.9721470416759872,0,0.007952286282306162
3214,0,0,0.0,0,-1.0891798184396537,0,0.07979695431472081
7307,1,0,0.20608503212704665,0,-1.1177842997324148,0,0.1031578947368421
29010,0,0,0.18157941285612622,0,-1.060844320091052,0,0.12232204561161023
2981,0,0,0.19222112035296088,0,-0.9061399587268377,0,0.09210526315789473
22915,0,0,0.0,0,-3.131053601825111,0,0.024745762711864405
32578,1,1,0.765798097941179,1,1.036180846036074,1,1.0
11547,0,0,0.05164214399496891,0,-1.7100317962024998,0,0.07979695431472081
3682,1,0,0.29474382559573253,1,1.191834705014167,1,1.0
27023,0,1,0.5380734931907165,0,-0.1358358068186724,0,0.1524008350730689
3974,0,0,0.056216720612059345,0,-1.0781992184342277,0,0.05655655655655656
17029,0,0,0.33314894163378095,0,-0.768958417775591,0,0.1524008350730689
19475,0,0,0.20193089957133106,0,-0.5944911104670538,0,0.17073170731707318
32529,0,0,0.1069053014790777,0,-1.2585155423927525,0,0.049344978165938864
29545,0,0,0.2805567389764855,0,-0.538807386990142,0,0.12232204561161023
13090,0,0,0.05112436078293909,0,-1.0674937894138448,0,0.024745762711864405
27687,0,0,0.0,0,-1.8465947999535923,0,0.0
28009,0,0,0.0,0,-1.9746113310994935,0,0.0
27863,1,0,0.2810051087603896,1,0.7678038033699186,1,0.9941860465116279
14983,0,0,0.0,0,-1.123211059713896,0,0.007952286282306162
26935,1,1,1.0,1,3.827576595087164,1,1.0
3298,0,0,0.06771502800017146,0,-1.0037143810898757,0,0.12232204561161023
26514,1,1,0.93001530199641,1,3.666648627819329,1,1.0
1506,1,0,0.05709137287953919,0,-1.1496515128261349,0,0.12232204561161023
25100,0,0,0.057196132060840225,0,-1.5397075956634538,0,0.05655655655655656
25548,0,0,0.3288400259631516,0,-1.0774353582091263,0,0.1524008350730689
7222,0,0,0.0,0,-1.1027657496931118,0,0.07979695431472081
2868,0,0,0.0,0,-1.1451208031351334,0,0.024745762711864405
16659,0,0,0.06860361021098967,0,-1.120953199237888,0,0.049344978165938864
16360,0,0,0.23662061515624402,0,-0.9023663534720052,0,0.05655655655655656
21379,0,0,0.12453759081337538,0,-1.1089949478659444,0,0.05655655655655656
27084,0,0,0.059235551873500755,0,-1.0629758506784615,0,0.0
7118,0,0,0.07551567385488187,0,-1.9952399202829842,0,0.1524008350730689
7267,1,1,0.8018894611652954,1,1.43437208568879,1,1.0
18491,0,0,0.12466587970045298,0,-1.0837817842012107,0,0.024745762711864405
14864,0,0,0.061063820345090586,0,-1.6795217524423256,0,0.19480519480519481
8879,0,1,0.5512777373966663,0,-0.12449406061499019,0,0.1524008350730689
20812,0,0,0.3077980873835844,0,-1.159695110262795,0,0.07979695431472081
8066,0,0,0.0,0,-1.4653798597469039,0,0.05655655655655656
23103,0,0,0.0,0,-1.206838079973821,0,0.07979695431472081
895,1,1,0.9374807184830738,1,2.613126535818205,1,0.8
10856,1,1,1.0,1,1.2341306782303108,1,1.0
22026,0,0,0.061788264115313546,0,-0.9688248231247596,0,0.07979695431472081
6767,1,1,1.0,1,6.422286199847927,1,1.0
11939,1,1,0.835385433633228,1,2.248854494527505,1,1.0
16121,0,0,0.14609395290528318,0,-0.9828155427664655,0,0.12232204561161023
27919,1,0,0.21271386411946047,0,-0.9054752731411861,0,0.12232204561161023
6692,1,0,0.0,0,-1.3045241892728383,0,0.07979695431472081
7541,0,0,0.05946483742363467,0,-0.9940445790000578,0,0.05655655655655656
12342,1,0,0.057183948527258166,0,-1.1139773001849251,0,0.1031578947368421
1309,1,1,1.0,1,2.35991662728093,1,1.0
10749,1,0,0.060074306136121004,0,-1.1402672786451662,0,0.024745762711864405
7961,0,0,0.1887742345370333,0,-0.9889656608476545,0,0.07979695431472081
5529,0,0,0.0,0,-1.2451275100721633,0,0.07979695431472081
11733,0,0,0.0,0,-1.1314693391303314,0,0.07979695431472081
18030,1,1,0.884327203373749,1,2.4378433835418942,1,1.0
19819,0,0,0.19941646527457615,0,-0.9998632196398725,0,0.16833333333333333
31976,1,1,0.8716760408396518,1,1.0626470909186918,1,0.7674418604651163
11565,0,0,0.0,0,-1.120518540324024,0,0.024745762711864405
4081,0,0,0.0,0,-1.2713629639812258,0,0.024745762711864405
21136,1,0,0.0,0,-1.158128314785197,0,0.07979695431472081
19212,1,1,0.9189671298437984,1,1.7151355440952307,1,0.7674418604651163
7759,0,0,0.0,0,-1.522071012141028,0,0.07979695431472081
16152,0,0,0.0,0,-1.0905268600304134,0,0.024745762711864405
11901,0,0,0.0,0,-1.0818277410315322,0,0.07979695431472081
4184,0,0,0.3230983031902333,0,-1.0786873573729046,0,0.05655655655655656
9054,1,1,0.8896675684033862,1,1.727835080904783,1,1.0
19279,1,0,0.26087082106997783,0,-0.23498356871150866,1,1.0
30925,0,0,0.0,0,-1.3944958813938277,0,0.024745762711864405
14349,1,1,1.0,1,7.882231299416337,1,1.0
2148,0,0,0.059363277661518714,0,-1.4667607366026256,0,0.02127659574468085
16942,0,0,0.19994937430927176,0,-1.3236483344594114,0,0.07979695431472081
3416,0,0,0.0,0,-1.4143635257859337,0,0.024745762711864405
24706,0,0,0.3330314515871039,0,-1.2896320751463353,0,0.16833333333333333
29322,0,0,0.19790578125080466,0,-1.2977001936496713,0,0.07979695431472081
29624,0,0,0.31309145016013834,0,-0.6710633206372698,0,0.07979695431472081
31981,1,0,0.2069016246990975,0,-1.2324022670031245,0,0.07979695431472081
13320,0,0,0.0,0,-1.7756637158676822,0,0.007952286282306162
28466,0,0,0.18871534454820502,0,-1.5384116356069208,0,0.23655913978494625
24972,1,1,0.8784987001808752,1,2.589790461217315,1,1.0
1645,0,0,0.10532294447436484,0,-1.1964772794707073,0,0.07979695431472081
29551,0,0,0.0,0,-1.9233123280720705,0,0.07979695431472081
1348,1,1,0.5456386651661301,0,-0.4383333053339756,0,0.27058823529411763
18075,1,0,0.4131325284472244,1,1.4561303211751444,1,1.0
28140,0,1,0.728073367622515,1,0.8077790308256261,0,0.42424242424242425
10127,0,0,0.0,0,-1.0855938350803236,0,0.07979695431472081
27743,0,0,0.0,0,-1.6557467630073641,0,0.049344978165938864
21397,0,0,0.1301831901694576,0,-1.122928348751195,0,0.07979695431472081
7280,0,0,0.0,0,-1.1355641605057056,0,0.05655655655655656
32126,1,1,0.8311453026814425,1,2.3311095165761024,1,1.0
23949,0,0,0.0,0,-1.1483167503524478,0,0.024745762711864405
5406,0,0,0.0,0,-1.138637004329266,0,0.05655655655655656
29957,0,0,0.0,0,-2.399686556986648,0,0.07979695431472081
29646,0,0,0.29504091227328777,0,-1.0055641019687438,0,0.07979695431472081
28289,0,0,0.08753085819848937,0,-0.942041865234112,0,0.049344978165938864
482,1,1,0.7045121409743574,1,1.7801960446234213,1,1.0
32537,0,0,0.14476248452137555,0,-0.9858449255335968,0,0.049344978165938864
18132,0,0,0.12731083668783108,0,-1.2726179081569176,0,0.0
14354,1,1,0.6751656572637749,1,2.1931614263716637,1,1.0
10583,0,0,0.4419075021641633,0,-0.921318382807637,0,0.07979695431472081
17400,0,0,0.06729655235281974,0,-1.1167150265146044,0,0.07979695431472081
6924,0,0,0.0,0,-1.0373157099249715,0,0.049344978165938864
15756,0,0,0.0,0,-1.2869463974015822,0,0.049344978165938864
8762,0,0,0.19293107700290701,0,-1.5983665376744862,0,0.07979695431472081
2152,0,0,0.07531467031967655,0,-1.1137097322010174,0,0.09210526315789473
27758,0,0,0.0,0,-0.9222132563018874,0,0.024745762711864405
15549,0,0,0.0,0,-1.3961094600734518,0,0.024745762711864405
30495,0,0,0.1816989597946142,0,-1.3932109439610492,0,0.07979695431472081
7038,1,1,0.7539888542172442,1,1.5057601993656704,1,1.0
18090,1,1,0.5324927365824151,1,1.17544034479859,1,1.0
13936,0,0,0.0,0,-1.2056207805106234,0,0.024745762711864405
5025,0,0,0.0,0,-1.2262404195504266,0,0.07979695431472081
27804,0,0,0.13184147499911705,0,-1.2768920047545027,0,0.1524008350730689
5890,0,0,0.1641793193418257,0,-1.1530652932689722,0,0.16833333333333333
17202,0,0,0.0,0,-1.1278551765876252,0,0.024745762711864405
21652,0,0,0.1328433489683205,0,-1.3924568712494056,0,0.07979695431472081
10270,0,0,0.0,0,-1.163213846186244,0,0.07979695431472081
22345,0,0,0.2441262018181544,0,-1.2528013709615815,0,0.07979695431472081
24905,0,0,0.07379814228790432,0,-1.2574965066461143,0,0.024745762711864405
19505,0,0,0.0636948382325004,0,-1.6811409521425948,0,0.05655655655655656
12233,1,0,0.4333704516545309,1,1.1271116045571352,1,1.0
24821,0,0,0.048775013615620505,0,-1.675215957862262,0,0.024745762711864405
13525,0,0,0.05265062375714028,0,-1.924086663603298,0,0.07979695431472081
15408,0,0,0.0,0,-1.90450744532535,0,0.07979695431472081
23693,0,0,0.1379830775766744,0,-0.9064012121495528,0,0.049344978165938864
4494,1,1,0.848298933076487,1,1.607765200984078,1,0.9941860465116279
10792,0,0,0.0,0,-1.6722739868142085,0,0.05655655655655656
30981,0,0,0.05974733168129214,0,-1.1875117340871744,0,0.024745762711864405
18111,1,0,0.32885392385889145,1,0.6409668659146384,1,1.0
20251,0,1,0.8885820135466455,1,0.5957262706194943,0,0.1524008350730689
30,1,0,0.05491940977417054,1,0.014810864734076723,1,1.0
23705,1,1,1.0,1,8.122010796400843,1,1.0
24186,0,0,0.0,0,-1.8098891953106429,0,0.07979695431472081
27406,0,0,0.0,0,-1.354988951900833,0,0.049344978165938864
7198,1,0,0.059716886161434626,0,-0.8705896387753056,0,0.024745762711864405
32067,1,0,0.20032650319015594,0,-0.8336437030476906,0,0.049344978165938864
361,0,0,0.06906531522675008,0,-2.300626725180149,0,0.049344978165938864
26959,0,0,0.17747399632049543,0,-1.1959839995551365,0,0.049344978165938864
28474,0,0,0.0,0,-1.2880157807185615,0,0.024745762711864405
10903,0,0,0.32512211586026657,0,-0.9306828081241414,0,0.16833333333333333
31879,0,0,0.0,0,-1.6224099187164494,0,0.049344978165938864
25160,0,0,0.061420786426354505,0,-2.9309395894873673,0,0.049344978165938864
29332,0,0,0.17721723224404048,0,-0.7151124466336087,0,0.049344978165938864
14555,0,0,0.2313477439347242,0,-1.0845360726907574,0,0.07979695431472081
19306,0,0,0.1929311732422627,0,-0.6796245341253293,0,0.16833333333333333
7058,0,0,0.06331434014352601,0,-1.5254278311160119,0,0.05655655655655656
4417,0,0,0.0,0,-1.950017215930579,0,0.07979695431472081
6835,0,0,0.0,0,-1.0903519857918476,0,0.07979695431472081
32187,1,0,0.06212847448414044,0,-0.3530024164500009,1,1.0
27317,0,0,0.09363871985345756,0,-1.2135324967355392,0,0.049344978165938864
30903,0,0,0.06103458561136116,0,-1.4001327346869763,0,0.1031578947368421
24272,0,0,0.0,0,-1.0292532583169114,0,0.05655655655655656
18999,0,0,0.0,0,-1.1744631439010784,0,0.007952286282306162
8346,0,0,0.0,0,-2.2491741226501736,0,0.05655655655655656
13347,1,1,0.7331193440891646,1,1.101891170454087,1,1.0
31677,0,0,0.07688156450582068,0,-1.552273353098108,0,0.049344978165938864
10787,0,0,0.06307889774309296,0,-1.005316762123174,0,0.024745762711864405
10918,0,0,0.0,0,-4.146379331865816,0,0.07979695431472081
16736,0,0,0.0,0,-1.0185664187709795,0,0.024745762711864405
458,0,0,0.0,0,-2.0256894002102044,0,0.024745762711864405
3059,1,0,0.2524262473570121,0,-0.992223204447702,0,0.12232204561161023
7073,0,0,0.04067110403235183,0,-1.2136007242201685,0,0.024745762711864405
2020,0,0,0.12057595243783496,0,-1.041199967125794,0,0.12232204561161023
18094,0,0,0.0,0,-1.1174285408762343,0,0.024745762711864405
30246,0,0,0.18220652985072064,0,-1.1438303850436098,0,0.07979695431472081
9385,0,0,0.2346372699903441,0,-1.1813399977017989,0,0.024745762711864405
20806,0,0,0.0,0,-1.4568461883753692,0,0.05655655655655656
25341,0,0,0.3645821042246591,0,-0.9082044355510903,0,0.12232204561161023
32101,1,1,0.5793197169086238,1,1.179754800134266,1,1.0
2996,0,0,0.0,0,-1.7210608576662882,0,0.02127659574468085
7659,0,0,0.0,0,-1.4726452517445139,0,0.05655655655655656
13214,1,0,0.12914216478530535,0,-0.30987244789765805,0,0.23655913978494625
17320,0,0,0.0,0,-1.1658064714825145,0,0.07979695431472081
8156,0,0,0.05795544564643393,0,-1.6015237259742596,0,0.07979695431472081
279,1,1,1.0,1,2.880764439649634,1,1.0
10187,1,0,0.35658637035877483,0,-0.5635727286907843,0,0.1524008350730689
3080,1,1,0.7314900940421775,1,3.8081655698495096,1,1.0
27443,0,0,0.0,0,-1.3481237928488359,0,0.024745762711864405
4772,0,0,0.0,0,-1.749197997329329,0,0.02127659574468085
3914,1,0,0.2134583533086049,0,-1.0440561166520879,0,0.1031578947368421
7623,0,0,0.0,0,-1.0880015581567766,0,0.024745762711864405
768,1,1,0.8903053917966974,1,1.053262266750626,1,1.0
29917,1,1,0.7337890070117938,1,1.2322668843514983,1,1.0
27947,0,0,0.0,0,-2.048893728767356,0,0.07979695431472081
14489,0,0,0.0,0,-1.2791812609045157,0,0.024745762711864405
26090,0,0,0.0,0,-1.671888481725933,0,0.0
24222,0,0,0.0,0,-1.1581420054768397,0,0.024745762711864405
22291,0,0,0.0,0,-1.2585993533553608,0,0.05655655655655656
20232,0,0,0.10912274803290899,0,-2.876038798756337,0,0.05655655655655656
10547,0,0,0.17754092609364097,0,-0.5899910145262315,0,0.12232204561161023
19498,0,0,0.24537219498931895,0,-1.380691210593898,0,0.07979695431472081
27801,0,0,0.0,0,-1.6352881450311894,0,0.024745762711864405
9828,0,0,0.0,0,-2.8108894987084447,0,0.07979695431472081
10860,0,0,0.06741210239496875,0,-0.9879021089374984,0,0.024745762711864405
23823,1,0,0.0,0,-0.8897627298639557,0,0.07979695431472081
27990,0,0,0.0,0,-2.4567399841708624,0,0.024745762711864405
11794,0,0,0.0647589082024883,0,-0.8815271100850588,0,0.07979695431472081
31196,1,1,0.6700641272752046,1,0.5380193283870165,0,0.16901408450704225
8504,0,0,0.0,0,-1.574343651088637,0,0.07979695431472081
1930,1,1,0.7838980139030615,1,0.7833050338230663,1,0.9941860465116279
12327,1,1,0.7197622391891922,1,0.10856369015491951,1,1.0
24308,0,0,0.0,0,-1.9388842500483867,0,0.0
24495,0,0,0.056647501497723414,0,-1.58583815878404,0,0.05655655655655656
11392,0,0,0.0,0,-3.9868604345198206,0,0.19480519480519481
9120,0,1,0.7249275560065549,0,-2.0912279595527647,1,0.625
6901,0,0,0.06274352778108237,0,-1.0394679859042117,0,0.05655655655655656
21450,0,0,0.06101186214879092,0,-1.2136141026699079,0,0.07979695431472081
32491,0,0,0.18514087339742813,0,-1.446056796346681,0,0.049344978165938864
8524,0,0,0.0,0,-1.1224144966581404,0,0.05655655655655656
10251,0,0,0.0628690095083433,0,-1.3216206994220119,0,0.07979695431472081
957,1,1,1.0,1,6.063859679831148,1,1.0
16967,1,1,0.8381922559765704,1,2.966691555957757,1,1.0
5220,0,0,0.0,0,-1.298789881022874,0,0.024745762711864405
22776,0,0,0.0,0,-1.2072579094023461,0,0.07979695431472081
22016,0,0,0.12539936511994312,0,-1.5287152091538116,0,0.1524008350730689
27685,0,0,0.0,0,-1.5235715347533445,0,0.049344978165938864
32357,1,0,0.45149841692609266,1,0.04717702283389674,0,0.36792452830188677
20997,0,0,0.053145893129095574,0,-1.055060371497413,0,0.23655913978494625
4998,1,0,0.12052425345283027,0,-1.1428366766340459,0,0.07979695431472081
20499,0,0,0.19544043692664545,0,-0.9685135982843105,0,0.16833333333333333
17903,0,0,0.27440686315166063,0,-0.7830135566041254,0,0.1524008350730689
13204,0,0,0.0,0,-2.0230786299706924,0,0.0
15217,0,0,0.21264156616728586,0,-1.2857318085317453,0,0.07979695431472081
6724,0,0,0.4320056037289715,0,-0.7619296611979569,0,0.16833333333333333
15047,0,0,0.14271370887347926,0,-1.0368914741657185,0,0.07979695431472081
31295,0,0,0.074720955201775,0,-1.435742170821527,0,0.05655655655655656
28960,0,0,0.14230625689281326,0,-1.0111850198550454,0,0.12232204561161023
5629,0,0,0.05373061676480797,0,-1.2792768417060314,0,0.23655913978494625
30488,1,1,0.8013863139135168,1,4.2975037630394155,1,1.0
365,1,0,0.4131777763644056,1,0.1107718015870533,1,1.0
16423,0,0,0.04511257880990693,0,-2.796331152929553,0,0.07979695431472081
18523,0,0,0.4216936546008064,0,-0.5068467804581376,0,0.07979695431472081
10310,0,0,0.13473065048650593,0,-0.8898247157104415,0,0.049344978165938864
8190,0,0,0.0,0,-1.1523349811447976,0,0.07979695431472081
27602,0,0,0.06219818992182955,0,-1.332980716165295,0,0.049344978165938864
13252,0,0,0.0,0,-1.2154678282836482,0,0.024745762711864405
3158,0,0,0.2640280219969969,0,-1.0145290703518044,0,0.07979695431472081
15079,0,0,0.06463114881995288,0,-1.1677028139793655,0,0.049344978165938864
6926,1,1,1.0,1,2.5344571808440084,1,1.0
1203,0,0,0.12370200448059898,0,-0.9619246849035927,0,0.12232204561161023
16118,0,0,0.07711113541906527,0,-1.015716554761716,0,0.12232204561161023
17353,0,0,0.0,0,-1.8154514381372784,0,0.0
15679,0,0,0.0,0,-1.4742129671538446,0,0.049344978165938864
3210,0,0,0.27350696460020557,0,-0.9730301224067512,0,0.07979695431472081
23994,0,0,0.33487979617694574,0,-0.510612137776052,0,0.12232204561161023
20086,1,0,0.2513044752770409,0,-0.613990473258549,1,1.0
11958,0,0,0.05886755801724984,0,-1.3670147565967619,0,0.07979695431472081
3709,0,0,0.0,0,-1.0412058271969673,0,0.05655655655655656
27794,0,0,0.058877298100793514,0,-1.419303220685924,0,0.049344978165938864
13496,0,0,0.3405086204403814,0,-1.3214625793711918,0,0.07979695431472081
3065,0,0,0.12214823965039567,0,-1.1829280681792285,0,0.12232204561161023
13441,0,0,0.0,0,-1.274459418194067,0,0.024745762711864405
23776,0,0,0.1211851944261689,0,-1.346137073933036,0,0.1031578947368421
10417,0,0,0.060981210406770334,0,-1.0030258638869682,0,0.024745762711864405
27536,1,1,0.8744031554033614,1,1.1888368609814588,1,1.0
10406,0,0,0.12468809692479087,0,-1.500962005247371,0,0.1524008350730689
6194,0,0,0.0653582072745859,0,-0.5058157873504088,0,0.12232204561161023
29896,0,0,0.32410289481987203,0,-0.957959069738124,0,0.1524008350730689
31596,0,0,0.13341748408862186,0,-0.40144536503702527,0,0.0
5885,1,0,0.21699342979348554,0,-0.7732103418399578,0,0.16833333333333333
10278,1,0,0.1800603491429675,0,-1.2678180110110506,0,0.1524008350730689
14193,0,0,0.0,0,-1.1909280009115513,0,0.024745762711864405
16724,1,0,0.24595183539832335,0,-1.0844335938231784,0,0.23655913978494625
21271,0,0,0.0,0,-1.1162886438841255,0,0.07979695431472081
27849,0,0,0.0,0,-2.021278087984602,0,0.0
29104,0,0,0.0,0,-1.520071163361442,0,0.0
9460,1,1,1.0,1,1.6233509203388008,1,0.9941860465116279
6542,0,0,0.0,0,-2.2615464170055994,0,0.07979695431472081
9804,1,0,0.3448780268782954,0,-0.37858197878469285,0,0.12232204561161023
24681,0,0,0.0,0,-1.1264910707947005,0,0.07979695431472081
28370,0,0,0.0,0,-1.010182033045798,0,0.049344978165938864
243,1,1,0.5656904047645838,0,-0.06708435238062999,1,1.0
7579,1,0,0.0,0,-1.3239235041957629,0,0.1031578947368421
17075,0,0,0.0,0,-2.54322188990114,0,0.07979695431472081
518,0,0,0.07354849545272417,0,-1.890509986839454,0,0.024745762711864405
12457,0,0,0.05399912512537697,0,-1.1402905208269645,0,0.024745762711864405
19520,1,0,0.2278431509612149,0,-1.1287620498062303,0,0.36792452830188677
18995,0,0,0.1345808751657123,0,-1.2458044423111638,0,0.27058823529411763
20961,0,0,0.27251386554532314,0,-1.2033698540188174,0,0.07979695431472081
6855,0,0,0.0,0,-3.183007253751198,0,0.07979695431472081
19743,0,0,0.059763085069698275,0,-1.1736429372257384,0,0.16833333333333333
29844,0,0,0.06936795080246376,0,-2.375665528710907,0,0.0
6169,0,0,0.057476736499422504,0,-0.869671439147903,0,0.12232204561161023
20164,0,0,0.0,0,-1.211850507539658,0,0.05655655655655656
2123,1,1,0.7129155284640428,1,1.0955491286868053,1,1.0
3879,0,0,0.0,0,-1.0523917520666857,0,0.07979695431472081
2170,1,1,0.7338253095820809,1,0.32585367460670306,1,1.0
24936,1,1,0.8700039172420101,1,1.983640232051241,1,1.0
4470,0,0,0.053070268362051566,0,-1.147270182969284,0,0.07979695431472081
29576,0,0,0.11807967596495658,0,-1.047395068647957,0,0.07979695431472081
32448,0,0,0.33830600408969275,1,0.523398547943451,0,0.23655913978494625
20230,0,0,0.0,0,-1.43593922225884,0,0.0
18113,0,0,0.4798767193176357,0,-0.33536304115908017,0,0.049344978165938864
15703,0,0,0.0,0,-1.423737428731336,0,0.049344978165938864
26914,0,0,0.0,0,-1.0896187188080133,0,0.049344978165938864
23972,0,0,0.2808735814517031,0,-1.1231257381552604,0,0.07979695431472081
15103,0,0,0.1830590748090683,0,-0.9780195880767617,0,0.049344978165938864
7543,0,0,0.20510570356469943,0,-1.1286688704452488,0,0.07979695431472081
12789,0,0,0.05258428788428904,0,-1.0717740869524515,0,0.049344978165938864
4675,0,0,0.06024510181217023,0,-1.4459325358153505,0,0.07979695431472081
12772,0,0,0.13242561128565242,0,-1.552750469877274,0,0.007952286282306162
9013,0,0,0.09989762904713972,0,-1.4595551061736811,0,0.07979695431472081
23652,0,0,0.11228312425521693,0,-1.4425354031908646,0,0.07979695431472081
2462,0,0,0.16548960216800182,0,-1.1633736428128914,0,0.12232204561161023
22052,0,0,0.0,0,-1.0247323958001417,0,0.024745762711864405
8758,0,0,0.0,0,-2.244259069338074,0,0.07979695431472081
29517,0,0,0.22381818985173355,0,-1.0557924844178013,0,0.12232204561161023
30857,1,1,0.8468479791392164,1,3.386903471629387,1,1.0
20186,0,0,0.1402604544120901,0,-1.15259973066961,0,0.07979695431472081
21485,0,0,0.15835989194710065,0,-0.26096551266222995,0,0.12232204561161023
8531,1,1,0.7484911383074789,1,0.28204080766933665,1,1.0
7063,0,0,0.0,0,-1.465611163313382,0,0.05655655655655656
6899,0,0,0.0,0,-2.5347850790724733,0,0.07979695431472081
12003,1,0,0.0,0,-1.5444173179110314,0,0.07979695431472081
2281,0,0,0.1897788971232567,0,-1.309594054075642,0,0.12232204561161023
15341,1,1,0.8870551757243348,1,1.9378698901086233,1,0.9941860465116279
13464,1,0,0.39206871073680644,0,-0.500518250187463,1,1.0
25049,0,0,0.0,0,-1.5958731438529306,0,0.0
23861,1,1,0.8129719821048019,1,0.9466214762323233,1,1.0
31224,0,0,0.21946961145847,0,-0.9729948789484677,0,0.049344978165938864
7857,0,0,0.2357464605346499,0,-1.0271145248722224,0,0.16833333333333333
8754,1,1,0.8892585826372045,1,2.767940500905272,1,1.0
8408,0,0,0.06436924613552071,0,-0.9923923024942567,0,0.07979695431472081
26351,0,0,0.0,0,-2.1699013964808493,0,0.007952286282306162
16684,0,0,0.0,0,-1.4679042079320976,0,0.0
3633,1,0,0.376050325952833,0,-0.47771529452856204,1,1.0
10006,0,0,0.0,0,-3.95811927363992,0,0.0
21789,0,0,0.0,0,-1.5655917746725887,0,0.0
26445,0,0,0.0,0,-1.109323506265,0,0.024745762711864405
25113,0,0,0.06291342143522854,0,-1.2366855814242625,0,0.049344978165938864
3977,0,0,0.0,0,-1.0262624668848743,0,0.05655655655655656
14637,0,0,0.0,0,-1.1152443145863504,0,0.024745762711864405
10363,0,0,0.19461330345859684,0,-0.985711097667576,0,0.16833333333333333
4343,0,0,0.20871649013716997,0,-1.0043013035310184,0,0.12232204561161023
3109,1,0,0.38516430616823455,1,1.0343423067230741,1,1.0
20931,0,0,0.056676084852015404,0,-1.4036767197640707,0,0.05655655655655656
10350,1,1,0.9392693463850044,1,5.399609514125295,1,1.0
29958,0,0,0.38279225343945733,0,-0.9155145218616068,0,0.1524008350730689
23963,0,0,0.0,0,-1.0872853569549383,0,0.024745762711864405
681,1,1,0.8846039992947107,1,2.222159892702843,1,1.0
14389,0,0,0.25652948770502426,0,-2.3581861969356654,0,0.0
27151,0,0,0.12327110680608055,0,-0.9851534471485435,0,0.02127659574468085
2841,0,0,0.06212099835240164,0,-1.1569541619835717,0,0.09210526315789473
13482,0,0,0.0,0,-1.7918992248876249,0,0.007952286282306162
25273,0,0,0.0,0,-1.7581747544956499,0,0.07979695431472081
7472,0,0,0.06889896419457694,0,-1.1462726215676886,0,0.05655655655655656
19204,0,0,0.13096371509121113,0,-0.8604967940318142,0,0.17073170731707318
15180,0,0,0.0,0,-2.4305728860040623,0,0.024745762711864405
22223,1,0,0.055735381395712005,0,-1.24709089532579,0,0.05655655655655656
32265,1,1,0.791991110124253,1,1.174503818438476,1,1.0
2305,0,0,0.2489525468778559,0,-2.3880015408260125,0,0.0
16772,0,0,0.24980043109295788,0,-0.9562156630552947,0,0.16833333333333333
22159,1,1,0.949395871545058,1,2.1483861817607464,1,1.0
28494,0,0,0.128085025172564,0,-1.0782585440744508,0,0.07979695431472081
20089,0,0,0.18512241844556188,0,-1.4871600067572996,0,0.1031578947368421
452,0,0,0.46911437901039604,0,-0.7937479238242409,0,0.1524008350730689
15456,0,0,0.0,0,-1.3087870155091368,0,0.024745762711864405
29652,0,0,0.0,0,-0.8940287368486819,0,0.024745762711864405
1463,0,0,0.10029439438260795,0,-1.63338240694648,0,0.12232204561161023
13428,0,0,0.4248465276667416,0,-2.85369111843283,0,0.1724137931034483
16462,0,0,0.061485098150763605,0,-1.2559699562445963,0,0.07979695431472081
8625,0,0,0.40238915427984345,0,-0.15790053228493872,0,0.12232204561161023
13468,1,1,1.0,1,1.4699986764848583,1,0.9941860465116279
31816,0,0,0.0,0,-1.6109031719700777,0,0.049344978165938864
24250,0,0,0.06288240634252136,0,-1.1338708691235415,0,0.07979695431472081
24407,0,0,0.05588179686900831,0,-1.0267757929250654,0,0.07979695431472081
5791,1,1,0.7817998545045866,1,1.7702287687627192,1,1.0
6589,0,0,0.05091937094792357,0,-1.017139407138526,0,0.05655655655655656
20144,0,0,0.05968050411956295,0,-1.0306960407654764,0,0.12232204561161023
6302,0,0,0.22664652830885684,0,-1.2983843340466414,0,0.36792452830188677
2212,1,1,0.5048519477088382,1,1.1729054803660515,1,1.0
13697,0,0,0.0,0,-3.0011126643987383,0,0.024745762711864405
17873,1,0,0.0,0,-1.4470382341083443,0,0.049344978165938864
25534,0,0,0.07088022720168395,0,-1.23338444695406,0,0.024745762711864405
23024,0,0,0.06094884560048344,0,-1.5016110043017503,0,0.07979695431472081
6166,0,0,0.058902540344135376,0,-1.033607889800036,0,0.05655655655655656
24180,0,0,0.0,0,-1.071214348454013,0,0.024745762711864405
1687,1,1,0.7192533060301415,1,0.6092573078151646,0,0.46551724137931033
16832,0,0,0.08082194874980901,0,-2.1551999131284867,0,0.024745762711864405
17834,0,0,0.12345549700975332,1,0.002063116648113983,0,0.049344978165938864
6362,0,0,0.12850146235529397,0,-1.3752377990787605,0,0.05655655655655656
8327,0,0,0.1168282600215068,0,-1.0540169858619928,0,0.07979695431472081
12504,0,0,0.04827488027760925,0,-0.988038410879877,0,0.024745762711864405
25722,1,1,0.6355479307022351,1,1.2076693726153835,1,1.0
29239,0,0,0.4602368713858083,0,-0.7898399587844689,0,0.1724137931034483
29049,0,0,0.12449979394737741,0,-1.2203566944289383,0,0.049344978165938864
7503,0,0,0.07517346065441972,0,-1.0810607566554264,0,0.05655655655655656
2860,0,0,0.42435455559420004,0,-1.9431535908915891,0,0.1724137931034483
18865,0,0,0.04995101334859974,0,-1.1555547820676026,0,0.07979695431472081
6768,0,0,0.058685482216031516,0,-1.057298887758436,0,0.05655655655655656
6284,1,1,1.0,1,1.8008104299757062,1,1.0
30147,0,0,0.0,0,-1.5114884705381444,0,0.07979695431472081
18880,0,0,0.0,0,-1.6450925562115386,0,0.12232204561161023
3731,0,0,0.07290002839953451,0,-1.3704367646483644,0,0.02127659574468085
17740,1,0,0.12977385400902292,0,-1.1843444416370585,0,0.07979695431472081
4731,1,0,0.06014298841508271,0,-1.2917757014761528,0,0.12232204561161023
1336,0,0,0.04961149017533484,0,-1.0117030554543547,0,0.09210526315789473
13366,0,0,0.06713648687974652,0,-0.9703330124290004,0,0.049344978165938864
23982,1,0,0.31897836169316746,1,0.3419927429304997,1,1.0
23606,0,0,0.4382692613051526,0,-1.1246013276569378,0,0.42424242424242425
16446,1,1,0.7597287731500206,1,1.0357962998175951,1,1.0
14358,0,0,0.0,0,-1.0550183345750699,0,0.049344978165938864
20118,1,0,0.0,0,-0.9477911011722571,0,0.17073170731707318
3168,0,0,0.0,0,-1.771252214496895,0,0.07979695431472081
27414,0,0,0.0,0,-3.2859217747674925,0,0.049344978165938864
2102,1,1,0.5446057077687246,1,0.47285396258446305,1,1.0
22787,0,0,0.0,0,-1.9821304962251465,0,0.0
937,0,0,0.06276733453241289,0,-0.914414764902054,0,0.12232204561161023
10444,1,0,0.38182181220587674,1,0.21542222657005367,1,1.0
5625,0,0,0.07131076134160609,0,-1.1569041274659067,0,0.049344978165938864
17826,0,0,0.0,0,-1.182616377449353,0,0.07979695431472081
14038,0,0,0.0,0,-2.0177011191018948,0,0.007952286282306162
20439,1,1,0.9482186346585519,1,0.8569382132680916,1,0.7674418604651163
23300,0,0,0.0,0,-1.0901221320791745,0,0.024745762711864405
29402,1,1,0.8093284445361039,1,2.498222274399549,1,1.0
587,1,1,1.0,1,7.383484614515029,1,1.0
29740,1,1,0.9286130545934472,1,1.7982525014157003,1,1.0
23739,0,0,0.13144445482200526,0,-1.6073688219827418,0,0.16833333333333333
9780,1,1,0.5652743928602264,1,1.1154803708931056,1,1.0
11700,0,0,0.07284328203126154,0,-1.5981595104900486,0,0.16833333333333333
6409,1,1,1.0,1,1.8675920152847463,1,1.0
11947,0,0,0.2078632519695335,0,-1.3774606648396395,0,0.07979695431472081
24059,0,0,0.0704715455218958,0,-1.2512287982041426,0,0.07979695431472081
22749,0,0,0.0,0,-1.6270019684402244,0,0.0
20537,0,0,0.23455523866171601,0,-1.0676120558325792,0,0.07979695431472081
17616,0,0,0.11084031664572622,0,-1.1938315378568993,0,0.049344978165938864
1173,0,0,0.28925501297569933,0,-0.9079704134522633,0,0.07979695431472081
32548,0,0,0.05713648543745608,0,-1.1874641015351124,0,0.12232204561161023
24165,0,0,0.0,0,-1.0321312098846886,0,0.024745762711864405
18419,0,0,0.339769833862414,0,-0.5497702882715738,0,0.1524008350730689
1392,0,0,0.2013909643578666,0,-1.0834809387697297,0,0.05655655655655656
17685,0,0,0.0,0,-2.452720622650123,0,0.07979695431472081
7284,0,0,0.0,0,-1.450345993492269,0,0.0
6418,0,0,0.07097912075494096,0,-1.367568332597092,0,0.05655655655655656
6378,0,0,0.0,0,-1.45532469826458,0,0.07979695431472081
22526,0,0,0.1886090212444981,0,-0.8887215790100735,0,0.024745762711864405
9519,1,1,0.8099582259287952,1,1.561663880671262,1,0.9941860465116279
2542,0,0,0.0,0,-1.6799639220742275,0,0.02127659574468085
8053,0,0,0.057241617452859016,0,-1.2551641535171836,0,0.07979695431472081
8144,0,0,0.0,0,-1.023240314314637,0,0.23655913978494625
27643,0,0,0.0,0,-0.9294203766142259,0,0.024745762711864405
25501,0,0,0.0,0,-1.1938717750651209,0,0.024745762711864405
6753,1,0,0.06253569834677056,0,-1.4867524339955396,0,0.05655655655655656
12330,0,0,0.0,0,-1.0567437038776002,0,0.024745762711864405
6766,1,1,0.9001618114938753,1,4.238074317804684,1,1.0
3071,0,1,0.516480304969216,0,-1.15129559030856,1,0.6
25364,0,0,0.0,0,-2.2918940492840627,0,0.024745762711864405
7359,0,0,0.1694782007568306,0,-1.1760783011106772,0,0.024745762711864405
31664,0,0,0.0,0,-1.4334140031603042,0,0.049344978165938864
4545,0,0,0.0,0,-1.378189600801588,0,0.05655655655655656
13652,0,0,0.0605134656975342,0,-3.2283060885340644,0,0.0
15800,0,0,0.18540880543204327,0,-1.5425277637995491,0,0.049344978165938864
12795,0,0,0.0,0,-2.3593260901040503,0,0.007952286282306162
3393,0,0,0.0,0,-1.1670623145203336,0,0.05655655655655656
3189,0,0,0.0,0,-1.0775066270789373,0,0.07979695431472081
4629,0,0,0.1221191852377949,0,-1.5206624938812578,0,0.1031578947368421
5236,0,0,0.05515234665048971,0,-3.3794446507063505,0,0.19480519480519481
9184,1,0,0.3201027697486191,1,0.4257555049239001,1,1.0
10586,0,0,0.19950688382195322,0,-0.6877109983177043,0,0.07979695431472081
1662,0,0,0.14788798371386003,0,-1.05292548519443,0,0.12232204561161023
17447,1,1,0.9424457453536519,1,1.5825360393400847,1,1.0
24345,0,0,0.0,0,-1.881026990835354,0,0.07979695431472081
23728,1,1,0.8470620472071962,1,2.155403782975286,1,1.0
26738,1,1,1.0,1,7.855921240206159,1,1.0
26565,0,0,0.12511379707987944,0,-0.5024610414669493,0,0.0
14394,0,0,0.17867997694269305,0,-1.180461931074955,0,0.024745762711864405
1034,0,0,0.18853006499315555,0,-1.2755152428065313,0,0.07979695431472081
14006,0,0,0.0,0,-1.8189784856486648,0,0.0
27163,0,0,0.0,0,-1.6256432497783586,0,0.049344978165938864
7376,0,0,0.0,0,-1.0379925392308589,0,0.049344978165938864
25064,0,0,0.0,0,-2.199634133449643,0,0.007952286282306162
7726,0,0,0.056002989213883504,0,-1.5002051044939773,0,0.16833333333333333
24166,0,0,0.0,0,-1.7751949665906435,0,0.05655655655655656
7878,0,0,0.0,0,-1.395160617183928,0,0.0
31219,0,0,0.2612221641567338,0,-1.2130319713510032,0,0.049344978165938864
23502,0,0,0.06424970328308827,0,-1.3329032138125947,0,0.024745762711864405
8455,0,0,0.05962828604410329,0,-3.2939566386035004,0,0.0
16946,0,0,0.0,0,-1.5433059674412082,0,0.024745762711864405
30507,0,0,0.0,0,-1.6256317264862314,0,0.07979695431472081
21872,0,0,0.0,0,-2.2725174670690076,0,0.0
13798,0,0,0.0,0,-1.2902541316568379,0,0.024745762711864405
31503,1,0,0.0,0,-1.3005775381140858,0,0.049344978165938864
18530,1,0,0.36804501401463163,1,0.29050197763750757,1,1.0
20228,0,0,0.3169229262566202,0,-0.6947718972925085,0,0.1724137931034483
11846,0,0,0.0,0,-2.2662449442718215,0,0.0
9502,0,0,0.16842106730352951,0,-0.8935737023095891,0,0.049344978165938864
20226,0,0,0.058532572980755634,0,-1.0690170910925612,0,0.07979695431472081
6411,0,0,0.20555990103509622,0,-1.2345698246415395,0,0.07979695431472081
30752,0,0,0.0,0,-1.1859186083965945,0,0.024745762711864405
10393,0,0,0.0,0,-2.0287164610371575,0,0.0
12357,0,0,0.11122296520121434,0,-1.390224014284576,0,0.1524008350730689
7263,0,0,0.0,0,-2.020946455252539,0,0.0
23266,0,0,0.0,0,-0.9169564347243349,0,0.12232204561161023
19732,1,0,0.33543942456991244,0,-0.8434617195143859,0,0.12232204561161023
26243,0,0,0.0,0,-1.1977028579587885,0,0.049344978165938864
9358,0,0,0.059251073619073266,0,-1.1668307841471555,0,0.23655913978494625
4,1,1,0.8158410620549552,1,6.036484115128261,1,1.0
30610,0,0,0.0,0,-1.4400504317171792,0,0.16833333333333333
1208,1,1,0.9312152960032555,1,2.4866759097709834,1,1.0
607,1,1,1.0,1,4.734453389515857,1,1.0
14189,1,1,0.8370500119114264,1,1.4307239669614729,1,0.9941860465116279
29587,1,1,0.7477912330835712,1,3.2190379923040586,1,1.0
9939,0,0,0.0,0,-1.588948156843295,0,0.07979695431472081
23481,1,1,0.9391327857008939,1,1.265213461045257,1,0.9941860465116279
24284,0,0,0.0,0,-1.0710638158648789,0,0.024745762711864405
4962,0,0,0.0,0,-1.1285397155438779,0,0.07979695431472081
25788,1,0,0.0,0,-1.1399135122541375,0,0.1031578947368421
4709,0,0,0.06744052776474735,0,-1.2078820606361078,0,0.024745762711864405
11979,1,0,0.05830619688578032,0,-1.2911968252466863,0,0.07979695431472081
28029,0,0,0.055018642062085385,0,-1.030616232252517,0,0.07979695431472081
25888,0,0,0.0,0,-1.0582231599724938,0,0.024745762711864405
28431,1,1,0.5317696585764604,1,0.7594793807265682,1,1.0
17793,0,0,0.4088441488935089,0,-0.3881604960889859,0,0.0
12741,0,0,0.05690409680051589,0,-1.5806513880397357,0,0.024745762711864405
14109,0,0,0.1303409847253691,0,-1.179979920413861,0,0.049344978165938864
10284,0,0,0.0,0,-1.340459187345229,0,0.049344978165938864
27966,1,0,0.0,0,-1.440706050846483,0,0.07979695431472081
13713,0,0,0.0,0,-1.6775138348225478,0,0.07979695431472081
29460,0,0,0.0,0,-1.0973704552430017,0,0.02127659574468085
26494,0,0,0.37832308578485063,0,-0.8714088818358503,0,0.16901408450704225
30183,0,0,0.06836386705386917,0,-1.5877626814065091,0,0.02127659574468085
14072,0,0,0.0,0,-1.2236725105944748,0,0.024745762711864405
24747,0,0,0.0,0,-2.129577250777712,0,0.07979695431472081
8913,0,0,0.16386523188376964,0,-1.561370938562986,0,0.07979695431472081
7116,0,0,0.14610541767222907,0,-1.24505773099187,0,0.07979695431472081
13996,0,0,0.0,0,-1.9944800945666072,0,0.07979695431472081
1843,0,0,0.12899124059704994,0,-1.6349322067130778,0,0.007952286282306162
16211,0,0,0.05715788876350237,0,-1.017588136155863,0,0.05655655655655656
24967,0,0,0.12128875733440828,0,-1.0676591277341319,0,0.07979695431472081
25134,0,0,0.0,0,-2.060886081122624,0,0.049344978165938864
30537,1,1,1.0,1,4.083038588308673,1,1.0
23231,0,0,0.06564086454484594,0,-1.0174629379464855,0,0.07979695431472081
18734,0,0,0.2532046718328639,0,-1.1699364795909524,0,0.07979695431472081
21801,1,1,0.8058169213705468,1,2.326011999399741,1,1.0
11398,0,0,0.0,0,-0.9817029095988212,0,0.07979695431472081
1474,1,1,1.0,1,3.7833221016896377,1,1.0
12910,0,0,0.09195574243955995,0,-3.3238803905570955,0,0.049344978165938864
32450,0,0,0.0,0,-1.2872407837194557,0,0.07979695431472081
27370,0,0,0.0,0,-1.1435316509809925,0,0.024745762711864405
23224,0,0,0.10576844528243981,0,-0.9947566787338928,0,0.07979695431472081
11686,0,0,0.13099092354561903,0,-1.1261439734275893,0,0.07979695431472081
1488,0,0,0.07405011295915917,0,-1.1733472354636072,0,0.07979695431472081
15570,1,0,0.18911799906490576,0,-0.8345653858740105,1,1.0
12540,0,0,0.0,0,-1.1011550596450241,0,0.024745762711864405
7546,0,0,0.0,0,-1.839807609612182,0,0.0
4633,0,0,0.053269977539742074,0,-1.8094928131982249,0,0.05655655655655656
674,1,1,0.6940015268529446,1,1.2928103018456865,1,1.0
28987,0,0,0.0,0,-1.1760779774198413,0,0.07979695431472081
28722,1,1,0.9339303003030178,1,3.7333080452214267,1,1.0
16283,0,0,0.05971421286307405,0,-1.1499952267425704,0,0.024745762711864405
15875,1,1,0.8757443541691047,1,9.197497364643848,1,1.0
6032,1,1,1.0,1,8.862156771737375,1,1.0
31923,1,0,0.21618406351430258,1,0.2657537043632712,1,1.0
13730,0,0,0.0,0,-2.7504689369602415,0,0.049344978165938864
6796,1,0,0.3473119352524023,0,-1.0414030297931887,0,0.42424242424242425
31040,0,0,0.0,0,-1.3558968864642011,0,0.024745762711864405
14877,0,0,0.0,0,-1.1475193910886214,0,0.049344978165938864
21905,0,0,0.060544838270282335,0,-1.1709487046639901,0,0.024745762711864405
24063,0,0,0.05664882852275348,0,-1.138210098488694,0,0.024745762711864405
19312,1,0,0.0,0,-0.9887522891831595,0,0.07979695431472081
9934,0,0,0.2633690664784285,0,-0.9766036109553591,0,0.07979695431472081
30456,0,0,0.0,0,-2.4212256359499493,0,0.0
21529,0,0,0.06795769621833542,0,-1.3221280789200192,0,0.12232204561161023
132,1,1,0.9485659645436294,1,6.7094692614717815,1,1.0
23471,1,0,0.06737615795134287,0,-1.4768106746179193,0,0.12232204561161023
18126,1,0,0.28706372755458215,0,-0.568370829481522,0,0.1524008350730689
11031,0,0,0.3108483583952875,0,-0.6303538066579961,0,0.46551724137931033
8841,0,0,0.0,0,-0.9952291474944672,0,0.024745762711864405
11109,1,1,0.5995687338048644,1,0.9070082247160134,1,1.0
24183,0,0,0.2632447537259969,0,-1.5920048452832687,0,0.07979695431472081
24493,0,0,0.11851356860451212,0,-1.0659084474368834,0,0.024745762711864405
3378,0,0,0.0,0,-1.7107672416916553,0,0.05655655655655656
29236,1,0,0.31495722123837555,0,-0.4561315200274407,0,0.1724137931034483
10639,0,0,0.22432627248100537,0,-1.0145547925232765,0,0.19480519480519481
13334,0,0,0.06099466137403642,0,-1.0745388971542575,0,0.07979695431472081
30937,0,1,0.537418381667341,0,-0.7185645239525233,0,0.1524008350730689
22705,0,0,0.0,0,-1.283579789955871,0,0.07979695431472081
31782,0,0,0.0,0,-1.500179386243262,0,0.049344978165938864
29382,1,0,0.4324954772553438,1,0.44679640488673883,1,1.0
232,0,0,0.0,0,-2.5846938455606288,0,0.049344978165938864
8707,0,0,0.0,0,-1.3760157846315877,0,0.1524008350730689
303,1,1,0.5510733230944256,1,1.6909822662048057,1,1.0
23269,0,0,0.05166011534614818,0,-1.1741950712894549,0,0.12232204561161023
1010,0,1,0.5028804997096531,0,-0.3452516418965195,0,0.07979695431472081
31670,1,1,0.543714577607099,1,0.860959153336825,1,0.9941860465116279
22298,0,0,0.10868345919826529,0,-1.0678337677152245,0,0.05655655655655656
6052,0,0,0.0,0,-2.1153976806234076,0,0.0
25101,1,1,0.659938363196123,1,0.7835859702840551,1,1.0
6959,0,0,0.0,0,-1.071618090981944,0,0.049344978165938864
7596,0,0,0.24021502488037597,0,-1.0376471726332488,0,0.1524008350730689
9731,0,0,0.0,0,-1.0847511314619778,0,0.024745762711864405
17759,0,0,0.06335661356238693,0,-1.7986731822839874,0,0.07979695431472081
26829,1,1,0.674257957935569,1,1.050030751286326,1,1.0
16363,0,0,0.3123846015269781,0,-1.0330145287496342,0,0.07979695431472081
9174,0,0,0.1862552739444615,0,-0.9883167392177699,0,0.07979695431472081
3066,0,0,0.0,0,-1.2089172412130638,0,0.05655655655655656
30278,0,0,0.0,0,-2.3925439723320396,0,0.07979695431472081
664,0,0,0.20240649647509465,0,-0.11845423269455119,0,0.46551724137931033
12458,0,0,0.0,0,-1.5827605300176328,0,0.07979695431472081
13129,0,0,0.0,0,-1.1929704811170725,0,0.024745762711864405
17263,0,0,0.4522344416454364,0,-0.05784495660949868,0,0.1524008350730689
26643,0,0,0.0,0,-1.4480757379234959,0,0.049344978165938864
6132,0,0,0.13500902418820349,0,-0.3126451647483061,0,0.12232204561161023
4948,0,0,0.11852233956444369,0,-1.0335363638965693,0,0.07979695431472081
4985,0,0,0.0,0,-1.2009567862190684,0,0.07979695431472081
31260,1,1,0.5444092387646898,1,1.6751391019159225,1,1.0
26794,0,0,0.0,0,-2.2975362872143443,0,0.0
5368,1,0,0.05722993180946657,0,-1.4785856741706829,0,0.07979695431472081
31246,0,0,0.12773824236615172,0,-1.2546045187935384,0,0.049344978165938864
8130,1,0,0.0,0,-1.1405115688732017,0,0.07979695431472081
8004,0,0,0.3163633304209658,0,-1.1037760344811391,0,0.12232204561161023
9152,0,0,0.04217283336655195,0,-1.0623306836494204,0,0.07979695431472081
30084,0,0,0.1304704341164601,0,-1.2382690138580155,0,0.1031578947368421
16437,0,0,0.057663852417898065,0,-1.2033852648632617,0,0.049344978165938864
11088,0,1,0.6570610872301458,1,0.546899911492601,0,0.1524008350730689
25418,0,0,0.07207173279918806,0,-1.5498274883920216,0,0.07979695431472081
26877,0,0,0.0,0,-2.6176098551416684,0,0.024745762711864405
1510,0,0,0.0,0,-1.349230691962626,0,0.09210526315789473
24724,0,0,0.0,0,-1.5346386485983796,0,0.024745762711864405
215,1,1,0.8070515230413033,1,2.102842184014966,1,1.0
22339,1,1,1.0,1,2.604095734707641,1,1.0
26220,0,0,0.25594763186050806,0,-0.7942093644206052,0,0.1524008350730689
7194,0,0,0.06135174405298734,0,-2.717878484779981,0,0.05655655655655656
15507,0,0,0.06420143733473144,0,-1.301660517756627,0,0.1524008350730689
11440,0,0,0.05993845289436706,0,-1.4846195338102763,0,0.07979695431472081
16938,0,0,0.056395326205177725,0,-1.3644184803941266,0,0.07979695431472081
23118,0,0,0.2094912093330952,0,-0.8940227832841021,0,0.05655655655655656
24355,0,0,0.26791427509957105,0,-0.9082803036617002,0,0.07979695431472081
1572,0,0,0.08254551202078379,0,-1.0400665848098605,0,0.12232204561161023
5594,0,0,0.0,0,-2.0598891689521652,0,0.07979695431472081
5517,0,0,0.05739360116169041,0,-1.0465574172103547,0,0.05655655655655656
16407,0,0,0.05549574181740165,0,-1.154703192400869,0,0.049344978165938864
15893,1,0,0.0,0,-1.5453886307403415,0,0.024745762711864405
20506,0,0,0.05558782299252383,0,-1.0812744197145805,0,0.07979695431472081
6621,0,0,0.0,0,-1.9061130404385223,0,0.0
11458,0,0,0.05960331258715611,0,-1.0018021583153476,0,0.07979695431472081
31751,0,0,0.09134675747163892,0,-1.0196593674538195,0,0.049344978165938864
29310,1,1,1.0,1,5.978815207259592,1,1.0
23865,0,0,0.0,0,-2.675345067973246,0,0.0
10727,0,0,0.25864964793736267,0,-0.9085401670205939,0,0.07979695431472081
7787,0,0,0.20151675499045305,0,-1.4372857031027013,0,0.07979695431472081
31475,0,0,0.0,0,-1.2119911425634249,0,0.049344978165938864
15051,0,0,0.2492550548339229,0,-0.6594599693156651,0,0.0
21270,0,0,0.0,0,-1.280572307659498,0,0.12232204561161023
31139,0,0,0.0617403591279386,0,-1.702852268656231,0,0.0
8788,1,0,0.11416892537140122,0,-1.0488909750106301,0,0.07979695431472081
23124,0,0,0.202906701936569,0,-1.210030054485741,0,0.07979695431472081
28414,0,0,0.0,0,-1.326408515208311,0,0.049344978165938864
20701,0,0,0.28197832725669914,0,-0.639411292562508,0,0.1524008350730689
26026,0,0,0.0,0,-1.2379840023913748,0,0.024745762711864405
5944,1,0,0.41978416797991547,0,-1.1142926726896976,0,0.1031578947368421
15425,0,0,0.0,0,-1.2598905278177042,0,0.024745762711864405
13515,0,0,0.0,0,-1.5183829099933401,0,0.07979695431472081
20264,0,0,0.06828206180458261,0,-1.1407124520075511,0,0.07979695431472081
6614,0,0,0.12642535093517374,0,-1.329575096984571,0,0.07979695431472081
3434,1,0,0.19903303874868555,1,0.21411039735324355,1,1.0
19365,0,0,0.0,0,-1.1400486449393283,0,0.12232204561161023
22261,0,0,0.05230136438327722,0,-1.2301028734582418,0,0.07979695431472081
29998,0,0,0.0,0,-0.9261743304350447,0,0.07979695431472081
15527,0,0,0.05714395436343293,0,-1.282717736363021,0,0.024745762711864405
12633,0,0,0.14873949925098404,0,-1.0247349520072593,0,0.12232204561161023
20774,0,0,0.06433084063189262,0,-1.2293625410359303,0,0.07979695431472081
26468,0,0,0.06059965925917997,0,-1.2428019752119097,0,0.049344978165938864
32421,0,0,0.31248453246503294,0,-0.1341097014546403,0,0.07979695431472081
27028,1,1,0.8899297986382236,1,2.4419400158412086,1,1.0
25265,0,0,0.0,0,-2.0238564613360053,0,0.07979695431472081
26335,0,0,0.0,0,-1.252851999238242,0,0.024745762711864405
6696,0,0,0.07010500790813756,0,-1.1060963979807292,0,0.07979695431472081
7831,0,0,0.0,0,-1.169762309755665,0,0.05655655655655656
23338,0,0,0.0,0,-1.1543960711659418,0,0.07979695431472081
24057,0,0,0.1243260871451018,0,-0.916712305402982,0,0.024745762711864405
30311,0,0,0.06648149506279881,0,-1.415007880573857,0,0.07979695431472081
8964,0,0,0.0,0,-1.0488396317067754,0,0.07979695431472081
7465,0,0,0.19195234358568394,0,-0.9234298801225302,0,0.12232204561161023
27845,0,0,0.0,0,-1.9017152221733418,0,0.049344978165938864
22490,0,0,0.1256882503362689,0,-1.1121820675539968,0,0.12232204561161023
31497,1,0,0.0,0,-1.0150579310941754,0,0.07979695431472081
7960,0,0,0.0,0,-1.265739492875657,0,0.07979695431472081
22659,0,0,0.20396268315345,0,-1.1442129005609627,0,0.07979695431472081
29922,0,0,0.0,0,-1.5393033071736757,0,0.049344978165938864
19824,0,0,0.17416678422841636,0,-1.0669009623807937,0,0.05655655655655656
426,1,1,0.6984702321249249,1,0.7205092671972434,1,1.0
26905,0,0,0.06858952453771636,0,-1.094779479003007,0,0.024745762711864405
1527,1,1,1.0,1,0.7790126971668254,1,1.0
5860,1,1,1.0,1,1.2683529558348388,1,1.0
31612,1,1,0.6038356329896126,1,0.7068820569591425,1,1.0
21588,0,0,0.0,0,-1.0019559689902862,0,0.07979695431472081
22774,1,1,0.9398088768921036,1,6.245137791846116,1,1.0
8298,0,0,0.0,0,-1.4761476080118856,0,0.07979695431472081
10083,1,1,0.5365033579973738,1,1.1593255956946262,1,1.0
15020,0,0,0.0,0,-1.1924580960404165,0,0.024745762711864405
4566,0,0,0.049012834398609983,0,-1.0183072773850848,0,0.024745762711864405
18323,1,1,1.0,1,2.5502558781888784,1,1.0
32503,0,0,0.39686901087552745,0,-0.5280340396496048,0,0.049344978165938864
9742,0,0,0.0,0,-3.855743597737502,0,0.1524008350730689
17829,0,0,0.0,0,-1.473074235350825,0,0.024745762711864405
21003,0,0,0.0644257552834222,0,-1.075142516768649,0,0.05655655655655656
4006,0,0,0.11974968029437227,0,-1.3056844137184842,0,0.23655913978494625
25186,0,0,0.4358530567781499,0,-0.13035705565658523,0,0.05655655655655656
22167,0,0,0.0,0,-2.055658401020301,0,0.0
13796,1,0,0.41241132436660666,1,1.3136397513787441,1,1.0
31495,0,0,0.0,0,-1.0197953234343502,0,0.024745762711864405
23535,0,0,0.0,0,-1.8003343578492603,0,0.024745762711864405
10114,0,0,0.06711956135164304,0,-1.8855455961557284,0,0.05655655655655656
23654,0,0,0.0,0,-1.797540524677955,0,0.0
31542,0,0,0.15673793484148738,0,-1.2484950750932993,0,0.07979695431472081
21689,0,0,0.0,0,-1.4146627381391161,0,0.05655655655655656
994,1,1,0.6651781580727119,1,1.7872101542019911,1,1.0
24859,0,0,0.053821024354920255,0,-1.7301770076372156,0,0.07979695431472081
5522,0,0,0.0,0,-1.0147603150788074,0,0.05655655655655656
31410,0,0,0.0,0,-1.2138949348049084,0,0.049344978165938864
11840,0,0,0.0,0,-1.4275024782877368,0,0.024745762711864405
23641,0,0,0.12150976118809603,0,-1.417483355060087,0,0.07979695431472081
6240,0,0,0.0617352326800366,0,-1.2913423405462015,0,0.12232204561161023
20697,0,0,0.12593137456639245,0,-1.075121924269424,0,0.07979695431472081
13137,0,0,0.0,0,-1.0446553145005952,0,0.024745762711864405
12761,0,0,0.0,0,-2.6941233417751667,0,0.0
4443,0,0,0.1771346144570618,0,-1.0657822962508117,0,0.05655655655655656
27366,0,0,0.31562494559715776,0,-0.9479215178553138,0,0.1724137931034483
7379,0,0,0.08650315233440564,0,-0.8895650601721377,0,0.024745762711864405
8332,0,0,0.0,0,-1.3658290424280353,0,0.05655655655655656
14927,0,0,0.16378999019869517,0,-2.8237226931929924,0,0.46551724137931033
4912,0,0,0.30359907313675616,0,-1.164059141870523,0,0.07979695431472081
12925,1,0,0.43921626046218176,1,0.9021961290013123,1,1.0
24813,1,0,0.086808939817726,0,-1.2061369027312727,0,0.07979695431472081
26357,1,1,0.7317635029614201,1,1.3566406342214115,1,1.0
30964,0,0,0.17227382782128658,0,-1.1298852556182193,0,0.07979695431472081
7943,0,0,0.0,0,-1.1831929927704419,0,0.05655655655655656
8527,0,0,0.10667036393106138,0,-1.467205918433538,0,0.07979695431472081
15918,1,1,1.0,1,3.4742443131951912,1,1.0
8611,0,0,0.12017882999453028,0,-1.0322806562079963,0,0.07979695431472081
20010,0,0,0.0,0,-1.2526301699368743,0,0.07979695431472081
11720,0,0,0.0,0,-2.07894198330743,0,0.07979695431472081
4764,0,0,0.22424162641574488,0,-1.132182381572529,0,0.12232204561161023
467,0,0,0.06466094885658663,0,-1.8408727542770933,0,0.049344978165938864
3534,0,0,0.19522277975421434,0,-1.0404829771298258,0,0.07979695431472081
8576,0,0,0.0,0,-1.4588122379466075,0,0.0
14871,0,0,0.313673433416522,0,-1.0592831753378134,0,0.07979695431472081
8614,0,0,0.3860579922853593,0,-0.04518441732285622,0,0.02127659574468085
1434,0,0,0.0,0,-1.9323511504286626,0,0.07979695431472081
31082,0,0,0.0649264048689564,0,-1.5005928917861802,0,0.07979695431472081
17131,0,0,0.0,0,-1.9986966325603368,0,0.05655655655655656
32000,0,0,0.0,0,-2.0369529082589737,0,0.007952286282306162
8695,0,0,0.10925840141541862,0,-1.0685405237666914,0,0.024745762711864405
22494,0,0,0.11233241185116498,0,-1.3117008437793307,0,0.12232204561161023
32378,0,0,0.0,0,-1.7817515420676728,0,0.23655913978494625
27589,0,0,0.0,0,-1.2577596646531832,0,0.024745762711864405
7652,0,0,0.23472761719081078,0,-1.0693875279311604,0,0.07979695431472081
6897,0,0,0.0,0,-1.1251884848041218,0,0.07979695431472081
22090,0,0,0.14505876815959048,0,-1.1471769194065802,0,0.07979695431472081
3005,0,0,0.18274339708955134,0,-0.9929996492367681,0,0.07979695431472081
9304,1,0,0.18959026424256942,0,-1.0856886961421486,0,0.12232204561161023
16487,0,0,0.0,0,-1.256963143895333,0,0.07979695431472081
24969,0,0,0.0,0,-1.0615814696537755,0,0.024745762711864405
30433,0,1,0.6443751262585997,1,0.21616930688883335,0,0.1524008350730689
11065,0,0,0.31212952292364005,0,-1.2938842346519548,0,0.1524008350730689
26998,0,1,0.808265454492426,1,1.3940250008900514,0,0.1524008350730689
21284,0,0,0.08334750881180027,0,-1.047611137569386,0,0.05655655655655656
12013,0,0,0.0,0,-1.5195567361891915,0,0.07979695431472081
27949,0,0,0.0,0,-0.8697577398260896,0,0.049344978165938864
24037,1,1,0.6778026110341205,1,1.2270459616446598,1,1.0
23958,1,1,0.8123170525521202,1,2.9338372718579726,1,1.0
25837,0,0,0.20263617945425041,0,-1.0500142109262454,0,0.07979695431472081
17719,0,0,0.0,0,-1.7959151223110021,0,0.0
9698,0,0,0.18559228131592814,0,-0.8337579972030178,0,0.049344978165938864
18091,0,1,0.7326517557748538,1,0.31457599900666183,0,0.1524008350730689
30969,0,0,0.2728866557141103,0,-0.8988554123948216,0,0.07979695431472081
9688,1,1,0.8301314825256016,1,0.6347127747903083,1,1.0
21974,0,0,0.05965886111739555,0,-1.1842200487261225,0,0.05655655655655656
5599,0,0,0.08520916266129826,0,-1.217882861571814,0,0.16833333333333333
31184,0,0,0.054583183725329006,0,-1.1326467699551273,0,0.024745762711864405
2949,0,0,0.11898710329259414,0,-1.0483322031863314,0,0.12232204561161023
12460,0,0,0.05756725381283769,0,-1.0621251759440242,0,0.049344978165938864
7412,0,0,0.0,0,-1.2953896246881131,0,0.07979695431472081
18602,1,0,0.12996399043390652,0,-1.0597081533607362,0,0.049344978165938864
7689,0,0,0.0767837540349452,0,-1.0789476134991416,0,0.05655655655655656
9798,0,0,0.0,0,-1.0641384232675875,0,0.07979695431472081
30258,0,0,0.20017442389856105,0,-1.4794678310193725,0,0.1031578947368421
18685,0,0,0.44444732788915037,0,-1.738344314530913,0,0.1724137931034483
28644,0,0,0.059536555174572535,0,-1.2777205219251044,0,0.024745762711864405
3565,0,0,0.0,0,-1.0099416197063928,0,0.07979695431472081
26874,0,0,0.06045464302988705,0,-1.1912621266246068,0,0.049344978165938864
17243,1,0,0.07415905417900782,0,-1.4168534972351317,0,0.12232204561161023
25432,1,0,0.14363012660463143,0,-1.132517939897549,0,0.07979695431472081
21154,0,0,0.0,0,-1.081393748053641,0,0.024745762711864405
31167,0,0,0.0,0,-2.0651293980947862,0,0.0
12743,0,0,0.0,0,-1.899228866433194,0,0.024745762711864405
32072,0,0,0.0,0,-1.9494854199249887,0,0.024745762711864405
4516,0,0,0.05996430114188231,0,-1.1886272408923313,0,0.07979695431472081
7842,0,0,0.17419875034200968,0,-1.0623880478862517,0,0.1524008350730689
15708,0,0,0.0,0,-1.1235994234254956,0,0.049344978165938864
3913,0,0,0.0,0,-1.8310833360433914,0,0.07979695431472081
19276,0,0,0.11220429976081563,0,-1.2717612237700284,0,0.12232204561161023
31551,1,1,0.7402236394973872,1,1.0056028833032564,1,1.0
4717,1,0,0.058326703896631464,0,-1.1943625502669246,0,0.12232204561161023
15787,0,0,0.31226485535469534,0,-1.8674072122307535,0,0.1524008350730689
32543,0,0,0.0,1,0.045996199705063134,0,0.024745762711864405
30402,0,0,0.06873734975025246,0,-1.360928520151416,0,0.049344978165938864
18736,0,0,0.364921699884025,0,-1.0644940479755676,0,0.07979695431472081
8639,1,0,0.2060247156217914,0,-1.1433902639297595,0,0.23655913978494625
24780,0,0,0.25401266749625606,0,-0.7673644155749666,0,0.16833333333333333
17423,0,0,0.0,0,-2.0497284976242236,0,0.07979695431472081
4284,0,0,0.22003482133543179,0,-1.148747357916036,0,0.049344978165938864
14928,0,0,0.0,0,-1.1662464357481936,0,0.049344978165938864
3219,0,0,0.0,0,-1.1143441908451526,0,0.05655655655655656
19310,0,0,0.07083441505301295,0,-0.9827124658253121,0,0.17073170731707318
19585,0,0,0.1054836852829944,0,-1.1250979794729674,0,0.07979695431472081
14748,0,0,0.059982106492318055,0,-1.1064685324948234,0,0.049344978165938864
20457,0,0,0.06704886132286694,0,-1.407131682073011,0,0.05655655655655656
31964,0,0,0.2696170039855953,0,-0.7411808382081988,0,0.07979695431472081
11232,0,0,0.0,0,-2.667714106381091,0,0.0
30415,0,0,0.0,0,-1.2852180737904089,0,0.05655655655655656
3738,0,0,0.06129558303259138,0,-1.5478747160830184,0,0.02127659574468085
25552,0,0,0.0,0,-1.517067427273936,0,0.024745762711864405
18411,0,0,0.238002116673991,0,-1.0203163846317713,0,0.07979695431472081
18727,0,0,0.41688599378165625,1,0.10147292006539949,0,0.07979695431472081
8481,0,0,0.06514322369686813,0,-1.0828367880955359,0,0.05655655655655656
22472,1,1,0.8763798964841343,1,4.385783134734706,1,1.0
21654,1,0,0.12674509562040415,0,-1.3126189150775278,0,0.07979695431472081
8151,1,0,0.1724831247463963,0,-1.2648855320993855,0,0.05655655655655656
10028,0,0,0.2466193660010191,0,-1.1021001628193985,0,0.07979695431472081
17039,1,1,0.8361673541411094,1,2.1904741323561403,1,1.0
480,0,0,0.09075520495064147,0,-1.0089822718852486,0,0.04
9331,0,0,0.0,0,-2.48591571808316,0,0.07979695431472081
27944,0,0,0.05601426790151609,0,-1.077879417037669,0,0.049344978165938864
9221,1,0,0.11138569989144509,0,-0.8616488372175994,0,0.12232204561161023
27735,0,0,0.0,0,-0.8648098672438176,0,0.024745762711864405
13498,0,0,0.05216295960070445,0,-1.808854504422035,0,0.0
28586,1,0,0.058667826566200926,0,-1.1189754807595356,0,0.07979695431472081
12937,0,0,0.060525697666830774,0,-1.0551665618282906,0,0.049344978165938864
17671,0,0,0.1043523113935772,0,-1.0166524759066973,0,0.07979695431472081
28310,0,0,0.0,0,-1.9668825570932458,0,0.0
7642,0,0,0.0,0,-1.1935961190608464,0,0.024745762711864405
7471,0,0,0.0,0,-1.320387334758871,0,0.05655655655655656
1072,0,0,0.04980270031216325,0,-1.2055087636259803,0,0.12232204561161023
2720,0,0,0.0,0,-1.3835866697477255,0,0.1031578947368421
4181,0,1,0.6602001260646985,0,-0.13901645718034766,0,0.12232204561161023
23121,0,0,0.0,0,-1.479559363631453,0,0.16833333333333333
11714,0,0,0.0,0,-1.0494120363132444,0,0.024745762711864405
4582,0,0,0.0,0,-1.003832956789402,0,0.05655655655655656
16661,0,0,0.0,0,-1.3276999192212593,0,0.05655655655655656
3717,0,0,0.25169936730701387,0,-0.7597178299576826,0,0.12232204561161023
26532,0,0,0.0,0,-1.7041072630358278,0,0.17073170731707318
18,1,1,0.6601466598393085,1,1.6016997435408742,1,1.0
29529,0,0,0.2559896645013529,0,-0.8916760662803545,0,0.09210526315789473
3343,0,0,0.19271833619681825,0,-0.8988236013098221,0,0.09210526315789473
31005,0,0,0.06618771689432786,0,-1.5978643004569526,0,0.07979695431472081
29262,1,0,0.05863459197585022,0,-1.0603632775954699,1,1.0
9571,0,0,0.0,0,-1.6489108923770404,0,0.0
31837,0,0,0.0,0,-1.2518012957393663,0,0.024745762711864405
24929,0,0,0.0,0,-1.7575980513467648,0,0.0
5421,0,0,0.13972247205393656,0,-1.1477083552864744,0,0.05655655655655656
17628,1,1,0.9490178848672077,1,1.6739752143216147,1,1.0
12397,0,0,0.0,0,-2.4540795750392266,0,0.024745762711864405
15522,0,0,0.10358944675673334,0,-1.132006968775893,0,0.049344978165938864
19294,1,1,0.8628668629070807,1,1.6536219417171654,1,1.0
22525,0,0,0.1585962655770408,0,-1.1013644287500575,0,0.024745762711864405
5149,0,0,0.4589058470806282,0,-1.531627289333095,0,0.1524008350730689
18230,1,1,0.9403800923451902,1,7.538098171572337,1,1.0
22965,0,0,0.0,0,-1.81217739179147,0,0.07979695431472081
12733,0,0,0.0,0,-2.5817993241903867,0,0.0
23354,0,0,0.0,0,-2.3378819420131367,0,0.07979695431472081
20313,1,0,0.3462724024734965,1,0.5848478527394376,1,1.0
25692,0,0,0.059980513689868696,0,-1.1394224566403022,0,0.024745762711864405
13012,0,0,0.0,0,-1.0625886944206748,0,0.024745762711864405
31779,0,0,0.06608852711984595,0,-1.065034657885081,0,0.049344978165938864
525,0,0,0.22900591132075876,0,-0.9491202603166762,0,0.049344978165938864
1288,0,0,0.3131430684067755,0,-0.5535928235892873,0,0.27058823529411763
28297,0,0,0.07153683938668863,0,-1.3384112215903836,0,0.049344978165938864
11431,0,0,0.27793262534646906,0,-0.8111582302416549,0,0.16833333333333333
14640,1,0,0.11352756462169841,0,-1.1559038358675404,0,0.049344978165938864
17195,1,1,1.0,1,6.804823048071136,1,1.0
25159,0,0,0.13165736232477826,0,-3.617332649139762,0,0.049344978165938864
11991,0,0,0.1303153841804517,0,-1.6665052113678045,0,0.07979695431472081
18657,0,0,0.0,0,-1.5264690651819093,0,0.024745762711864405
3552,0,0,0.05733411984211458,0,-1.2171379960885642,0,0.024745762711864405
18325,1,1,0.9430588175305487,1,6.135065073825274,1,1.0
31851,0,0,0.3484293152279707,0,-0.6908500491150642,0,0.07979695431472081
725,0,1,0.591997347765158,0,-0.35866963583042905,0,0.024745762711864405
13781,1,1,1.0,1,5.980529579306016,1,1.0
28793,0,0,0.0,0,-1.318681602654663,0,0.02127659574468085
4482,0,0,0.0,0,-1.258391689190669,0,0.1031578947368421
26327,0,0,0.12410095461471098,0,-1.508521284534876,0,0.02127659574468085
19425,0,0,0.0,0,-1.1642201377486647,0,0.07979695431472081
29650,0,0,0.14628507171706842,0,-1.2958703262069862,0,0.07979695431472081
8311,0,0,0.0,0,-1.274381207693451,0,0.05655655655655656
16839,0,1,0.5322609803848437,0,-1.0376731617149542,0,0.16901408450704225
27002,0,0,0.11944956105614304,0,-0.8635068070220604,0,0.12232204561161023
3790,0,0,0.0,0,-1.5172261860951068,0,0.05655655655655656
19595,0,0,0.1354604805749365,0,-0.9302235750677816,0,0.23655913978494625
10962,0,0,0.0886704624319995,0,-1.1569106623112937,0,0.07979695431472081
6670,0,0,0.0,0,-1.2346556481610402,0,0.07979695431472081
24338,0,0,0.2520462509587525,0,-1.2221354284737995,0,0.42424242424242425
18909,0,0,0.0,0,-1.3385249126771852,0,0.02127659574468085
5955,0,0,0.2478506611608255,0,-1.1283605705368975,0,0.07979695431472081
3441,0,0,0.060630107324593494,0,-1.389775375127653,0,0.05655655655655656
11005,0,0,0.05571529178234098,0,-1.0216284197302832,0,0.024745762711864405
7962,0,0,0.06397459540860863,0,-1.3081128927521068,0,0.07979695431472081
17698,1,1,0.7444512443414144,1,1.1392700663492985,1,1.0
29425,1,0,0.1350773595586956,1,0.17020725363265848,0,0.05655655655655656
16790,0,0,0.3658359802886799,0,-0.8712870309234928,0,0.12232204561161023
15822,1,0,0.0,0,-1.2187572719462603,0,0.024745762711864405
18102,1,0,0.2528595406499911,1,0.019012212307522314,1,1.0
25769,0,0,0.23379384993346528,0,-0.9814771438259304,0,0.024745762711864405
20286,0,0,0.17951999076540576,0,-1.1905363917829868,0,0.16833333333333333
26665,0,0,0.0,0,-1.1963706867860866,0,0.049344978165938864
13930,0,0,0.0,0,-1.1005206877152185,0,0.024745762711864405
3742,1,0,0.20398738512053202,0,-1.0965438085819477,0,0.12232204561161023
20159,0,0,0.20777240197571345,0,-1.1415685061038379,0,0.08928571428571429
19560,0,0,0.3188013607656364,0,-0.4074781576880477,0,0.1031578947368421
16737,0,0,0.15819633804978525,0,-1.3051382588289075,0,0.36792452830188677
23810,0,1,0.7529388515979877,1,0.6616191187025038,1,0.7674418604651163
14861,0,0,0.05810446124024508,0,-1.2915306624198941,0,0.1524008350730689
18057,0,0,0.0,0,-2.5658060684156623,0,0.049344978165938864
14480,0,0,0.3136752039916544,0,-1.0842941464121285,0,0.07979695431472081
18433,0,0,0.12700477666625645,0,-1.093319727057128,0,0.049344978165938864
30123,0,0,0.13817934020445904,0,-1.202531787802355,0,0.12232204561161023
20138,0,0,0.06311094834423889,0,-1.3729879188171346,0,0.12232204561161023
9039,0,0,0.0,0,-1.438103734706584,0,0.05655655655655656
23863,0,0,0.06608542184234094,0,-1.0803435212516468,0,0.024745762711864405
9153,1,1,0.7062307132469546,1,3.3170256257626303,1,1.0
18400,1,0,0.40478488976712584,1,0.3665763527806562,0,0.07979695431472081
7381,0,0,0.0,0,-1.0370935150677436,0,0.05655655655655656
17683,0,0,0.0,0,-1.0725686820629,0,0.024745762711864405
31971,0,1,0.8381422962586318,1,1.414984143107552,1,0.7674418604651163
22054,0,0,0.0792063619239809,0,-1.0888642892467597,0,0.05655655655655656
28306,0,0,0.06417319157005397,0,-1.0713641234389795,0,0.05655655655655656
27018,0,0,0.0,0,-2.2076488536599927,0,0.024745762711864405
32506,0,0,0.0,0,-0.9361556029001068,0,0.024745762711864405
5679,0,0,0.0,0,-1.145612541095791,0,0.024745762711864405
8694,0,0,0.34599612606002367,0,-1.3431300785548517,0,0.36792452830188677
7227,0,0,0.0,0,-1.067183044233917,0,0.024745762711864405
22193,1,1,0.5857417673980222,1,1.6577819504186428,1,1.0
12595,0,0,0.059521927682238206,0,-0.9997018163084253,0,0.049344978165938864
5286,1,0,0.4242778799184418,0,-0.3444721877478109,0,0.1524008350730689
12099,1,1,0.5448948395226896,1,1.15286915504119,1,1.0
12530,0,0,0.06297247309712609,0,-1.6133172522477626,0,0.16833333333333333
30026,0,0,0.07230853701109174,0,-1.023554305203262,0,0.12232204561161023
30929,0,0,0.0,0,-1.5287259069953696,0,0.024745762711864405
27372,0,0,0.05715937160109264,0,-1.1359083583461542,0,0.049344978165938864
31477,0,0,0.0,0,-2.2160237337664928,0,0.007952286282306162
21895,0,0,0.3398769941382094,0,-1.2930139034260413,0,0.024745762711864405
9648,0,0,0.15847765229325905,0,-1.477277325506589,0,0.07979695431472081
19137,0,0,0.0482416557290742,0,-1.195886489860162,0,0.12232204561161023
14621,1,0,0.10786160409243058,0,-1.3508910368075389,0,0.1524008350730689
31780,0,0,0.06030626286252086,0,-1.3849683011271154,0,0.024745762711864405
31770,0,0,0.32164449477628193,0,-0.684156607423843,0,0.19480519480519481
14619,0,0,0.0,0,-1.1637094439760667,0,0.024745762711864405
29465,0,0,0.3443195820254228,0,-0.8320499024808172,0,0.049344978165938864
13030,0,0,0.07271639256285145,0,-1.0880048841551018,0,0.049344978165938864
3088,0,0,0.05647327211492631,0,-1.1173787756781481,0,0.12232204561161023
28296,0,0,0.0,0,-1.107525169247453,0,0.024745762711864405
917,0,0,0.05358365374981277,0,-1.943024221500802,0,0.049344978165938864
25,1,1,0.7960422712547824,1,4.357289424526895,1,1.0
16436,0,0,0.11977260615987334,0,-1.5825202567480487,0,0.12232204561161023
7238,0,0,0.1435396110788207,0,-1.071601121446164,0,0.07979695431472081
21946,0,0,0.12220785310108392,0,-1.0108845603377192,0,0.024745762711864405
32490,0,0,0.057482957626492304,0,-1.1024239106895521,0,0.049344978165938864
17866,1,1,0.8099190222742818,1,2.2074652278331577,1,1.0
9495,0,0,0.10372875173731785,0,-1.3963139888008378,0,0.049344978165938864
18290,0,0,0.0,0,-2.9461390068933246,0,0.0
20367,0,0,0.0,0,-1.2734490038654607,0,0.12232204561161023
31124,0,0,0.0,0,-2.1972004254864745,0,0.0
13217,0,0,0.40041247904593485,0,-0.9602249060736372,0,0.1524008350730689
8459,1,0,0.08084698396032233,0,-1.4147062499590985,0,0.07979695431472081
22883,0,0,0.2435624513298245,0,-2.2677861418164755,0,0.0
17025,0,0,0.0,0,-1.4156629827027947,0,0.07979695431472081
13353,0,0,0.06236987513755684,0,-1.1071902678648589,0,0.049344978165938864
23371,0,0,0.14464463014345064,0,-1.101000850072405,0,0.024745762711864405
18721,1,1,0.9527216859150807,1,2.415018859711777,1,1.0
14556,0,0,0.0,0,-2.005655978611155,0,0.02127659574468085
28836,1,0,0.0,0,-1.1721859910343393,0,0.07979695431472081
17374,0,0,0.17952477186268473,0,-1.50341385264387,0,0.1524008350730689
2835,0,0,0.0,0,-1.0605305654859982,0,0.07979695431472081
13638,0,0,0.0553696678767341,0,-1.1252574927687191,0,0.07979695431472081
1353,0,1,0.5494329626579151,1,0.38565670691265025,0,0.1724137931034483
13637,0,0,0.0,0,-2.2698587668569545,0,0.007952286282306162
5356,0,0,0.0,0,-2.1939583455037814,0,0.0
14017,0,0,0.052761476663648194,0,-1.7742095529655502,0,0.024745762711864405
9043,0,0,0.11281385404968206,0,-1.1006748396436008,0,0.024745762711864405
27300,0,0,0.08310905769063721,0,-1.0768884696101617,0,0.024745762711864405
10464,1,0,0.3053035447241386,1,0.27808112909109156,1,1.0
12661,0,0,0.48355777519736753,0,-0.2901411889825149,0,0.18
20581,0,0,0.0,0,-1.8277656439639745,0,0.0
22645,1,1,0.8737238923884587,1,1.450859191743024,1,1.0
18488,0,0,0.11893149499135842,0,-1.1441979768959656,0,0.049344978165938864
31805,0,0,0.14944736804490932,0,-1.1338310740474102,0,0.024745762711864405
19133,0,0,0.0,0,-1.4277268179472953,0,0.02127659574468085
28057,0,0,0.11394677998374145,0,-1.195904388929606,0,0.07979695431472081
19402,1,0,0.0,0,-0.9961162686364173,0,0.08928571428571429
30805,1,1,0.6545348191885549,1,0.0552776043943764,1,0.7674418604651163
13045,0,0,0.0,0,-1.5123105138014867,0,0.007952286282306162
8241,0,0,0.22624470441170239,0,-1.4271969838815124,0,0.1524008350730689
24378,0,0,0.0,0,-1.7142371730466865,0,0.0
26755,1,1,0.885767498767344,1,3.108241467809734,1,1.0
22911,1,1,0.9358580865716593,1,3.0585185851442716,1,1.0
3840,0,0,0.0,0,-1.1236815291612825,0,0.12232204561161023
12776,0,0,0.0,0,-1.0475115727594162,0,0.024745762711864405
11370,0,0,0.0,0,-2.508589510973662,0,0.07979695431472081
10843,0,0,0.2192253252653267,0,-1.4567308544715725,0,0.07979695431472081
12734,0,0,0.0,0,-2.6851070277931974,0,0.0
22455,0,0,0.2936516092676033,0,-1.3088160331692036,0,0.07979695431472081
3293,0,0,0.2554236837395865,0,-1.0923529759779662,0,0.12232204561161023
30318,0,1,0.6037183250327302,1,0.11797402072287838,0,0.1524008350730689
26148,0,0,0.0,0,-1.3095200957626798,0,0.1031578947368421
29215,0,0,0.06088744506732705,0,-1.4913749048924687,0,0.049344978165938864
29513,0,0,0.13294941268736868,1,1.3309655583192312,0,0.1524008350730689
12480,1,1,0.6596775151091765,1,2.3741409150797987,1,1.0
26604,0,0,0.06368555562739829,0,-2.5940388954056055,0,0.0
4940,0,0,0.06413374298057341,0,-1.2039342231717625,0,0.05655655655655656
4241,0,0,0.0,0,-1.3429086391180536,0,0.05655655655655656
3847,0,0,0.0,0,-1.1417409365743272,0,0.08928571428571429
28620,0,0,0.05741402852928378,0,-1.7741339706408312,0,0.007952286282306162
31693,1,0,0.1683021588706429,0,-0.5461968603766034,0,0.2
13944,0,0,0.11465852061300175,0,-2.6116058779135085,0,0.02127659574468085
10630,0,0,0.0,0,-1.9120274383310556,0,0.07979695431472081
30370,0,0,0.0,0,-0.721065496247024,0,0.05655655655655656
10726,0,0,0.08288828314804031,0,-1.1369962486616072,0,0.024745762711864405
23393,0,0,0.0,0,-1.174508418917447,0,0.024745762711864405
12957,0,0,0.1894039267353915,0,-1.3768697073703615,0,0.1524008350730689
21761,0,0,0.054959149055769374,0,-1.190737577446272,0,0.07979695431472081
5203,0,0,0.10565865055142984,0,-1.1550779473138362,0,0.007952286282306162
8089,0,0,0.2919579068897342,0,-0.8998176883963225,0,0.16833333333333333
22434,0,0,0.08726176229064125,0,-1.1636377131818498,0,0.07979695431472081
28636,0,0,0.056497922442824075,0,-1.1461045504578442,0,0.024745762711864405
30268,0,0,0.0,0,-1.7515843789627108,0,0.02127659574468085
7160,0,0,0.29555583329352625,0,-1.065025535664071,0,0.07979695431472081
9488,0,0,0.0,0,-1.1880544483333506,0,0.049344978165938864
2190,0,0,0.0,0,-1.7558064690644843,0,0.07979695431472081
29313,1,0,0.30563381925606586,1,0.37668058137182864,1,1.0
6012,0,0,0.06053573723503709,0,-1.0883774995409872,0,0.07979695431472081
753,0,0,0.41355370913613543,0,-0.7387662790868057,0,0.1524008350730689
26881,0,0,0.0,0,-1.6298531947707884,0,0.049344978165938864
23131,0,1,0.630055937675058,0,-1.159862154988312,0,0.1524008350730689
19736,1,0,0.4518716287005967,1,0.6314286205799138,0,0.09210526315789473
6993,0,0,0.06960149732804137,0,-0.9867630652652306,0,0.024745762711864405
19093,0,0,0.05772201871024933,0,-1.0576900417646913,0,0.12232204561161023
25640,1,0,0.05258176601823129,0,-1.3287426229726522,0,0.024745762711864405
4388,0,0,0.13494446489496187,0,-1.1305172127083365,0,0.12232204561161023
18435,1,1,0.7101859994761761,1,0.45336123819846935,1,1.0
7391,1,1,0.6218407915580221,1,1.49760462690107,1,1.0
20145,0,0,0.0,0,-1.3154645300911902,0,0.12232204561161023
31624,1,1,0.7711838470808975,1,2.537222189383511,1,1.0
31836,0,0,0.06673984851583493,0,-0.6919107272253813,0,0.049344978165938864
