source_row,actual,PCA1,PCA2,KMeans,DBSCAN,Hierarchical
10314,0,-0.9803568174937766,0.18089469419956325,1,0,0
10489,0,-0.8746347086318293,-2.0917548932209944,1,0,0
2478,1,-1.621171900541721,0.37932408383065336,1,0,0
21996,0,0.47903783004157163,-1.0535395782000647,1,0,0
6399,0,-1.4890376376630925,-0.21164158576261333,1,0,0
21025,0,0.40373664624799066,-1.1062258643662541,0,0,0
22434,0,0.4354022338396451,-0.15337779579544275,1,0,0
9883,0,-0.9579044099202643,0.2956166598940559,1,0,0
3061,0,-1.5650732077259397,0.5381768235408843,1,0,0
17487,0,-1.0392731370317378,-0.590837268952876,1,0,0
18816,1,0.767689861023238,-0.9182220375504762,0,0,0
25744,0,1.4671896379780294,0.30721989234740715,0,0,0
9665,0,-0.3354061296308464,0.591836074040711,1,0,0
23398,1,0.25102231258344837,3.6406351336848437,1,0,0
30278,0,3.0127381543640235,-0.9721986343565356,0,0,0
18150,0,1.1365090461300658,3.030587132548535,0,0,0
20913,1,0.06428506721470807,-0.6228015096173505,1,0,0
20366,0,0.21905271351691227,-0.03426108145149799,1,0,0
7407,1,-0.6533522466256162,-0.05274654816954642,1,0,0
13381,0,-0.20518369379619306,2.2340170654098004,1,0,0
2345,1,-1.68873910907369,-1.5043245873901665,1,0,0
9229,0,-0.2374982322403789,-0.0469805269149889,1,0,0
25374,0,0.5261163270456829,0.39057790953546445,1,0,0
2623,1,-0.9120757100463338,-1.0856977376585712,1,0,0
31567,0,4.015373938477647,-1.2970405602665283,0,0,0
28130,0,0.6262644035251197,-1.325839814007808,0,0,0
12748,0,-0.4858067879118487,-0.5152119532566266,1,0,0
12531,0,-1.4700832644148059,0.01676697620221683,1,0,0
10843,0,-0.9330420387358703,0.48703610400320163,1,0,0
13987,0,-0.5998825843805632,0.37654975414854513,1,0,0
25752,0,1.5182682796804434,0.8894682427732069,0,0,0
7054,0,-1.0660970634438842,-1.8361249035568272,1,0,0
17282,0,-1.1261485728301224,-1.99050972174524,1,0,0
27556,1,1.7367017720287732,-0.7976527964883076,0,0,0
9401,0,-1.187287181637161,1.444878014445957,1,0,0
23190,1,0.13686048114218516,0.5211958989187282,1,0,0
7249,1,-1.3272471012811036,1.3527096774460343,1,0,0
27475,1,0.35169820325760753,0.6447162178842023,1,0,0
26025,0,-0.27482225651563336,3.740680409000323,1,0,0
1256,1,-0.9896283447422721,1.650332556245422,1,0,0
3771,0,-1.221890390514852,-0.6857083679109464,1,0,0
16487,0,-1.0743969318279318,-0.5796242049724099,1,0,0
2869,0,-1.2684802028073476,0.6185797859525597,1,0,0
1831,0,-0.7449853330816861,0.7837255998129226,1,0,0
25386,0,1.2229187766703193,1.0347743115091663,0,0,0
7871,0,-0.6356325930086432,-0.6355269964271864,1,0,0
2263,0,-1.1406035301198656,-1.4208224372740228,1,0,0
9440,0,-0.8271827402248805,-0.04350851619507139,1,0,0
29144,0,5.207607101976738,0.7088487291460206,0,-1,0
2674,1,-1.0423188522522588,-1.2337995484172288,1,0,0
31872,0,3.7788249286601054,0.4617540304443145,0,-1,0
13726,0,-0.22798583184549356,-0.3338515438447798,1,0,0
15452,0,-0.6503706075584944,-0.4602221878845862,1,0,0
9831,1,-0.9018956404601555,1.8201851352432163,1,0,0
25397,0,0.6032149147793909,-1.5982517467447643,0,0,0
3671,1,-1.0557921543583886,1.2250719207567002,1,0,0
2751,0,-0.9298951836670016,0.6610287031496758,1,0,0
19670,0,0.35418063576632425,-1.2265853325003515,1,0,0
8810,0,-1.1408432531815147,0.18024142933109777,1,0,0
110,1,-1.318054930705513,0.08800081995438928,1,0,0
21284,0,0.7101071468299252,-1.3891636458758208,0,0,0
26031,0,1.7424016702112912,-0.32219183064780715,0,0,0
22018,0,0.26392014201112524,-0.37129680076491894,1,0,0
7067,1,-0.9826255358641945,0.10801171214974102,1,0,0
1245,1,-0.9698689718575901,3.6292056781285216,1,0,0
14199,0,-0.24179100699218245,-0.0743905462240221,1,0,0
11883,0,-0.5738863725647289,-0.8266294037742515,1,0,0
20747,0,0.6676540200599715,-0.65556877418977,0,0,0
11020,0,-0.8184658065846543,-1.2667035846841774,1,0,0
19371,1,0.03851471745074405,-0.4747943066690257,1,0,0
19575,0,0.33782768413344333,0.7061598197742939,1,0,0
12895,0,-1.0484058232173104,2.7354220635609026,1,0,0
26906,0,0.6740080316250644,-0.5664626122741712,1,0,0
20342,0,1.2325438244470404,-0.040074168242219446,0,0,0
17714,1,-1.71013562774145,0.13992748063383725,1,0,0
21320,0,0.7794242115828095,-0.03111147078960365,0,0,0
31599,0,3.189507659357525,-0.9678213913844873,0,0,0
23274,1,-0.01423858816532887,0.25442091206878387,1,0,0
30880,1,2.1214325472787645,0.8829476677373698,0,0,0
26559,0,-0.15982395071092803,-1.0299512718040744,1,0,0
16880,0,-1.781138549109816,-0.8319922401575728,1,0,0
20183,0,-0.04495839229627304,-0.8877171231716692,1,0,0
20980,0,1.1822180572277363,-0.3015303451387113,0,0,0
27763,0,0.9163427745514977,-1.1386470185402222,1,0,0
4842,1,-1.488955008024861,0.7861798855962103,1,0,0
8947,0,-1.1682704846600158,-1.1223074015894652,1,0,0
19434,1,0.26788548039983046,-0.05871212529407323,1,0,0
16640,0,-1.0928865061814166,0.7773767059124592,1,0,0
24116,0,2.260790904510836,1.5342455362771288,0,0,0
28881,0,0.18770516003668242,-1.3468605068288217,1,0,0
6959,0,-0.4088649229663325,-0.9476575263042604,1,0,0
26098,0,1.130783410438171,-1.4931083714036186,0,0,0
24745,0,1.2212794243145428,-0.832183108335838,0,0,0
24288,0,1.422257729035033,-0.1668444944284313,0,0,0
26654,0,0.24807572437537853,-1.0330565227479143,1,0,0
16351,0,-1.1563103414843101,-1.041909913874018,1,0,0
23578,0,1.3916452273662434,-0.9367041019693914,0,0,0
12880,0,-0.9834620600873641,-0.5220032367601142,1,0,0
11928,1,-0.8931732735279324,2.050171322052345,1,0,0
3912,0,-1.4168306382774096,-0.5756922328369254,1,0,0
31931,0,1.6269129729536675,0.8916900811195705,0,0,0
3340,0,-1.0874434377901945,-0.6389643231934812,1,0,0
6206,0,-1.3204368808910731,-0.4221584304796418,1,0,0
5458,0,-0.9428574856467684,-0.2861165185462004,1,0,0
28516,0,0.3696052415212105,-1.2877463295911327,1,0,0
21128,0,0.6905957077898256,0.7498362582838157,0,0,0
16316,0,-0.8149011611108151,-0.7444880732725672,1,0,0
31296,0,2.2396837695460783,-0.36142738227324434,0,0,0
11372,0,-1.0621103431688155,-0.7318600854319519,1,0,0
12682,0,-1.2075387766772123,-0.2762755848615897,1,0,0
15779,0,-0.873697738818669,0.02717773328660804,1,0,0
24434,0,0.688140634909284,-0.620865853080429,0,0,0
17401,0,-0.8940845688610116,-1.1433989837056682,1,0,0
5452,0,-1.0760646802667522,-0.43347786048546694,1,0,0
27119,0,0.40021474602309876,-1.324156136031305,1,0,0
653,1,-1.0170673741113923,3.1728907373943804,1,0,0
26755,1,0.20892057224627641,2.544563467897939,1,0,0
7350,0,-0.35747046758617906,-1.4306173680276617,1,0,0
16360,0,-0.8127039047755363,0.5644297679569297,1,0,0
26368,1,1.2147647217014064,-0.503283521800797,0,0,0
9362,0,-0.9917248309303835,0.2448388743946458,1,0,0
27339,0,1.181338108130076,2.1671710883690483,0,0,0
16980,0,-0.829276102568338,-0.23628531623623567,1,0,0
25510,1,0.3451415479960695,0.9146548189595773,1,0,0
23718,0,0.2862150190456696,-0.5339674329324284,1,0,0
27701,1,0.5078060423599946,1.5627103366162884,1,0,0
28144,0,0.6557286633614281,-1.0128895224589163,0,0,0
11303,1,-1.147782984012248,1.0847587059968404,1,0,0
21387,0,-0.05598661801601965,0.031717712238623505,1,0,0
13225,0,-1.3261575685614049,-0.5585427786946975,1,0,0
25097,1,0.440572887804205,2.0058270994778122,1,0,0
31874,0,2.7501544567266114,-1.9067813595292946,0,0,0
21017,0,1.161268629349119,-1.3410109056128732,0,0,0
17375,0,-1.1276011845706397,0.7338734834270642,1,0,0
1762,1,-0.9494468696732409,-0.0231067551289615,1,0,0
25295,0,0.046275251805546945,1.2137150555807676,1,0,0
27651,0,1.3729858170166747,2.8895167859367104,0,0,0
997,0,-1.4683683377875523,0.13500064630482095,1,0,0
13184,0,-0.24006252777634815,-1.3882320548508853,1,0,0
32391,0,5.233988466215554,-1.5937088860848287,0,0,2
11370,0,-0.524180510568887,-0.057884661451999844,1,0,0
24929,0,0.038542460572928226,-1.4665902230764432,1,0,0
10313,0,-0.5563463890749683,-1.2973885685224504,1,0,0
11422,1,-1.2259462903260097,0.8965271986889971,1,0,0
3291,0,-1.149424815910428,0.09889484058487959,1,0,0
22432,0,0.6400268227275255,-1.893589391697953,0,0,0
11971,0,-1.0494003057668853,-0.6004726564426497,1,0,0
18531,0,1.1412833798223982,1.6415106274360156,0,0,0
17470,1,-1.181613547258427,-0.9050151573348201,1,0,0
14771,0,-0.19839166431275118,-2.3142585183620876,1,0,0
26686,0,0.30774836776117265,-1.1590800190790367,1,0,0
22466,0,0.460026877259351,-1.1822508008700883,1,0,0
14598,0,-0.6277441890407311,-0.45143007214972014,1,0,0
6227,0,-1.4582952893191123,-0.7173754733933664,1,0,0
11143,0,-0.8907077439409499,-0.10250082396045028,1,0,0
25368,0,0.6338984004970033,-0.7939778661443554,0,0,0
9576,0,-1.0386493160293038,-1.4108021055861768,1,0,0
24293,0,0.8372012352902499,-0.505901129734861,0,0,0
19627,0,0.5422788039341273,-1.5233525015613159,1,0,0
18059,0,0.9559655504049716,0.11473546883620715,0,0,0
30581,0,2.5779321650958167,-0.3183016153210295,0,0,0
1734,0,-1.4427337394564377,-0.4608911756359148,1,0,0
19608,0,0.745336434135602,-1.3549964106711616,0,0,0
4691,0,-1.0015368332413028,-1.4208419206006975,1,0,0
7461,0,-0.5017007946339237,1.308719735766346,1,0,0
8882,0,-0.8518008832945877,0.20312573307695875,1,0,0
14067,0,-0.8395392417870036,-0.026142796002236526,1,0,0
21001,0,0.23817769377716372,-1.6219300515613477,1,0,0
22802,0,-0.05993999197798062,-1.0131041567613617,1,0,0
2460,0,-0.6703699818436742,2.327012563449044,1,0,0
9161,1,-1.0062342655288121,0.9848154851795241,1,0,0
21699,1,-0.11229884946321747,0.2788575401742929,1,0,0
7894,0,-0.9798121094756257,0.6806271877399637,1,0,0
25509,0,-0.14152554462993386,-1.256783449199505,1,0,0
971,0,-0.9841914619774476,0.038165167345737425,1,0,0
26251,0,1.9822894779389577,-1.4326723499217797,0,0,0
26281,0,0.2277629843234066,-1.931141347804089,1,0,0
5010,0,-0.6965023472153421,-0.6595793022545536,1,0,0
12936,0,-0.8299021987454399,0.2256654752390509,1,0,0
2918,0,-1.0359350456413823,-1.9382437226825402,1,0,0
1604,0,-1.6194178921478923,-1.1564131030859988,1,0,0
18062,0,1.0929712004757774,-1.2686394416659328,0,0,0
10383,1,-0.5453941632033025,1.9159939561286168,1,0,0
2919,0,-0.6869096945343892,-1.501560172860881,1,0,0
13449,0,-1.0505954529841988,-1.2756918572185092,1,0,0
23970,0,0.8757586096404645,-1.2524088341331376,0,0,0
9514,1,-0.6762928314889777,-0.015145593203783295,1,0,0
21853,0,0.04790313005193799,-0.799316237846532,1,0,0
8352,0,-0.7171694152854593,-0.7063288931600609,1,0,0
3905,0,-1.415415986394554,-1.3516210632200643,1,0,0
30330,0,3.67703844592553,-0.4101065058573492,0,0,0
2203,0,-1.1665964008654741,-1.2194641464750362,1,0,0
31410,0,2.9322574950488454,-1.2827551170151195,0,0,0
8998,0,-0.9154961094323332,-0.20015049360872744,1,0,0
29772,0,3.6117595168726773,-0.7585662346894441,0,0,0
18931,0,0.2317149910671319,-1.281904554789064,1,0,0
15699,0,0.030919391167363357,1.9074341324826187,1,0,0
1635,0,-1.001091730561276,-1.6822151334316213,1,0,0
24832,0,0.00594323131898108,-0.9318321397870768,1,0,0
9185,1,-1.7337403652716208,0.9241024159302599,1,0,0
20755,0,0.17347387398503064,-0.18549204190821927,1,0,0
5717,0,-1.410697371087545,-0.9601007483582118,1,0,0
22648,0,0.724481383378591,0.06361247997638365,0,0,0
16033,0,-0.7850692242546625,-0.18387800810569843,1,0,0
16657,1,-1.2339939179649233,2.1037000469806713,1,0,0
13964,0,0.0808097663002264,-0.06209595569202965,1,0,0
22870,0,0.11307102259756487,-0.7167254096171268,1,0,0
19338,0,-0.027478607538066614,-0.48437148188244766,1,0,0
9721,0,-1.0247481578825761,-1.8730287594763182,1,0,0
9191,0,-0.7958051954716922,2.145782100862314,1,0,0
9474,0,-1.0700309365588045,-0.33947582244685764,1,0,0
20633,0,0.6726913448434882,-1.7658388115591273,0,0,0
26174,0,0.8806245048209652,-1.574575970127668,0,0,0
26488,0,0.48094630882331696,0.8220216520730781,1,0,0
11090,0,-0.46051748225461875,-1.1600981040133487,1,0,0
4281,0,-0.808388658835188,0.7498641393573663,1,0,0
9316,0,-0.1987089381244653,-1.8838187346960853,1,0,0
16763,0,-1.2728197466006066,-1.5084455726139983,1,0,0
11171,0,-1.3765898702466206,-0.433251148436484,1,0,0
25515,1,0.4011097442679994,0.43521103791593096,1,0,0
32290,0,2.7873103068788536,-2.294015282880577,0,0,0
15427,0,-1.2889629887858514,-0.5706696945316652,1,0,0
30571,0,2.787877564062452,0.3753126298859584,0,0,0
29089,0,1.1685534226298995,0.41207043983898395,0,0,0
14035,0,-0.592014210661585,-2.4489512279696415,1,0,0
22316,0,1.3144669965690923,-0.7159597326693885,0,0,0
12440,0,-1.1063566230357045,0.5035714449360594,1,0,0
10120,0,-0.5381471892759929,-0.8180408876277632,1,0,0
14336,0,-0.4248253818228004,-1.2731901573217936,1,0,0
4838,0,-1.221265156605969,-0.8835109824736866,1,0,0
32425,0,7.39037473477317,-2.194279589544801,0,1,2
11746,0,-0.19574491156552912,-0.2557675762593521,1,0,0
31456,1,2.6828343378282833,3.346014497290026,0,0,2
13675,0,-0.07013012651153558,-1.601375084550961,1,0,0
9263,1,-1.4112463807653268,0.7022392106735111,1,0,0
17155,0,-0.9330579942241554,1.1401919366123086,1,0,0
21366,1,0.37597590472781867,0.6354687663959393,1,0,0
11127,0,-1.0661282094550093,-0.2852468170798634,1,0,0
20324,0,-0.6958838717749186,-1.0468391617616668,1,0,0
28774,0,1.2279376229886743,-0.6797518175851651,0,0,0
5946,0,-1.1075462701022063,-0.37787290519850186,1,0,0
5368,1,-1.4237877332078712,0.2539049351122963,1,0,0
13035,0,-0.40049032362065223,2.162886413815877,1,0,0
19288,0,0.2728186383687114,-1.2233108149147525,1,0,0
25518,0,1.4268036634852341,1.6261583486897009,0,0,0
20022,1,1.1273631819070313,-1.4551315129518911,0,0,0
11582,0,-0.9664921978046318,-1.5471799923128837,1,0,0
28952,0,1.0079914366469174,0.40568518484210186,0,0,0
707,0,-0.6935735783779927,1.7113745054018958,1,0,0
14471,0,-0.3977369462168572,-0.5024790479514983,1,0,0
21437,0,0.25457421142437636,-0.07252412547995744,1,0,0
28623,0,1.812153169936226,-1.612122041782945,0,0,0
4143,0,-1.2945301256648711,-0.5420463108899899,1,0,0
15799,0,-0.43199565035375587,-0.7997691491073996,1,0,0
13913,1,-1.2597192150285372,1.795439658999369,1,0,0
24919,0,0.14509405272348255,0.8536002303830534,1,0,0
7542,0,-1.425720268786398,-0.2706691517449175,1,0,0
13400,0,-1.2381180330711425,-1.5547061622023286,1,0,0
24769,0,-0.33673785553445257,-1.0045604913014718,1,0,0
10871,0,-0.6398041965501712,1.478456485748904,1,0,0
6502,0,-0.9414451132099609,-0.5525085377280977,1,0,0
842,1,-1.4663570149863878,-1.212872618765842,1,0,0
6589,0,-1.2238766538337742,-1.3644351602717741,1,0,0
10903,0,-0.7585747141943521,-1.0429620907097192,1,0,0
6335,0,-0.9832981093577647,-2.2655200821209167,1,0,0
11879,0,-0.8421469886544035,-0.40675911974245754,1,0,0
14057,0,-0.7070456198427805,0.9505069577080061,1,0,0
8740,0,-1.0985302289226453,0.2393757084399294,1,0,0
10104,0,-1.2548361671088653,-0.4749519678605711,1,0,0
20322,1,0.1517445801666706,0.6766579172618853,1,0,0
31464,0,3.6935152419431416,-1.0938765512264073,0,0,0
7281,0,-0.6297179813309454,-1.1018590021407884,1,0,0
7273,1,-1.7341290459406233,0.927878817944019,1,0,0
22058,0,0.24058876208878086,-2.3733468265092488,1,0,0
3587,0,-1.0676114965619805,-1.7612694080162759,1,0,0
25622,0,0.984495865238392,-2.2081813172667886,0,0,0
5726,0,-1.1242921177472736,0.7814928174587313,1,0,0
25486,0,0.5481221777097137,-0.4706018676546551,1,0,0
21299,1,0.5263659723362454,1.2802922428423205,1,0,0
17081,0,-1.5094145445376124,-1.4703875622333322,1,0,0
14086,0,-0.7881089903601459,-0.05903829472540807,1,0,0
308,1,-1.0521876697286352,-1.0945779548712733,1,0,0
12600,0,-1.0765939435052911,-1.0818773274987756,1,0,0
10065,0,-0.9705721838274076,-0.9454106811491758,1,0,0
4065,1,-1.2477871469135258,-0.5916304691117733,1,0,0
25993,0,1.1580690555816686,2.9616218836311874,0,0,0
14560,0,-0.7196044757167999,-2.0230050978957257,1,0,0
30007,0,2.0912152609909183,1.8911317029751584,0,0,0
11051,0,-0.5419134793077581,1.6632759004907458,1,0,0
13992,0,-1.209188027914774,0.3302437800991047,1,0,0
7036,0,-0.7011225339917346,-0.6817348047890671,1,0,0
18848,1,-0.4630419428460242,-0.4083820032782927,1,0,0
29902,0,2.916124766823246,-0.8533583489869371,0,0,0
14079,0,-0.6041941126859932,-0.3269771470931729,1,0,0
10792,0,-0.9135736126288937,-0.09674473990488654,1,0,0
31242,0,2.756028789737783,-0.5328203070786369,0,0,0
7845,0,-1.3815246130541057,0.31119348976319344,1,0,0
32174,1,3.119564085544468,0.9946753225607561,0,0,0
15907,0,0.8262634191512275,1.7712320539812292,1,0,0
31167,0,2.17134029836311,-1.030061095269584,0,0,0
18265,1,0.33765708624989965,4.03605363760999,1,0,0
3402,0,-0.9172790419468422,0.2937247092142593,1,0,0
3921,1,-1.126734725289432,-0.1571451425115457,1,0,0
17452,0,-0.7346726495315951,0.6238987055754879,1,0,0
8562,0,-0.4374713514272449,-1.2092480640156527,1,0,0
31829,1,1.7562842682968725,2.7784290301768513,0,0,0
12342,1,-0.7373978768225916,2.695194006229358,1,0,0
3564,1,-1.3578365539712556,0.1703527260522847,1,0,0
25804,0,0.6086444407562023,-0.3311903395224524,1,0,0
22397,0,0.05116736582706013,-0.5711860202544949,1,0,0
13428,0,-1.4300722034769775,0.6237017021088296,1,0,0
21344,0,1.1063963552753673,-1.558213856852839,0,0,0
10800,0,-1.169451630032013,-1.1576738648820009,1,0,0
4344,0,-1.3649359786583692,-0.038163364701618144,1,0,0
27113,1,1.0157443055131183,0.9297051243541721,0,0,0
19437,0,-0.16271815856399563,-0.8503880232508516,1,0,0
22107,0,0.3430225089236458,0.2735964071644822,1,0,0
27566,0,0.5420114571890536,-1.664245318796998,1,0,0
9580,0,-0.7658275580874733,-0.19532985805583641,1,0,0
14545,1,-0.8569290349600368,3.0128518294195232,1,0,0
9107,0,-0.7666352089210222,-0.058203372207272716,1,0,0
25847,0,0.8099559669230347,1.3937409023685308,1,0,0
13954,0,-0.34440273939319477,-1.1970370131967847,1,0,0
24630,0,-0.01831742796524747,-0.5491736659817888,1,0,0
12258,0,-0.34815964438107716,-2.312256644894301,1,0,0
11772,0,-0.5158882107590725,0.924804412622197,1,0,0
15626,0,-0.4849941789103931,1.5134147058758312,1,0,0
19536,0,0.9033457325266568,-0.14052230579602937,0,0,0
26023,0,-0.008885319940980635,0.8547406174220562,1,0,0
4763,0,-1.4248189994257845,-0.6974179003932606,1,0,0
18446,0,1.6196594860791604,1.6442055371258302,0,0,0
4891,1,-0.9568140623013331,0.24708136870105563,1,0,0
18844,0,-0.1528339814871801,-1.5007633261451827,1,0,0
9223,1,-0.9434653900533012,-0.052153711959266505,1,0,0
22401,0,0.2213907169976164,-0.12610706173276043,1,0,0
8827,0,-1.1308690076455437,0.17097538103419302,1,0,0
10299,1,-0.7963858593256381,0.575249727069718,1,0,0
24120,0,0.648580732340179,-2.1853516052878557,0,0,0
32480,1,8.89146104004963,2.272290742469082,0,-1,2
24710,0,1.4602457806034297,2.350971730257343,0,0,0
11301,0,-1.05805553782569,-1.6556844460428597,1,0,0
29528,0,1.9047575182248568,0.10585105859590509,0,0,0
9081,0,-1.3078274079438075,-0.12321086272219002,1,0,0
1783,0,-1.618757173610749,-0.23340473669150158,1,0,0
7579,1,-1.0546623925930174,0.6372351365023469,1,0,0
5383,0,-0.791489690615398,-0.03348126981404538,1,0,0
10896,0,-0.7943002634538726,0.8492183529054149,1,0,0
5812,0,-1.2928422206012207,0.21055369344273744,1,0,0
19681,0,0.3563878221272625,0.9220875399347593,1,0,0
12982,1,-0.5165189287477007,0.06085102692729226,1,0,0
18573,0,0.5967144239378742,1.408133897644257,1,0,0
6238,0,-1.48812981738105,0.4632440780034847,1,0,0
14810,1,-0.7953216225605215,1.8554124411884565,1,0,0
27394,0,1.1334207932614737,2.0538389987813073,0,0,0
18163,1,-0.23207072681495197,0.6822096456996343,1,0,0
16196,0,-0.737823504042535,-1.0576146733544114,1,0,0
18213,1,-0.09788884462971724,0.26542545292892966,1,0,0
28262,0,0.38781504147891505,1.1260142454024857,1,0,0
11529,0,-0.9079143379827624,-1.178889646047931,1,0,0
348,0,-0.034143713191522575,0.5825622601324274,1,0,0
32346,1,4.372485307427766,1.4725963602011516,0,0,2
2058,0,-0.7520888850805943,-1.2832119087913458,1,0,0
24487,0,0.5080887312731418,0.3311564191396661,0,0,0
22055,0,0.18641751826422887,-0.9727890510684991,1,0,0
10974,0,-1.3168097527339044,-1.1421572607199997,1,0,0
28139,0,1.0733842416919173,-0.6572328233796845,0,0,0
20671,0,0.861715772093005,-0.3394682730238603,0,0,0
11920,0,-0.6468014692052363,-0.14731265008437555,1,0,0
25366,0,1.4526107657366536,-0.4038519838894192,0,0,0
5989,0,-0.916050838014154,-0.7774484350222228,1,0,0
25599,0,0.9492959121850418,2.284716563420741,0,0,0
11789,0,-0.7528671225700246,0.6350367995115337,1,0,0
23226,0,0.22036067027120654,0.24570352153381625,1,0,0
3811,0,-1.0342736660139344,-0.38088983774797,1,0,0
25407,1,0.6274808141344924,1.4867558100644345,1,0,0
3994,0,-1.401847198920793,-1.4174315613046409,1,0,0
4638,0,-0.8823676135435463,-0.42279488684118954,1,0,0
17133,0,-1.2499189020328494,0.2063267033751141,1,0,0
24142,0,1.2529201359706874,-1.4761587227788542,0,0,0
25688,0,0.4097231621013816,-2.480029791771126,0,0,0
13941,0,-1.114693007404748,-0.31922427943494625,1,0,0
13445,0,-0.6100337864759579,-0.8063434335510261,1,0,0
11669,0,-1.0350288173380158,0.4937995566687578,1,0,0
15120,0,-0.04673996749822696,-0.20632808407596565,1,0,0
11073,1,-0.9648762173609491,1.4176167291607251,1,0,0
5000,0,-0.8798176189320748,-1.1035232176116623,1,0,0
8739,0,-0.8498599000207654,-0.8888236293495435,1,0,0
29634,1,2.244396304101862,1.2851742688478474,0,0,0
19138,0,-0.12852313263643078,-1.047606482366245,1,0,0
12832,0,-1.325010163420221,-1.0158267555187483,1,0,0
16287,0,-1.0851034470478091,-1.5859670422048917,1,0,0
7574,0,-0.6001893366331402,0.5338406177942242,1,0,0
22619,0,0.15865534313345406,-0.15122272542564358,1,0,0
16616,1,-1.4709722843993995,-1.5053136567484298,1,0,0
5470,0,-0.29832392102291133,-2.441583463891394,1,0,0
19579,0,0.19694080724333082,-1.3157693274300464,1,0,0
807,0,-1.0175031384248487,1.4278431089216597,1,0,0
26359,0,0.22762173034741723,-0.17057426459965624,1,0,0
32039,0,2.314915835060541,-1.565326744535821,0,0,0
21161,0,-0.25261320655081754,-0.8754007958258716,1,0,0
13377,0,-0.39929080310529774,2.096758471475584,1,0,0
27630,0,1.2151772091577346,-1.5127722076204568,0,0,0
21464,0,0.42888586902553893,-0.9740206005562677,1,0,0
29297,0,2.0010554038003643,2.275968393610981,0,0,0
24636,0,0.43486215562566977,1.7823785192102684,1,0,0
10315,0,-0.18149309990268417,0.4316359752150917,1,0,0
9308,0,-0.19193821187598573,0.32625949387008796,1,0,0
17134,0,-0.8665199983825446,1.464634145662704,1,0,0
10419,1,-1.0826221150171031,1.332318150510241,1,0,0
382,1,-0.738662680583182,3.3050335260481947,1,0,0
8779,0,-1.6022373541042023,-0.47604393967647435,1,0,0
12739,0,-0.8005922389690692,-0.39540352085777875,1,0,0
24420,0,0.2943753972381269,-0.6685339668262988,1,0,0
5396,0,-0.7600643580796419,-1.7039508973169484,1,0,0
25623,0,1.08087316481627,1.776554610545026,0,0,0
29563,0,2.5679957181966984,0.7229043675191864,0,0,0
20440,0,0.7789432852033403,-0.7947597764672145,0,0,0
26770,0,1.1357601290323815,0.27091667025235483,0,0,0
5700,1,-0.847866640644784,-0.4596319745849294,1,0,0
28109,0,0.775853663145488,-0.921321204337086,0,0,0
11656,0,-0.15212055519567652,-0.4263859761940331,1,0,0
22622,0,-0.019199926067728502,-1.6636171450670416,1,0,0
30747,1,2.6581635531848624,0.20931111667625435,0,0,0
29027,0,0.6550478217772112,-0.28071059245887814,1,0,0
8758,0,-1.268639691745017,-1.6431472152048043,1,0,0
19853,0,0.34491623281422873,1.843973868158492,1,0,0
1469,0,-1.2429141035181945,-0.6800610279224706,1,0,0
17628,1,-0.9768596513777071,0.39289764213780615,1,0,0
5160,0,-0.8113600058631028,-0.5891870671300998,1,0,0
10567,1,-0.20154435945180585,3.7212671314214716,1,0,0
10066,1,-1.0656338106581449,0.6682931598059895,1,0,0
17124,0,-1.3294859612165755,0.6290422148119268,1,0,0
23637,1,0.608729550987643,1.1825910463531608,1,0,0
16849,0,-1.1611975929451577,-0.6298412917120688,1,0,0
6074,0,-1.474963659076468,0.6544382777178358,1,0,0
10677,0,-1.174807180554174,-1.7319122488424592,1,0,0
9119,0,-0.6657503737940622,-0.12287131201334318,1,0,0
20596,0,1.7214966693767766,0.0018860886322324827,0,0,0
22689,0,0.5046612849423531,-0.3972735568210679,1,0,0
10181,0,-1.1334418488805418,-1.1646232352226815,1,0,0
12598,0,-0.7241221240503803,-1.9112633916419421,1,0,0
14706,1,-1.1399473805051732,2.467703232271503,1,0,0
15557,0,-0.3977876984837226,-1.2509094304737796,1,0,0
15421,0,-0.4383879889622258,-1.9332748232533798,1,0,0
4653,0,-1.2850876769443083,-2.0451421530547074,1,0,0
9019,0,-0.8840695814193352,0.16412881758777714,1,0,0
22054,0,0.6503831973240165,-1.9388941454902822,0,0,0
1629,0,-0.7490656498004772,2.1732602190909507,1,0,0
621,1,-0.5211943117105107,2.585382145533178,1,0,0
4262,0,-1.1630450757810722,-1.384813748486162,1,0,0
30182,1,3.8237775002687675,1.8601463152414743,0,0,0
21434,0,0.23076035680788273,-1.9606631281443823,1,0,0
11709,0,-1.007243645649764,0.6086216260696655,1,0,0
25708,0,0.7933031312812867,-1.0408203644120115,0,0,0
4342,0,-0.6037324955143002,-0.29481895900698735,1,0,0
13885,1,-0.08110745815769291,2.9477695090399534,1,0,0
6,1,0.024849956226353796,4.3484058458178865,1,0,0
22129,0,0.14954422175172816,-1.51008294752291,1,0,0
13018,0,-1.2566925611043922,-0.10178672333313211,1,0,0
1515,0,-1.281243319032727,-0.47220808801958564,1,0,0
14352,0,-0.43295232944703904,-0.4972322539508483,1,0,0
24821,0,0.5702524688822865,-0.8737011531477823,0,0,0
12323,1,-1.1272236653956742,1.2073007032402148,1,0,0
25594,0,0.17163253548819243,0.3561790331381439,1,0,0
23049,0,0.745537159934476,0.7933680923393281,0,0,0
12532,1,-1.4166556312683145,0.9838011623471357,1,0,0
29976,0,2.1090343458411285,-0.2820801960162633,0,0,0
1926,0,-1.0401005125204972,-1.042085427553192,1,0,0
20468,0,0.028397420232248526,0.4272680257747689,1,0,0
19631,0,0.26269792804828107,-1.2130282892205788,1,0,0
19147,0,-0.0452266143826363,-1.9549299652301817,1,0,0
7601,0,-1.2249026536807832,-0.4340400745048691,1,0,0
486,1,-0.885682374428751,2.546156163288939,1,0,0
14542,1,-0.9632627386876639,2.4622268141877295,1,0,0
9768,1,-1.13124610379096,0.7072231806208273,1,0,0
23772,1,0.7252020521710687,0.7854666138673596,0,0,0
14100,1,-0.8971472496472125,1.246825717711725,1,0,0
4791,0,-1.425019285352832,0.2275453208805071,1,0,0
10328,0,-1.1074163967983661,0.15328098195844514,1,0,0
15438,0,-0.2152661765273279,1.3172878055519055,1,0,0
19755,0,0.6166626800810118,-0.4301743079432239,1,0,0
27508,0,0.43726533577798254,0.2429971923279704,1,0,0
389,0,-0.11051217817554956,0.06933393999583236,1,0,0
22684,0,0.3464682188748805,-1.3092474999439545,1,0,0
3969,0,-0.7157132923220727,-1.686642000680368,1,0,0
16022,0,-0.6454056310649304,0.23380819630868838,1,0,0
12148,0,-0.6027790895659613,0.5979600278123435,1,0,0
3708,1,-1.3665243393360496,-0.5293096822623873,1,0,0
15916,1,-0.7537685121606305,2.010579150770359,1,0,0
9837,0,-0.7333689652781247,-0.7719349557763344,1,0,0
28374,0,0.11446113209506775,1.3354263735783982,1,0,0
28335,0,0.22788733489658872,1.1789140895240544,1,0,0
6859,0,-1.2510527753824225,-1.292601065661461,1,0,0
29042,1,-0.09656764861616321,2.3280721634535375,1,0,0
27931,0,-0.33437384642764034,-0.705966800718713,1,0,0
19310,0,0.9347096630795116,-2.287796255293902,0,0,0
13133,1,-1.2486368640174346,0.7312440534116569,1,0,0
31462,0,2.1280339379831346,-1.1913373476469975,0,0,0
12854,0,-0.6745805963986039,-1.0742780945625567,1,0,0
9031,1,-1.066182464121977,0.5325478072992775,1,0,0
26263,0,0.32930148380548385,1.1314096248184924,1,0,0
18703,1,0.5467318523487691,2.056507137684495,0,0,0
3853,0,-1.0924207187740418,0.20557406818325358,1,0,0
15962,1,-1.40032658046083,2.3971964882781625,1,0,0
19182,0,0.5096095122607771,-0.8696806327969278,1,0,0
14710,1,-0.622219375076494,-0.6865957370497253,1,0,0
11854,0,-0.48916660545728974,-0.351683901623188,1,0,0
18259,0,1.6205298699636683,1.1438232647505773,0,0,0
30157,0,2.006155514522783,-1.5729169481432912,0,0,0
21296,0,1.7876615570935044,-0.3319919084130167,0,0,0
26727,0,1.0488827619308683,-0.46034281147479733,0,0,0
9548,0,-1.142090992566105,-0.7579102798124636,1,0,0
3320,0,-1.1849193478872615,-0.6784349404040747,1,0,0
31807,0,2.3914008688002655,-1.807795351176453,0,0,0
19074,0,-0.3956721928820568,-0.4480305360858014,1,0,0
22725,0,1.110005394994048,-0.48455456572450756,0,0,0
26786,0,0.24688708988031757,-1.8330178195751083,1,0,0
28948,0,0.675493670676862,-1.0212872043111683,1,0,0
32424,0,5.322487530918021,-0.3866816468160938,0,0,2
23390,0,0.3182253868935588,1.2142715672992057,1,0,0
10294,0,-0.7794708779891298,-1.1525665770346554,1,0,0
12810,0,-1.1486633672381439,-0.7978757635355234,1,0,0
22350,0,0.49787004461890655,-1.1519802383383875,1,0,0
7464,0,-1.055331998936328,-1.4809239805750465,1,0,0
12011,1,-0.5989766487762199,0.4212985589028486,1,0,0
9406,0,-0.8171856179526044,-1.712994556428177,1,0,0
3334,0,-0.9711478530117181,-0.13391360196503094,1,0,0
31911,0,3.986889519774826,-0.35215868944503254,0,-1,0
21050,0,0.35092707981904264,-0.36237954648803417,1,0,0
14356,0,0.08631343715151155,0.393057588076318,1,0,0
3425,1,-1.0838446725411137,-0.4992234975450091,1,0,0
26840,0,0.9178515109036566,0.7128763338202273,0,0,0
23198,1,0.07208385460836492,1.2106514777953858,1,0,0
31665,0,1.3600721742662252,-0.3272143257529754,0,0,0
31384,0,2.2622800471161897,-0.619998869678398,0,0,0
26568,0,1.4611198527470475,-1.2122987067785613,0,0,0
24038,0,-0.04471265753255899,0.8139177697302957,1,0,0
19759,0,0.5715017978043747,-1.549122481895135,1,0,0
6321,0,-0.9096508456146654,-0.727118913780714,1,0,0
19160,0,0.18220120147773192,-1.978005314580259,1,0,0
23904,0,1.456072644384011,-0.356902979642259,0,0,0
23739,0,0.8209352722566284,-0.2427782509106396,0,0,0
20571,1,1.4507863096633777,0.12895166036731348,0,0,0
24468,1,-0.15695836513784725,1.0102321484921997,1,0,0
17432,0,-0.7712229781778391,-0.17513170823764196,1,0,0
31356,1,3.1566698308127172,1.1130412029309003,0,0,0
6698,0,-0.8419215507576981,2.0339841157617062,1,0,0
4126,0,-0.7431037160609748,-0.9498125775344732,1,0,0
23954,0,1.3941701579101067,-1.266112549125573,0,0,0
16796,0,-0.15192359106934908,-0.7329963575832721,1,0,0
8370,0,-1.266744273595935,-1.0772314872050084,1,0,0
28480,0,0.4429660014871071,-1.0642135034442026,0,0,0
22599,0,0.8148008970155906,-0.6232052207469012,0,0,0
30225,0,1.9162732435724552,-0.45008231467049403,0,0,0
19426,0,-0.37565364383031785,-1.5413865138166256,1,0,0
13336,0,-0.7340033288318689,-0.8404089886065911,1,0,0
11027,0,-1.1563060197096071,-1.979665439244459,1,0,0
25895,0,1.6528813276743433,-0.9198412680440227,0,0,0
7452,0,-1.0242097251363098,0.0856120035674197,1,0,0
4936,0,-1.1570992320109255,0.19238420778636417,1,0,0
14901,1,-1.1349923714852241,1.5430644075640247,1,0,0
30683,0,2.490627055255043,-0.8412575528161135,0,0,0
25670,0,0.4022560483389785,-0.49721618290526276,1,0,0
28258,0,0.3201712139526126,-0.7021693357112658,1,0,0
12255,1,-0.8895666646641236,1.7370115161335082,1,0,0
6784,0,-1.107665391332821,-0.26635288222475484,1,0,0
19596,0,0.10390413788655364,0.4448803651502771,1,0,0
28957,0,1.151415861834853,-1.176792204780515,0,0,0
9045,0,-0.7199805737835062,1.4184001748351236,1,0,0
27086,1,0.13501982474060728,-0.6776579983908688,1,0,0
14250,0,-0.5932405695597948,0.690067930462001,1,0,0
8883,0,-0.7177326231228537,-0.08894883698175361,1,0,0
4993,0,-1.3227379674249178,-0.36892440602784593,1,0,0
9668,0,-0.484136627244023,0.3582400373676981,1,0,0
3137,1,-1.3801389687265304,-1.1892849998504014,1,0,0
27798,0,2.713345647277059,-0.8170619926385106,0,-1,0
27746,0,0.32879516889709426,-1.7838840378549203,1,0,0
28789,1,0.8655143948436786,-0.2565948289214688,0,0,0
25888,0,0.6440828271245812,-0.5582851972868439,0,0,0
25216,1,0.7259852213539734,0.5829808899709292,0,0,0
13442,0,-0.9183035851152629,-1.277113950450154,1,0,0
27478,0,0.724074628548964,0.47554493629096195,1,0,0
26664,0,-0.4515702077123336,-1.1996703947697873,1,0,0
6262,0,-0.9933895501726976,-1.1268888396881234,1,0,0
5499,0,-1.36765773857409,-1.403413847616816,1,0,0
22095,0,0.11870668306365076,-1.0465971255016668,1,0,0
1958,0,-0.4477992761946167,-0.7682331642293473,1,0,0
22263,0,-0.019605670661811604,0.0927327841087328,1,0,0
981,0,-1.0927101321456096,-1.142899242506278,1,0,0
18865,0,0.015899915716298986,-1.3227940124771862,1,0,0
13508,0,-1.3560741035883368,0.6082850894700446,1,0,0
11570,0,-1.17838979645101,-0.5661323982804979,1,0,0
15987,0,-0.45534983131873336,-1.9294077996527388,1,0,0
6984,0,-0.8590445179613942,-0.589834049980018,1,0,0
15840,1,-1.0256131797350283,1.5426079018471788,1,0,0
23074,0,0.9074523634264847,-0.6455239346588604,0,0,0
12691,1,-0.9248379576807108,-1.345622430957884,1,0,0
16624,0,-1.3613350926135193,-0.7584047865956116,1,0,0
10447,1,-1.43080354103987,0.5509394833556834,1,0,0
4998,1,-1.5715068338317477,-0.2878079417039253,1,0,0
22135,0,0.9115791222958274,0.5205203931873903,0,0,0
2369,1,-1.3370723923795416,-1.03586572839629,1,0,0
22732,0,-0.3382315691505915,-1.0267652708142143,1,0,0
24297,1,-0.00871626438032228,-0.8221273620111623,1,0,0
28213,1,1.0172279245436286,0.7778926388852101,0,0,0
28155,0,-0.0860022815731424,-1.8831462141932678,1,0,0
31660,1,2.7132367802167803,3.4486423304870697,0,0,0
12206,0,-0.4071153745776907,0.6595122661968602,1,0,0
15355,0,-0.4042828185251795,0.7117541753714866,1,0,0
8479,0,-1.1069313099170635,0.6697341150964503,1,0,0
13479,0,-1.794076687581853,-1.2373164030362596,1,0,0
4222,0,-1.5334736034590961,-1.1641111029401812,1,0,0
12054,0,-0.5239199952898188,0.19279226021846962,1,0,0
13717,0,-0.35289803129762476,0.4014312794711768,1,0,0
15757,0,-0.6167218523174037,0.959591559555599,1,0,0
10214,0,-0.5242874354401217,0.003020026742642637,1,0,0
18793,0,1.080206306149386,-0.40683121239342374,0,0,0
3755,0,-1.2787200388702482,-0.07960869517933601,1,0,0
13423,0,-0.5452105218684238,-1.4318993703618925,1,0,0
29055,1,0.9616006040996627,0.39550017874981164,0,0,0
5267,0,-1.117530672095337,-1.5101951605315895,1,0,0
15362,0,-0.3910938394875474,0.928476432671755,1,0,0
31195,0,2.2682252669872107,-0.8577642853190068,0,0,0
28283,1,0.6520430553096509,2.5329165702199554,1,0,0
25177,1,0.007818343977077981,2.23984108291199,1,0,0
24729,0,0.7351727873984345,1.0422615734964489,1,0,0
9739,0,-0.5890620564360726,-1.1522856476402155,1,0,0
29700,0,3.2110248964135786,-0.854356177932037,0,0,0
5200,0,-1.0981810197735158,-0.654567420144524,1,0,0
12361,0,-1.5789281638971449,0.6698572988785108,1,0,0
27585,1,0.9407981682636907,1.3565713619798894,0,0,0
32014,0,2.7265803438299683,-0.14194776749821886,0,0,0
3707,1,-1.660635382990887,-0.11797284955196284,1,0,0
7413,0,-1.5988057090819667,-0.4306369510774641,1,0,0
23827,1,0.34200247680969464,0.5733528518984238,1,0,0
29916,0,2.4617040382118325,-0.33693194024661444,0,0,0
25286,0,0.9832474383749257,-0.21054810512037553,0,0,0
17996,0,0.7348872323585177,0.5594395440089716,1,0,0
3775,0,-1.1316656149858877,-0.543156614526652,1,0,0
3245,0,-1.2491453646775368,-0.6237844010560849,1,0,0
23073,0,0.6855641717390725,-2.3173001041705477,0,0,0
27215,0,1.2263224144249556,-0.5664865923850233,0,0,0
27411,0,0.9307877454763298,1.6329972640770773,0,0,0
11653,0,-0.7681312168469893,0.10768457836013154,1,0,0
16909,0,-1.0240498800328506,1.0860246581822597,1,0,0
15049,0,-0.4124075799596967,-0.41230213360538787,1,0,0
20962,0,-0.00041842060045069705,-0.989151633194203,1,0,0
523,1,-0.3571382193780984,4.053633241772933,1,0,0
31252,0,2.0794162575406845,-0.45738720566755414,0,0,0
18366,0,0.07636936821596314,-2.2599200300441527,1,0,0
24186,0,-0.3042612266458218,0.4074536397305804,1,0,0
1843,0,-0.20801443981666443,1.0306295640164727,1,0,0
24823,0,0.7867013931718531,-0.816993278434687,0,0,0
22957,0,1.0251313608222639,-0.01874952495683449,0,0,0
4781,0,-0.9191476169582479,0.1307056863935414,1,0,0
6377,0,-0.5565708611203132,-1.743308303270898,1,0,0
11911,0,-0.739865339423311,0.30871232588969677,1,0,0
15890,0,0.28478600630056616,-1.1790577446741974,1,0,0
16691,0,-0.719754314585557,0.30143350848543493,1,0,0
7496,0,-1.4980399743313362,-0.2107137484765162,1,0,0
16982,0,-1.2885918388934579,-0.8383633019854604,1,0,0
7899,0,-0.8204123561847793,-1.0613400187595206,1,0,0
2258,0,-1.4750431632514271,-0.6525049582434219,1,0,0
9825,0,-0.8321634684038601,0.164153814595413,1,0,0
31847,0,3.0348294331638743,-1.5881481465692737,0,0,0
13320,0,-0.9828388067683257,-1.0494784610527765,1,0,0
27944,0,1.1279912270906358,-0.539090036825955,0,0,0
47,1,-0.052396581712438474,2.544109542748218,1,0,0
18063,0,1.393229293327017,-0.2880596448440171,0,0,0
21059,0,0.8562209884447407,-1.1102942439677481,0,0,0
20751,0,0.4190550097272123,-0.7304885790458271,1,0,0
24216,0,0.20640065049853604,0.29785783132412835,1,0,0
6429,0,-0.8567644089027745,0.36288996681084384,1,0,0
21112,0,0.14461041950639927,-1.2476221553320042,1,0,0
24813,1,1.3410206498440012,1.0724576538139656,0,0,0
3073,0,-1.3305897491727277,0.30831874922369346,1,0,0
6249,0,-0.6413549015665262,-0.06716063134203774,1,0,0
6023,0,-0.4522962996501867,-2.166324981152703,1,0,0
1594,0,-1.3032267635981067,-1.9534577657033958,1,0,0
446,1,-1.2626344060148584,0.17781530910651594,1,0,0
12388,0,-1.098479472156562,1.3207461934219797,1,0,0
24531,0,0.5635997051129368,-0.9303564802878961,1,0,0
10388,1,-0.5118936184030239,3.8714819485133734,1,0,0
8321,1,-1.0746326226613248,0.8488856803680791,1,0,0
26306,0,0.9597306920720113,-0.419051143452921,0,0,0
22099,0,0.2562856963593364,1.0696042639594092,1,0,0
2455,0,-1.1368539945096354,-2.2097917985563,1,0,0
9704,1,-1.0699708820821057,2.373483024656304,1,0,0
17062,0,-0.970427780407498,1.0009593399408296,1,0,0
583,1,-0.9399205069632909,4.2091708183016365,1,0,0
22483,0,-0.18245460816830067,0.6698303500267377,1,0,0
3685,1,-0.27812413578554934,2.8633897824684724,1,0,0
10268,0,-0.5968607721937288,-0.9371928356382468,1,0,0
3479,1,-0.8569476522103529,1.6973863998273673,1,0,0
26185,0,2.232087785096751,-1.9809923513919594,0,0,0
14663,0,-0.27770531019254185,1.9772667372077823,1,0,0
11776,0,-0.5457753988551498,0.29421073791825136,1,0,0
18198,0,1.2984631624348397,1.5984053746013307,0,0,0
21280,0,0.216908978147091,1.2467151278567374,1,0,0
19732,1,0.35300602596626796,0.022764853973247665,1,0,0
23437,0,0.1521929038013406,-0.21855793211764313,1,0,0
30100,0,2.8479614183053044,-1.0115549308157843,0,0,0
25722,1,0.42741573295808555,1.238643303899752,1,0,0
24809,0,0.18470139662943633,-0.9234334949309988,1,0,0
15780,0,-0.9019355791962215,1.0718661953781454,1,0,0
4409,0,-0.7426057653205324,-0.4459717381821559,1,0,0
28350,0,0.9789923521298892,0.04392497375436123,0,0,0
23156,0,0.15392908998412344,-0.2764167279024931,1,0,0
17872,1,1.5908714139186293,1.650897420158075,0,0,0
4181,0,-1.7638772532708986,0.05921527912419859,1,0,0
14565,0,-0.2638160311730763,-1.0918516070327173,1,0,0
14937,0,-0.2336293280383903,2.534644956461858,1,0,0
6051,0,-0.5256346375095574,-1.171816067048844,1,0,0
12670,0,-1.2706008999164442,-0.1394395268160844,1,0,0
30458,0,2.060878732885051,-1.0724666921261086,0,0,0
31799,0,2.9650513664855582,-0.07671490483496714,0,0,0
16241,0,-1.5739397019730372,-0.8470254382089346,1,0,0
22510,0,-0.07665312723837892,-0.0478081636053785,1,0,0
6188,0,-1.301053795283874,0.18181792254845153,1,0,0
22062,0,0.7856603392284326,-1.1308180678401676,0,0,0
15268,0,-0.3175367914425473,-0.9428437322973104,1,0,0
284,1,-1.101127286946259,0.6184884434548157,1,0,0
27914,0,1.5316785113923541,-0.9041775421041677,0,0,0
27716,0,0.9085766388262816,-0.7280300880344912,0,0,0
16501,0,-1.166735651503202,-0.5550808524280348,1,0,0
10822,0,-1.181145464357712,0.06740817467603417,1,0,0
1202,0,-0.6871646180247523,1.351932516222066,1,0,0
31082,0,2.8853338113102955,0.6910792688174081,0,0,0
20959,0,0.4939923400959495,-1.067121213551166,0,0,0
13804,0,-1.11613138428403,1.645237160381772,1,0,0
4501,0,-0.6927921968332588,-0.7889903171099903,1,0,0
30350,0,2.4827878270198953,1.2690898000141586,0,0,0
3813,0,-1.0048665580864067,1.178313148278759,1,0,0
7320,0,-0.5681804799274145,-1.2430221944510034,1,0,0
25319,0,0.7039110756761043,0.04686961473512429,1,0,0
7473,0,-1.0103244116959287,0.4038371504696709,1,0,0
20336,0,0.7860009189895746,0.04358420793989319,0,0,0
4339,0,-0.9382969148647823,0.5544526566951956,1,0,0
6250,0,-1.0418038356636201,0.1302575881854443,1,0,0
26590,0,1.170276543353051,3.044639471876219,0,0,0
9826,0,-0.7416634014864704,-1.458254198092997,1,0,0
20173,0,-0.28641527760813024,-0.2933167191165358,1,0,0
16555,0,-0.4573122818340985,-0.8511444926958404,1,0,0
31951,0,1.0938096676358597,-0.06263928958890193,0,0,0
15209,0,-0.9651285488167963,0.12693938270271488,1,0,0
17251,0,-0.3745269818813817,-0.5885365309251332,1,0,0
9289,0,-0.9623204612462672,-0.7652288730904244,1,0,0
2868,0,-1.384560680409648,-1.8194493916838226,1,0,0
30175,0,1.956295659431546,0.5555195379482307,0,0,0
18385,0,0.02654634000270816,2.2872854780104,1,0,0
240,1,-0.33237538736939426,3.2959632437540614,1,0,0
27578,1,2.7585343173262453,2.6923164250943628,0,-1,0
2347,1,-1.426796293554063,-0.4545768433589988,1,0,0
14926,0,-0.4809673544151329,-1.2784612872330294,1,0,0
7879,0,-0.4507045563667905,-0.6425549542027984,1,0,0
19677,1,-0.005046515788584232,-0.34204734281835414,1,0,0
9063,0,-1.2618084137911423,0.1850066708578233,1,0,0
31181,1,2.037686045650612,1.8672091459816913,0,0,0
22188,1,1.3862219379719272,3.6231709563741883,0,0,0
5887,1,-0.8265868572127505,0.850091034194703,1,0,0
4379,0,-1.8549468960430413,-0.7900972727528877,1,0,0
17434,0,-0.7550236128378681,1.1547081430180393,1,0,0
16435,1,-1.3700744139669705,2.7172167856093865,1,0,0
22375,0,-0.10499547307490098,-1.6779078346348228,1,0,0
24946,0,0.5982648583327689,0.9620062882707239,1,0,0
27306,0,0.2164660636288452,-0.21338544625049377,1,0,0
25312,0,0.6069827715393172,-0.20965236947955762,0,0,0
16618,0,-0.9978353494970124,-1.283978839383655,1,0,0
29274,0,1.7906429554979184,-0.9206180558654073,0,0,0
1667,1,-1.5322076306881796,-0.3746505751254173,1,0,0
11741,0,-0.8081812191660384,-0.01909198710052397,1,0,0
22910,0,1.1157590960794763,1.7401410919136797,0,0,0
7556,1,-1.1107770756896598,1.0202460027941196,1,0,0
13650,0,-1.2756043062211713,-1.1192922316238214,1,0,0
14590,0,-1.2297007033869118,-1.9087732828722694,1,0,0
12851,0,-0.613696326662779,-0.6007288957308223,1,0,0
10719,1,-1.439682344150474,0.3982979610236137,1,0,0
5633,0,-0.5760492091737603,1.2090068980130642,1,0,0
16951,0,-0.9330496364813121,-1.70801171642358,1,0,0
22279,0,0.39155741730105326,-0.06926461132109633,1,0,0
5770,0,-1.1399690936458176,-1.3682701868334635,1,0,0
32440,0,6.982595917912771,0.5435237727237398,0,0,2
18008,0,1.8222412489388862,0.30828366615700714,0,0,0
29156,0,4.207234411320436,2.1107087106172546,0,0,0
23084,0,0.4849877515240964,-0.10080592079807076,1,0,0
15554,0,-0.4381754355602478,-1.0738716226453333,1,0,0
22272,0,-0.14238946383150558,1.074749043021187,1,0,0
15911,0,0.3984706083439401,-1.7021679910358183,1,0,0
15089,0,-1.546916567589253,-0.8026080963097713,1,0,0
25507,0,0.40718926602555683,1.544708768256612,1,0,0
9886,0,-0.7346529614358733,0.24330356058544828,1,0,0
25365,0,0.2506664970974737,-1.481434486832083,1,0,0
12190,0,-0.6443724486964132,-1.0735318334857833,1,0,0
11234,0,-0.18775149890915574,-1.700944175364363,1,0,0
11060,0,-0.22613131262585173,-0.31034245504706626,1,0,0
24661,0,0.5493894201647112,-0.05675047995041667,1,0,0
25266,1,-0.2307894536859373,1.9260287516558705,1,0,0
27211,1,1.1550886192855825,-0.7383519640666436,0,0,0
32191,0,2.473328759467248,-0.8532319806614779,0,0,0
16915,0,-0.9382768612678893,-1.6735200941314952,1,0,0
22980,0,0.384591972606768,4.869050877601177,1,0,0
32428,1,7.799982184114383,-0.5629773386471977,0,-1,2
5127,0,-0.5750338719908051,0.22464694743596403,1,0,0
27935,0,0.31468851988161534,-1.621254935581195,1,0,0
6322,1,-1.0869435092644288,0.02624844758391641,1,0,0
16857,0,-1.2132062747465884,-2.114458617693229,1,0,0
13101,0,-0.8066999750335189,0.31482909724058605,1,0,0
15959,1,-1.303069962648206,-0.5533481851133998,1,0,0
21690,0,0.30656402959529194,-0.1272597374781329,1,0,0
27867,0,1.5056472390877598,-1.971392801718755,0,0,0
30385,0,2.033457607967049,-0.7877301995168446,0,0,0
18565,0,0.6364641702937531,1.1044733099021842,0,0,0
4695,0,-1.2937000192579962,-0.8036686576004894,1,0,0
15031,0,-1.6673737009446619,-1.1603738768176226,1,0,0
20749,0,1.2313851978560435,-2.3563160930942417,0,0,0
10171,0,-0.8909560760453671,0.584698965772017,1,0,0
22119,0,-0.420729506032839,-0.00865625983981419,1,0,0
28101,0,0.511456314545655,-0.1304161761929878,0,0,0
10706,1,-1.1143556880701218,1.1506655455348123,1,0,0
20988,0,0.22309526216036454,-1.934642219233918,1,0,0
14815,1,-0.9155263473563245,2.591574818561704,1,0,0
13790,0,-0.02621453191313145,-1.4884990766236124,1,0,0
13813,0,-0.5969431476157393,-1.754395592598853,1,0,0
6494,0,-1.2087977252702442,-0.49266075333659015,1,0,0
18269,0,0.7418286482067575,2.245804954204929,0,0,0
22857,0,1.1070267819240083,-1.0642148989337208,0,0,0
25825,0,1.286204243362247,1.3940332955551071,0,0,0
19954,0,1.3223808100794132,1.0979433566800725,0,0,0
7359,0,-0.9372985586338799,-1.2666288374034629,1,0,0
8439,1,-0.6389105836441866,0.36811204194417707,1,0,0
25045,1,1.2054845746453073,2.5090547098143885,0,0,0
12750,1,-1.0309805777869447,0.9091281561668734,1,0,0
7786,1,-0.9783393515112251,2.2295826780505004,1,0,0
31530,0,3.925006099449118,-0.12873027079053972,0,0,0
30244,0,1.6271632958388518,0.05050851651016053,0,0,0
5917,1,-1.6161447726360312,0.14509363575868767,1,0,0
768,1,-1.4533949675562439,-0.47503575014280325,1,0,0
14967,0,-0.587155243930202,-1.4408874573523638,1,0,0
6515,0,-0.7978956900889056,0.06945329393753417,1,0,0
27021,0,1.9830254795273519,-1.4315907388494835,0,0,0
7158,0,-0.8489367363417221,-0.6243416637352056,1,0,0
19997,0,0.3781713480313158,-0.8375752982132421,1,0,0
28070,0,0.8792270978704207,-1.462160001970228,0,0,0
22635,0,1.3171973655313276,-0.45015910907716566,0,0,0
3358,0,-1.0371281925743094,0.39657524646919917,1,0,0
14374,0,-0.5491066628543702,-0.25420588202675826,1,0,0
27902,0,0.08530832375616254,-0.003568228817061439,1,0,0
1689,0,-1.1401880768244415,-1.8445081755245138,1,0,0
30928,0,3.3191825663476116,0.7389725369626369,0,0,0
30768,0,2.7131148652976154,1.8081279769610155,0,0,0
25899,0,2.4957176710260556,-0.6845274814598947,0,0,0
30851,1,1.5989214992671241,2.2397297232922004,0,0,0
20578,0,0.4788869513196481,1.3879020724812332,1,0,0
1896,1,-1.4427786170089922,-0.3892406735070379,1,0,0
9659,0,-1.1008914890788384,0.40193234860972865,1,0,0
7441,1,-1.6333341379096373,1.6981829072967096,1,0,0
22211,0,1.6469987043122238,-0.5603121781192759,0,0,0
16994,1,-1.0314692405303794,1.3979715343475818,1,0,0
3526,0,-1.2079786858723398,0.1248604382731721,1,0,0
20218,1,0.6102229007474632,0.053932111192513774,0,0,0
6593,0,-1.1372819146226785,-1.0473444950959514,1,0,0
2459,0,-1.2486830727373706,-1.8300477806847353,1,0,0
26805,0,0.9527341594178653,1.201697483326751,0,0,0
29313,1,2.3315816168224677,1.893168763017353,0,0,0
11413,0,-1.228373207742316,0.3133021784945496,1,0,0
13478,0,-1.1730325583448689,-0.3851068081145157,1,0,0
2551,0,-0.7446543511926604,-0.8406625934119756,1,0,0
22576,0,0.5013045736079788,0.20684032606421204,1,0,0
25574,0,-0.3994534274175706,-1.8792305856634894,1,0,0
13033,0,-0.06530458607337394,2.3747096932263916,1,0,0
30657,1,2.8672441296907296,-0.14557820063678067,0,0,0
6276,0,-1.0628865298951058,-0.0646177913732879,1,0,0
54,0,0.1863243069792451,1.83719912513556,1,0,0
9190,1,-1.1510182608560078,0.297205973197837,1,0,0
27643,0,0.7101579187289975,-2.2918997638687926,1,0,0
14637,0,-0.515520712018568,-1.6331249000499082,1,0,0
18871,1,-0.05735715911919457,-0.9597770146145721,1,0,0
21332,0,0.7561306380122141,-0.8304222222192936,0,0,0
9622,0,-0.9837819957069857,0.47547950088645646,1,0,0
11103,0,-1.2170127206152968,0.9142689404020274,1,0,0
16092,0,-1.2547888520372785,-0.6280301835348262,1,0,0
10502,1,-1.3043933505153993,1.6657629398779374,1,0,0
25813,1,1.1333509355883293,2.214415980986382,0,0,0
21430,0,-0.09744375807930411,0.2930745285053823,1,0,0
14209,0,-0.21862148851240326,-1.9146720699513684,1,0,0
3883,0,-1.1400721174122674,-1.4562487014832934,1,0,0
10994,0,-0.7087636484623793,-0.078075193105262,1,0,0
7040,1,-1.2272392345749539,1.7764410990539117,1,0,0
3499,1,-1.6437221718408395,1.679934350039487,1,0,0
15725,1,-0.2731217543843443,0.6438999339850904,1,0,0
6964,0,-1.2526104899441954,-0.36055855701844075,1,0,0
6702,1,-1.2606955133461288,-0.4091930510845275,1,0,0
17353,0,-1.4634955334139603,-0.6721327207363328,1,0,0
18591,1,0.7037396952577681,2.3892241008641455,1,0,0
19826,0,-0.41716889188704626,-0.858971557538418,1,0,0
568,0,-0.36951805962312,0.7155660855588113,1,0,0
7625,0,-0.6157280089841173,-1.0561724978620024,1,0,0
28661,0,0.8859047109670093,1.0418261866471974,0,0,0
3956,1,-1.2506117738949312,-1.4278149421106694,1,0,0
32339,1,4.840395954817287,-2.07849210442771,0,0,2
30670,0,2.740777131425445,-1.2811012197191507,0,0,0
25168,0,0.49283072224160696,0.9781268009572692,0,0,0
18122,0,1.6537392416023684,-2.439207482645521,0,0,0
572,1,-0.4470722509984395,1.9072843398164896,1,0,0
17089,0,-1.2197190918896184,-0.17411098288152216,1,0,0
3630,0,-0.7259081708717671,-1.095497002725853,1,0,0
16488,0,-1.1368465400208774,-1.466842328186836,1,0,0
13488,1,-1.3116149027936692,-0.013868824856442433,1,0,0
26641,0,2.161581666514497,-1.040399196178856,0,0,0
21175,0,-0.08852318933218038,-0.5307223928489204,1,0,0
15286,0,-0.5108941574852387,1.5307614513464285,1,0,0
10518,1,-0.7492060843424307,0.27994081751708094,1,0,0
20792,0,0.5377174694213328,1.3826348462658025,0,0,0
2086,0,-1.1027732367700258,-0.6643874105751569,1,0,0
113,1,0.35635041122008204,2.2406219192446986,1,0,0
30306,0,2.3606781369814858,-1.5174459121218136,0,0,0
24686,0,1.2288228453438441,-1.3888367655001417,0,0,0
25185,0,1.3442715055540024,-1.4799846462622892,0,0,0
27204,0,1.2415979783873832,-1.9592002443239565,0,0,0
15483,0,-0.497143463370724,1.03787617198297,1,0,0
224,1,-0.4919267328979332,3.3667306386900964,1,0,0
8773,0,-0.884591632605589,-0.5946812306286796,1,0,0
6101,1,-1.243822679281002,0.8782452588000387,1,0,0
29646,0,2.1124556881412184,-1.3566438513518195,0,0,0
9524,1,-0.9744674087665613,1.4246993050032046,1,0,0
22555,0,0.9385256509548415,-1.0398821541922665,0,0,0
1697,0,-1.490267858918806,-1.7557306750864912,1,0,0
5044,0,-1.1922954162184014,-0.7538066742781855,1,0,0
1263,1,-0.7890564952347782,1.5402174194971328,1,0,0
14864,0,-0.8986901269767019,-0.5206299981851161,1,0,0
4898,0,-0.5557131658792651,-1.2750804569029153,1,0,0
27028,1,-0.6657463511636744,-0.5286214019258821,1,0,0
13820,0,-0.34443901988383036,0.33935833205513427,1,0,0
9359,0,-0.9230821290188497,-0.7430984955155614,1,0,0
377,1,-0.5388854404022619,3.6965159878273055,1,0,0
21000,0,0.12726805456915033,-0.8204516765457162,1,0,0
23923,0,-0.29316268689366004,-2.3346529621599075,1,0,0
5416,0,-0.6828950953613251,-0.6156407696446349,1,0,0
28417,0,0.22705895097224021,-0.5371097358816195,1,0,0
30881,0,1.2539544190077043,0.13183287492015316,0,0,0
13836,1,-0.9099623944287356,1.346441466969134,1,0,0
10969,1,-1.4011829981773811,-1.3200351610958516,1,0,0
15177,1,-1.2833424037147956,-0.6872885894927563,1,0,0
17392,1,-0.7568035004979935,-0.48859344208315997,1,0,0
10572,0,-0.3094317313963728,1.8226861037008681,1,0,0
17938,1,-0.8244993563987827,3.7799805349524345,1,0,0
30362,0,3.756251767876196,-2.6586437900687474,0,0,0
27881,1,3.0751840159042843,-0.03721721522698958,0,-1,0
19604,1,0.1696739641903596,-1.2295041791791943,1,0,0
12725,0,-0.7498465981436627,0.26249505591917377,1,0,0
5133,0,-1.3140561339583927,-0.31188003556458527,1,0,0
2962,1,-0.920102109707731,0.7643983998928688,1,0,0
14036,0,-0.2992616743811545,-1.0311553358830592,1,0,0
31681,0,2.912404427009567,-0.14996161396801239,0,0,0
25541,0,0.9160556892459827,0.7953894634431836,0,0,0
14108,1,-0.6958862344430176,0.8423352713433845,1,0,0
26392,0,0.48525145970021566,0.005976159144863366,1,0,0
16984,0,-0.12668197169958506,0.8280503452324339,1,0,0
28719,0,0.8966263774599511,-1.5360724466867592,0,0,0
18255,0,1.3790011628617744,1.531482318418971,0,0,0
17998,0,1.6692282953274704,-0.7224545486015974,0,0,0
19730,0,0.18942846537581218,-0.8803076568953352,1,0,0
11283,1,-0.4239668514899415,-0.5039003593282657,1,0,0
28065,0,1.5309174706529742,0.6353761316554019,0,0,0
14380,1,-0.11697721341187953,2.926979149011833,1,0,0
22687,0,1.1330082211363206,-0.6039517422390592,0,0,0
5727,0,-1.006412896339824,0.24918625203114875,1,0,0
17887,0,2.082365907088247,-1.8644423834883486,0,0,0
32101,1,3.2492715203010896,1.7723337025168209,0,0,0
15021,0,-0.5095110602444115,-1.9696586677587165,1,0,0
18067,0,1.4213935116619532,1.9262072711257756,0,0,0
28920,0,1.888514451417591,-1.8322869053233717,0,0,0
20416,1,0.08042372155681513,0.3420133017061127,1,0,0
18716,0,0.10489475827314124,-1.4661959579173773,1,0,0
19919,0,1.1565603785947458,-1.9419095715699906,0,0,0
28953,1,0.9571151823768385,2.0421280235225647,0,0,0
18053,1,1.0043235760710763,2.382163238381664,0,0,0
3371,0,-1.0959534304525982,0.0878130745500829,1,0,0
3516,1,-1.3385061078359792,0.5067509305018952,1,0,0
10862,1,-0.54099107958927,-1.620958010001792,1,0,0
9338,0,-0.32828091728822356,2.8129627830896045,1,0,0
5646,0,-0.8484272616385424,-1.8497606339628814,1,0,0
17020,1,-1.3094972147937007,0.05493633778198896,1,0,0
5588,0,-1.4447169040527013,-0.8314512091981424,1,0,0
2832,0,-1.2652072555414187,-1.7227441245881843,1,0,0
23270,0,0.19995824469693133,-0.17960213305732903,1,0,0
1905,0,-1.3503618163020252,-1.9897067705230926,1,0,0
32016,0,2.745484404526091,-1.006856449924082,0,0,0
31232,1,4.225096215338483,4.119790066809404,0,-1,0
32056,0,2.574748374187232,-0.01503358503365805,0,0,0
15515,1,-0.5523501737860438,1.440390512684758,1,0,0
15981,0,-0.21948909372403572,1.561736176186891,1,0,0
14010,0,-0.3435521228295257,-1.3032808253604076,1,0,0
3293,0,-1.1957401294902725,-0.2380912542497125,1,0,0
23774,0,-0.3534124051795664,-1.6811410530721502,1,0,0
14223,0,-0.5258376766087203,0.5319107473220035,1,0,0
19501,0,1.2904401671698318,1.3645345877585071,0,0,0
10514,0,-0.9624133233421482,2.3003021747900356,1,0,0
14547,0,-0.4548218160073425,-1.411461345541683,1,0,0
24937,0,0.250769799279743,-0.17753090438750613,1,0,0
7671,0,-0.9295787655007833,0.12604221669960403,1,0,0
28053,0,0.20326828148279244,0.43625819192403587,1,0,0
20201,1,-0.24683380225875992,-0.010943996421361249,1,0,0
3505,0,-0.670585695948698,0.05880525713641417,1,0,0
23248,0,0.08805050931847372,-1.104110147699328,1,0,0
29697,0,2.81785086045522,-0.521781321169197,0,0,0
30271,0,1.8797851046045588,-0.17709125128880437,0,0,0
28682,0,1.6534144079106898,-1.4268774483079205,0,0,0
4210,0,-1.8853232219863558,-1.21896420192586,1,0,0
30756,1,3.553409845340206,1.78303871256553,0,0,0
2434,0,-1.23573393405625,0.1519946123299057,1,0,0
30247,0,1.349517667728471,-0.6046660415670757,0,0,0
24976,0,0.483396340377398,-1.4755775237649413,1,0,0
4817,0,-1.5875282644012805,-0.2887297921088373,1,0,0
14006,0,-0.3398065422272947,-1.4152485509459292,1,0,0
5450,0,-1.533388872750513,-1.5087720680231,1,0,0
27569,1,1.1109850716540468,0.46868525318057674,0,0,0
23391,0,0.2980863826780282,-0.436583135367052,1,0,0
28145,0,0.3984200244526485,-0.9179648634298931,1,0,0
21586,1,1.4869194007893534,2.1047763686722,0,0,0
14578,0,-1.521298544155579,-0.8957434235824187,1,0,0
11840,0,-0.47446375629596105,-1.4557191911893839,1,0,0
313,0,-0.5161196335320088,0.1495629643601682,1,0,0
26798,0,0.9800676098981236,-2.2612169781209515,0,0,0
16912,0,-0.881475215526676,-0.22658544392339502,1,0,0
16107,1,-1.4104909289833714,-0.41237866976113746,1,0,0
9435,0,-0.9536693348154511,0.18180495304679892,1,0,0
21889,0,0.36466796008975666,-0.4776213577179986,1,0,0
19665,0,0.34002701551426484,-0.9741225264843447,1,0,0
19874,0,0.20300039608254764,-0.6612942181937146,1,0,0
7142,0,-0.30502879919607995,1.3205977235021007,1,0,0
17281,0,-0.6587836922302343,-1.395131342459881,1,0,0
9678,0,-1.5041962069202797,0.4977115848121193,1,0,0
26047,0,0.9973045524568268,-1.7937737246901626,0,0,0
16699,0,-1.3787920990329474,-1.1679550646159849,1,0,0
12357,0,-0.6270231309728743,0.06892242019363302,1,0,0
26898,0,0.5401735325572264,-0.03181768117003121,1,0,0
9040,1,-1.3756055995341432,0.8846290005238626,1,0,0
21624,0,-0.14309327989498574,-1.1262476543781477,1,0,0
3773,0,-1.721906189186731,-1.3703083042778823,1,0,0
22293,1,0.7830757869132025,-1.1514327271561209,0,0,0
10012,1,-0.7710863250587232,1.2174851649368457,1,0,0
25382,0,1.3258590285661294,0.6259577791501368,0,0,0
29210,0,3.223273983572575,-1.6949070564426536,0,0,0
20845,0,0.6961895878974146,-0.9308617831670765,0,0,0
26314,0,0.8789004748730719,-1.3386705806284989,0,0,0
23196,1,0.2871942391694218,-0.12833787216035641,1,0,0
6325,1,-0.7289071229990158,1.3888840011726922,1,0,0
29226,0,2.6687214226769918,2.2133517330040244,0,0,0
24859,0,0.47860024091227965,0.3260971092985365,1,0,0
17011,0,-1.0134634534790445,-0.9052347902488355,1,0,0
30167,0,3.1193198818955112,-0.7374319701368959,0,0,0
23421,0,0.6483933296839116,-0.6403498221136528,1,0,0
31474,0,4.021928850200966,-0.6241505396007603,0,0,0
23330,0,1.2019433586567183,-1.2013040428727444,0,0,0
7869,0,-0.969487732391354,-0.6449799923794334,1,0,0
5957,0,-0.5890162571399395,0.31774778362759243,1,0,0
20731,0,0.560448474191469,-0.31615879749850084,1,0,0
15492,0,-0.5726488125315249,-1.9568429221267294,1,0,0
19019,0,-0.3410199798242304,-2.0544562850686634,1,0,0
28529,0,-0.03207669783231268,-0.8115878455616893,1,0,0
20444,1,0.04987300442562289,1.3707291011364144,1,0,0
28716,0,0.3846598837148692,1.1479421287668987,1,0,0
23167,0,0.5526573981772932,-0.02186719691497742,1,0,0
31266,0,1.9623351116336578,-1.640008497433816,0,0,0
1355,0,-1.1913223132269508,-1.73393570877348,1,0,0
16475,0,-0.5363181418249673,-0.5732881335499921,1,0,0
24017,0,0.907255722120727,1.4475465938801095,0,0,0
26209,0,1.1216951574384402,-2.1035740285704616,0,0,0
7018,0,-1.2828747018479358,-0.5500921877675782,1,0,0
31900,0,3.467327276987058,0.3395140618917745,0,0,0
21034,0,0.1984028602742782,-0.8765785119527731,1,0,0
25242,0,0.3737998481283803,2.355343633458587,1,0,0
1723,0,-1.116479980957711,-0.6996455079739808,1,0,0
27747,1,0.9946212778583076,0.12679476346358293,0,0,0
17948,1,0.7948010941122737,0.7557020441654526,1,0,0
27988,0,0.27726959155440856,1.5922134547532927,1,0,0
19839,0,-0.07701838342903104,-1.1522977871989568,1,0,0
20488,1,1.0327626454564987,0.02794970172126192,0,0,0
31334,0,1.6491707538906828,-1.2558568770049277,0,0,0
22303,0,0.381655300596873,-0.6527836505881479,1,0,0
6240,0,-1.0288139679563024,-0.6813791741620456,1,0,0
16996,0,-1.2361311079005695,0.8897983543253436,1,0,0
309,1,-0.07497432451908223,3.310452345090129,1,0,0
2618,0,-1.289716545927172,-1.1066783403574616,1,0,0
27872,0,1.2164079143839701,-0.9917912100477295,1,0,0
10262,0,-1.058329089298234,-0.5597305662862987,1,0,0
11285,0,-1.0178627271344143,-1.5032018225134327,1,0,0
12355,0,-1.1890443575598924,-1.650260773863898,1,0,0
1280,1,-1.2445286297503284,1.8547893722103705,1,0,0
10647,0,-1.0097249536243686,0.363324743804728,1,0,0
23457,0,0.9066251526098094,-2.095787976614931,0,0,0
12471,0,-1.0143152244777638,1.155312145775046,1,0,0
18981,1,0.7221707274306793,1.49166029770276,1,0,0
29293,1,1.7881337648656286,0.5744318337488555,0,0,0
7131,0,-1.3851859666836634,-0.20177714230272042,1,0,0
16945,0,-1.3147330639953894,0.1585411224180555,1,0,0
25176,0,0.9296538800162052,0.7069103556412195,0,0,0
7347,0,-1.0674103923773248,-0.014432414876756797,1,0,0
20250,0,-0.08943365263368327,-0.8881232456784319,1,0,0
4009,0,-1.027029290522868,-0.01744405818960347,1,0,0
25543,0,0.7550277964747226,0.056149811720972206,0,0,0
3725,0,-1.4293661681480712,0.20638008685189058,1,0,0
31787,0,3.805143478636443,1.2501977972371414,0,0,0
24945,0,0.8638436139651297,-0.18243658563716209,0,0,0
8025,0,-1.3295082746911524,0.4054148472959748,1,0,0
7858,0,-0.5058036445983384,-0.6612550179759259,1,0,0
21171,0,0.8523760445400781,2.019711225815042,0,0,0
29424,0,2.3280010753228026,-2.783467322530313,0,0,0
26692,0,0.5610009588574326,-0.5392047407174148,0,0,0
10853,0,-1.0638631340440765,1.2102246369856209,1,0,0
7470,1,-1.1384801170788246,1.8438804073512283,1,0,0
26211,0,-0.11569572957975605,1.1939318994548989,1,0,0
15623,0,-0.6311195632156675,-1.4400273168004372,1,0,0
9309,0,-1.0816601206695668,-0.22677200201024766,1,0,0
1418,0,-1.3467610556875125,-1.5145211444131264,1,0,0
7746,0,-0.8324119387947507,0.047158876880946624,1,0,0
1080,1,-1.0395612292426413,1.8510693952070134,1,0,0
26441,0,0.5582397502059477,-1.163425967597375,1,0,0
8455,0,-0.6477511484300303,2.2084762078530207,1,0,0
24020,0,0.09234156474313407,1.4076435020959295,1,0,0
19977,0,0.222090919981737,-0.37396398105798906,1,0,0
4706,0,-0.8869750123296353,-0.09726092555211129,1,0,0
23035,0,0.7295683028098756,0.04986605615087429,0,0,0
16183,1,-1.1378863931810497,1.2347351449933657,1,0,0
18353,1,0.16268260650021035,2.6833056573049014,1,0,0
18690,1,1.1341522215656326,2.2025071903372657,0,0,0
2205,1,-1.0185709382268564,1.3144989157071858,1,0,0
12235,1,-0.7305639670013303,1.1464626211140827,1,0,0
32401,0,5.7522794363092515,-1.5954159769721061,0,1,2
1585,1,-1.1873410920463645,-0.6587478070987343,1,0,0
646,0,-1.4256917553825557,0.1029884472001447,1,0,0
17122,0,-1.117963313183019,-1.1096002434857528,1,0,0
13094,0,-0.47469161189425807,-0.6297538013114274,1,0,0
15384,0,-0.4076921687521944,0.3631450682844067,1,0,0
26218,0,2.101302133378424,-0.4848492045628296,0,0,0
9602,0,-0.7706183519697556,1.2814665173420705,1,0,0
1040,0,-0.7779507437009784,0.7645431674949003,1,0,0
4725,0,-1.332813828102132,0.09006249708547114,1,0,0
5286,1,-0.9414262663395193,0.29637368708153994,1,0,0
3393,0,-0.8870400898838383,-0.570595753241314,1,0,0
11704,1,-0.7614923755455721,3.2040495000221774,1,0,0
20648,0,0.0870496334921679,-0.3048803677182839,1,0,0
21504,0,-0.6149323584769898,-0.3439858062338337,1,0,0
2941,1,-0.8344057334162407,-1.1071115932833357,1,0,0
29197,0,3.8136482086541656,1.8392470583138303,0,0,0
19043,0,0.3056740490356158,-1.864108257441975,1,0,0
17629,0,-1.0703115505002756,-1.5495725133538247,1,0,0
28114,1,-0.21984657949304465,-0.218166946731775,1,0,0
3644,0,-0.9473347040957021,-0.49393918263268427,1,0,0
9342,0,-0.8592173461148777,-1.2038540627015382,1,0,0
31669,0,2.499337022097211,-1.2532359548667782,0,0,0
10451,0,-0.37857008517250923,-0.6291304144532393,1,0,0
23773,1,0.40480649299822263,0.8014988903539222,1,0,0
8129,0,-0.22969330956708772,2.2593912883203853,1,0,0
13286,0,-0.1769528788798664,0.4334672792910468,1,0,0
7771,0,-1.2754100295388715,-0.015091054464335923,1,0,0
2698,0,-0.4297024487755693,-0.0022440289550397785,1,0,0
7307,1,-1.054574548060697,1.8095444483242293,1,0,0
3789,0,-1.390120040325728,-0.49462253615389223,1,0,0
5569,1,-1.1389108554536975,0.5714589094713671,1,0,0
29278,1,3.7359709821299147,4.8171590281914165,0,0,2
29721,0,3.27530108049703,-0.8642700804023604,0,0,0
5035,1,-1.3030129154885604,0.8158642266342471,1,0,0
14242,0,-0.24348927949897,1.0128779398057488,1,0,0
22037,0,0.2699236323361283,-1.121130721702314,1,0,0
23719,0,-0.08869057304689157,1.0543632685742825,1,0,0
15507,0,-0.5266440357956248,1.024791508767333,1,0,0
8833,0,-0.3979077280105018,-2.1666269168864702,1,0,0
13273,0,-0.7679037401792845,-0.4205030981305849,1,0,0
27634,1,0.6283966490094466,0.11921463269580092,1,0,0
30816,0,3.2204514667009536,0.38307828289882956,0,0,0
29517,0,1.6065688762820995,-0.6128953281557589,0,0,0
15105,1,-1.478391854510164,-0.45529515556041983,1,0,0
3191,0,-1.1436967655823214,-1.755993635537753,1,0,0
1398,0,-1.0456795578081903,-2.240195826148571,1,0,0
9014,1,-0.7965119697148967,-0.3998009317507673,1,0,0
13699,0,-0.8182494099416514,-2.084974863056814,1,0,0
13055,0,-1.106198044055158,-0.9312774064862479,1,0,0
23458,0,0.058302398083467634,-2.234090637110864,1,0,0
31889,0,4.498454286376845,0.809200122170971,0,0,0
16493,1,-1.0091808945669267,1.8847269227818624,1,0,0
26259,0,0.9686721141966136,0.6324239987520236,0,0,0
7316,0,-0.3859589937989556,-1.7389654029200927,1,0,0
30806,0,2.942561663044432,-0.017166049952632698,0,0,0
22471,0,-0.013096535613942617,-1.633122754206424,1,0,0
7971,0,-0.2771125861704073,-0.6108383530422401,1,0,0
21641,0,1.0322774682048548,-0.18355357483265544,0,0,0
11311,1,-0.2876974908554202,-0.16651004189292273,1,0,0
23225,0,0.6062554425159424,1.0536175050104264,1,0,0
27912,0,-0.09054479336205741,-1.096922371049368,1,0,0
19946,0,-0.4210808081282015,-1.6907302750853295,1,0,0
6315,0,-1.1268203324995636,0.5083539042219128,1,0,0
15328,0,-1.1717655333357755,1.4343444513185608,1,0,0
4921,0,-0.6783277313455909,-0.27170379437267966,1,0,0
14966,0,-0.2271302223466236,-0.7964707734730203,1,0,0
13620,0,-0.3379978213477902,-0.4021384075013079,1,0,0
8019,0,-1.2530035696829087,-2.0556880276039853,1,0,0
18002,0,1.8175151873116075,0.4455960151603771,0,0,0
15852,0,0.27909087426815093,3.4050641655189096,1,0,0
8514,0,-1.0357094807479612,0.7754830084797437,1,0,0
17508,0,-0.500145891938199,-0.9005917936954052,1,0,0
10059,1,-1.1618483287588324,1.3195175478889298,1,0,0
30599,0,2.333680741486164,-0.7669622426641715,0,0,0
15124,0,-1.1247173005863182,-1.761756286980605,1,0,0
18804,1,0.01592257213328254,3.097763794561091,1,0,0
6879,0,-0.9298443943763006,-1.6685543022633849,1,0,0
4358,0,-1.0587689584997413,-0.6283004949546513,1,0,0
8441,0,-0.5129035651598847,-0.4945840853971028,1,0,0
31770,0,2.802618215764091,-0.13520028098094156,0,0,0
9882,0,-0.5300635776102018,-2.011054001279892,1,0,0
11071,0,-0.6398396364100276,-1.9298464953167993,1,0,0
16839,0,-0.5019236209154782,2.3703395785788866,1,0,0
27011,0,0.9956325695552456,-0.2599451730005656,0,0,0
26390,0,-0.3533048276900058,-2.1581804314740247,1,0,0
12497,0,-1.0552292544603505,1.8412644078249822,1,0,0
31275,0,3.3156540798059924,-0.5832471343822445,0,0,0
23182,1,0.871848228088494,1.1775062299930004,0,0,0
14393,0,-0.11074817702731593,-1.007182760655616,1,0,0
6157,0,-1.1770084533808716,0.5123738729841611,1,0,0
7106,0,-1.0149502549096854,-0.4422411847065992,1,0,0
13840,0,-0.8124548473734658,-1.3349949732682922,1,0,0
24889,0,1.0318302156038432,-1.2858543775078188,0,0,0
16822,0,-0.9610688166692087,-0.6191373743945281,1,0,0
248,0,0.07242274933731366,0.9470427455800877,1,0,0
9997,0,-1.2054500282299645,-0.5749713113562588,1,0,0
19561,0,0.7451344165363765,-0.8204386461996612,0,0,0
1047,0,-1.1564509537851475,1.7205216754678898,1,0,0
7048,0,-1.056374174729166,0.9873031805355502,1,0,0
5067,1,-1.4124345975160832,1.6317849491776368,1,0,0
3344,0,-0.9976659502467852,2.2129587247990132,1,0,0
15051,0,-1.154746320259865,1.8916573257820333,1,0,0
324,1,-0.5472749975023509,2.7572274294451504,1,0,0
16315,1,-0.3324703299915417,2.3919462252497374,1,0,0
10253,0,-0.9108826180085354,-0.5398375077350899,1,0,0
18528,1,1.2948805783163728,2.034744536734312,0,0,0
137,0,-0.14242803239976995,0.15130571024762834,1,0,0
30800,0,3.7838147743776203,0.21994853285633803,0,0,0
1024,0,-1.0789383779556132,1.416648646550541,1,0,0
29165,0,3.5199778132643464,-0.23074062755844693,0,0,0
20084,0,0.054843799118559834,-0.41337443686831216,1,0,0
20445,1,0.4078976220582705,0.6139307161296376,1,0,0
11268,0,-0.6751004499478189,0.2960676206895571,1,0,0
14299,0,-0.1533103804880622,0.09601247778618287,1,0,0
14786,0,-0.9719528510309033,-0.4401175993030199,1,0,0
16473,0,-1.2941460543584915,-0.8663828665206121,1,0,0
25780,0,0.7192219495720258,-0.2950936320392668,0,0,0
21055,0,0.912483525782357,-1.1718324382076117,0,0,0
21081,0,1.2042639827451835,-0.39675885968925356,0,0,0
15732,1,-0.8862991275336017,2.452925166951234,1,0,0
28818,1,0.998816609696464,-1.057488470797695,0,0,0
5193,0,-1.0422403830263154,-0.14802909968725247,1,0,0
7068,0,-0.8524362304985756,-0.17825131147606937,1,0,0
31914,1,4.043405576718676,1.4937519794420082,0,-1,0
8532,0,-1.1292019895406693,-0.04736978808887747,1,0,0
32120,0,2.787441220837032,0.5064179375697342,0,0,0
24931,0,0.08491175202251793,0.2792368931266887,1,0,0
18031,1,0.7537780119672903,2.6828227032766745,0,0,0
26832,0,0.8918533112787141,-2.03795561089465,0,0,0
24046,0,-0.07492790172167355,1.8683029224737535,1,0,0
25960,1,0.19090571965850414,0.928506712911294,1,0,0
27708,0,0.43117003370273266,1.0898822129283163,1,0,0
25071,1,0.30148632567316036,1.5941899477999362,1,0,0
21625,0,0.30668137530485157,-0.028515450865425243,1,0,0
3036,0,-1.1002336021129557,-1.219765004247571,1,0,0
26534,0,1.6846804054684144,0.15051593155391801,0,0,0
16625,1,-1.0466902221661025,-1.4751293423602148,1,0,0
4564,0,-0.20970655287776727,-0.12249714573761998,1,0,0
9165,0,-1.0983702337202128,0.3926583950844251,1,0,0
12327,1,-1.2412869591555447,1.5011707850773817,1,0,0
11676,0,-1.3532901735505722,0.11665242188354637,1,0,0
13106,0,-0.649706791753767,0.1679653165916573,1,0,0
12874,0,-0.3321750622175844,-0.47730228277732817,1,0,0
7684,0,-0.9063602371370032,-2.023569016847366,1,0,0
21167,0,1.0171831555977213,-1.1732805345156863,0,0,0
25554,0,1.3357771990891345,0.29104888347623553,0,0,0
10039,0,-1.0721033271762341,1.1655459853607004,1,0,0
5489,0,-1.0489461901160873,1.9659227842286655,1,0,0
17775,1,-1.2023146342350166,1.853867372724663,1,0,0
31821,1,2.571118911981041,0.7647056593607563,0,0,0
32516,0,5.649450102347565,-0.9558030694733088,0,1,2
9711,1,-0.7560799896499959,0.6824452473008065,1,0,0
31887,1,2.1129633860938193,0.010904028620188314,0,0,0
18089,0,1.5415137752415866,-0.7685266735142142,0,0,0
6940,1,-0.7715343392880826,-0.5029918793024861,1,0,0
28534,1,-0.28229740870844294,-0.01747611766692421,1,0,0
23157,0,1.0047897430787094,-0.1144344587897045,0,0,0
31609,0,4.191462795831004,2.204879475601056,0,0,0
24570,0,0.17156356850139673,1.7753578183422394,1,0,0
26142,1,0.3091282375554459,2.400826055281953,1,0,0
8527,0,-1.2085294334679806,0.31734061741363084,1,0,0
4508,0,-1.7154575654568818,-2.227205080458928,1,0,0
11363,0,-0.840361113350222,-1.9679224855574249,1,0,0
24463,0,0.6430067488019863,-0.39390419609589195,0,0,0
24759,0,1.0029969320247982,-1.253027168482007,0,0,0
13067,0,-1.2472031468654705,-1.7162621828819138,1,0,0
5511,0,-1.0709865353273622,-0.3870721194380064,1,0,0
31024,0,3.0889490785824267,1.1519499536435158,0,0,0
1821,0,-1.6176828881243588,-1.6324457627051905,1,0,0
24703,0,0.9192494104456818,-1.5868976744693464,0,0,0
4248,0,-1.2470758306497112,-0.5411777646695919,1,0,0
28849,0,0.13135848117507262,-0.5222469854248932,1,0,0
1644,0,-1.3852674225370707,-2.4072841302097627,1,0,0
4556,1,-0.9728312902946018,0.2932514961933645,1,0,0
5051,0,-0.8263371584848302,-1.0341027770051616,1,0,0
7689,0,-0.15491704951296845,-0.6021165871365519,1,0,0
31921,0,5.191331128116467,0.5420065874360531,0,-1,0
20600,0,0.028154267452221653,0.1675802147678953,1,0,0
4418,0,-1.337789552701876,-0.463613347171321,1,0,0
6510,1,-0.9380871687860343,0.2879852940595277,1,0,0
5757,0,-1.1616690747792866,-0.4498329358110053,1,0,0
11425,0,-0.8291916555518444,-2.145639939098204,1,0,0
17123,1,-0.9866553118346396,2.2896483065389717,1,0,0
29942,0,2.1682807816003633,-0.808474216031017,0,0,0
32367,0,5.788492434000657,-0.026978930467233445,0,0,2
24536,0,1.6842715086582223,0.9027724187691386,0,0,0
28332,0,0.909206932380934,1.3115422278169406,0,0,0
15918,1,-0.7960470063039456,2.7021965905947143,1,0,0
29567,0,2.3612847997855684,-1.2357029092301566,0,0,0
26096,0,0.29351598941879387,0.055655734438612756,1,0,0
7122,0,-0.33142601075064665,2.594597153102321,1,0,0
21731,0,0.3589054451419726,-1.9777515955097253,1,0,0
10872,0,-0.931366980764085,0.5947411151564121,1,0,0
451,1,0.08401919612140127,2.8923838506027053,1,0,0
29898,0,1.9686453619445996,-1.479846305102676,0,0,0
28679,0,0.9656597455943746,-0.5838875441527897,0,0,0
10153,1,-1.124003342747569,2.025269403480652,1,0,0
4652,0,-0.8563838386646107,0.22092697119875188,1,0,0
12557,0,-1.4124067997423226,0.06127549525338409,1,0,0
20712,0,0.2626759510845192,-1.123668079716918,1,0,0
6491,0,-0.8082027913915814,0.971360862101792,1,0,0
29635,0,3.0366262227476457,0.6792946336095624,0,0,0
32122,0,1.9737869472097644,1.0175908081640475,0,0,0
9884,0,-0.6321044865437936,-0.5005818930907531,1,0,0
14008,1,-0.04582358080884961,2.2007200558189703,1,0,0
13095,0,-0.7622234740137543,-1.080269505326916,1,0,0
12023,0,-0.6816436179315796,1.4187289211354657,1,0,0
32245,0,1.8820115342141814,0.4668526180294144,0,0,0
24263,0,0.9628214669366895,-0.2077496934909328,0,0,0
26161,1,0.5020837537188678,0.3456210966458663,1,0,0
26141,0,0.7311812012501103,0.4382223752627408,0,0,0
23956,0,-0.16801418809160726,-1.1778026574087956,1,0,0
1612,0,-1.1351856880937952,-2.0164512863963058,1,0,0
8295,0,-0.9411643588454758,0.0270301787730466,1,0,0
18365,0,0.49948175336932066,2.7061342465991545,1,0,0
30941,1,2.0814418234712826,1.3805517758959334,0,0,0
10050,0,-1.243413842943176,-0.38404819967831655,1,0,0
7809,0,-1.315676614330571,0.016664250637047406,1,0,0
11164,0,-1.115064043592153,-0.29086025832033147,1,0,0
2492,1,-1.44362491944026,0.29562951347060284,1,0,0
13540,0,-0.9966947233296163,-0.001228582749070714,1,0,0
19552,0,0.47197568272809926,-2.000885782545484,0,0,0
28412,0,0.039188627453581086,-0.14452785870926044,1,0,0
7582,0,-0.49844031251613086,-0.8770230895699245,1,0,0
3302,0,-1.4611386187005544,-1.0720104396329788,1,0,0
30191,0,2.456251831352459,-0.2913700690543601,0,0,0
25401,0,0.9654044262294308,-2.0045322250469786,0,0,0
15633,0,-0.6607504273515653,-1.6582117422397384,1,0,0
31075,0,2.3435667685860038,-0.09417648391282503,0,0,0
12562,0,-0.6417710555675493,1.045868103768297,1,0,0
11894,0,-0.703196181860505,-0.6302244462885418,1,0,0
5103,0,-0.9408304099011675,-0.9021679084435839,1,0,0
12950,1,-1.0756356284081954,1.0427425529680234,1,0,0
22533,0,0.15892282968514115,-0.38409814904632184,1,0,0
14899,0,-0.3781239639093568,-0.6303616064317766,1,0,0
8748,0,-0.9258878797639477,-0.8713259588048837,1,0,0
359,0,-1.2330178216683645,-0.7387004496752407,1,0,0
29573,0,1.9501481788740218,-0.53824411619857,0,0,0
30807,0,2.844817818722424,1.8869820723472503,0,0,0
1239,1,-0.721313169818326,1.3297783759178687,1,0,0
2745,0,-0.541402284982038,1.0932652688209117,1,0,0
15858,0,-0.1868118918303685,0.5645779946896731,1,0,0
8989,0,-0.6214545205471736,0.16628521206854885,1,0,0
15223,1,-0.5551677547463841,2.409654958503659,1,0,0
10554,0,-1.1253704452872415,1.5197118194685102,1,0,0
25714,1,3.611875622617866,-0.40496447964355076,0,-1,0
24806,0,0.9378524757943325,-1.4954845769078418,0,0,0
23217,1,0.6356573475085798,1.910015233276189,1,0,0
30890,0,3.2371263662203607,-1.6094105768434097,0,0,0
29151,0,2.9356873283920146,-0.913310040176311,0,0,0
5464,1,-0.9091247588202914,0.1326571187460739,1,0,0
24609,1,1.0849685025443288,-2.074120285651968,0,0,0
14716,0,-0.23663499721171996,0.7408540447274793,1,0,0
24016,0,1.3166069326001322,-0.47159560458889366,0,0,0
30568,0,3.498993267234764,2.392399448547305,0,0,0
30706,0,3.2161106527472243,-1.8054132412262465,0,0,0
7457,0,-1.001035839425818,-1.3807667575226812,1,0,0
12534,0,-1.266280368371573,0.8538034568362247,1,0,0
10112,0,-1.1521184320401334,-0.26243184934755215,1,0,0
5505,0,-0.733986274082215,-0.3799156766887208,1,0,0
25351,1,0.5108910041177773,-0.8621668122875461,1,0,0
1897,0,-1.2931533879594121,-0.488977857374918,1,0,0
32181,1,2.0207166017083784,0.7885969970363435,0,0,0
3474,1,-1.4674843324040956,1.978334476814512,1,0,0
7466,0,-0.9576525260734013,-1.9822836003764304,1,0,0
26346,0,0.6545670566526504,1.1871437546843746,1,0,0
30864,0,3.5594710786395467,-0.1327549819925311,0,0,0
32347,1,5.879411722058107,1.339433427996831,0,0,2
25999,0,0.8839674200382727,-1.2210051661669699,0,0,0
23317,1,0.3379218819099396,0.9783166026960096,1,0,0
18817,0,-0.18982515547883974,-2.297900511554905,1,0,0
1525,0,-1.1413126614376277,-1.9524238432368526,1,0,0
18029,1,0.4617463521615272,3.3239040124321284,1,0,0
16270,1,-0.9914232206429324,3.4530737589889005,1,0,0
27104,0,1.524616746707302,-1.0408866399439298,0,0,0
2831,0,-0.7862185402292917,0.2631018585860054,1,0,0
30116,1,1.0460010583446926,1.9310484061048676,0,0,0
19557,0,0.14342152292199153,-0.6740663014944588,1,0,0
29220,1,3.916992543065244,3.0247318924104545,0,0,0
5296,1,-0.5598535953238051,0.7416205695542368,1,0,0
29594,0,2.5390910457539615,0.18794783368823675,0,0,0
24234,0,1.2192536749730203,0.15113049355748343,0,0,0
9451,0,-0.9258933399705898,0.0039056752550187396,1,0,0
21528,1,-0.07914276468135359,0.9722225319308364,1,0,0
24267,1,0.15976917163813267,-0.5454001552782781,1,0,0
27150,0,1.5271008934763162,-1.2037289735001804,0,0,0
3163,0,-1.188212868795464,-0.8390870276927012,1,0,0
10087,0,-1.0101316511105645,-0.47766304142490673,1,0,0
4031,1,-1.4021690278463095,-0.19869164812595785,1,0,0
3337,0,-1.2301096218491738,-0.19890453934803676,1,0,0
874,0,-1.214741772874419,1.3618714886032106,1,0,0
21369,0,0.13536087348353548,0.21221391410349683,1,0,0
25656,0,1.3342126207622096,-0.7712508715547373,0,0,0
29683,0,3.013236353059973,-0.17400809314760984,0,0,0
20434,1,0.13800046908500954,-0.004626813226695017,1,0,0
14400,1,-0.5984663008689592,2.0292550176560953,1,0,0
8339,0,-1.2762315752741615,-1.0903580598857896,1,0,0
2426,1,-1.421611073968162,-1.142815114992043,1,0,0
12931,0,-1.0029771793092828,0.4392859804615609,1,0,0
23853,0,0.5913544765095345,-1.172286735153904,0,0,0
26529,0,0.1845373155129835,2.1081649871039847,1,0,0
7884,0,-0.9089479980429253,-2.063155222074898,1,0,0
20006,0,-0.3972611674041943,-1.248453968629023,1,0,0
894,0,-1.802402299702507,3.1434427717484756,1,0,0
2991,0,-1.5255228647417138,-0.7335776094387338,1,0,0
2879,0,-1.1784946967635097,-1.1666455742093205,1,0,0
24008,0,0.24108285619500433,1.8886135266103024,1,0,0
16509,0,-0.9978102620344281,-1.3913603842262237,1,0,0
26103,0,0.5470531712618788,-1.0198952797719942,1,0,0
17053,1,-1.4191936754180712,0.43392435728942674,1,0,0
21377,0,-0.032983405747410745,0.23121862100941926,1,0,0
2693,0,-0.7882962597684833,1.5390135931449849,1,0,0
18512,0,-0.8165198052530921,-1.935775707594949,1,0,0
19002,0,1.2405364883132848,-0.021370861501483943,0,0,0
16383,0,-0.8160585838503386,-0.32125550034630773,1,0,0
8348,0,-0.5491967446695611,-0.4708507913315359,1,0,0
23978,1,0.28225931705422974,1.5195666482168932,1,0,0
23131,0,0.5184213281862706,0.786175467366789,1,0,0
22522,1,-0.10110944053902174,1.3085073265682592,1,0,0
3155,0,-0.9424140423494897,-0.9556933562294632,1,0,0
28308,0,0.8919963654725457,-0.7253009233425831,0,0,0
22134,0,-0.013813094613666787,0.34732632141238134,1,0,0
28705,1,-0.3456682994356566,0.870687329934261,1,0,0
22015,0,-0.07026695386368481,-1.106572732219765,1,0,0
6899,0,-1.2373554171252352,-0.028417890659143324,1,0,0
4634,0,-1.158305233616081,-1.4463271246880154,1,0,0
19358,1,0.27787453375407284,-1.292801814993072,1,0,0
9347,0,-0.8726017147006636,-0.4902166498909912,1,0,0
16154,0,-0.6095220073598367,3.7033919923983007,1,0,0
28852,1,0.491625671209711,1.5331672727318575,1,0,0
12929,1,-0.39289455378129895,0.19969583264879442,1,0,0
11107,0,-0.9667089033457471,0.5272081034246379,1,0,0
24918,1,0.9878358471079751,-1.062193983910528,0,0,0
13555,0,-1.1086498365920163,1.3550901934850088,1,0,0
10045,0,-0.4846349953238759,0.9940826669030675,1,0,0
31432,0,3.037687277853984,-2.4644064482413683,0,0,0
25059,0,0.8612488245770699,2.0925122731464714,0,0,0
19315,0,0.33255621373387056,-0.8293111092232481,1,0,0
22085,0,1.309771196056289,-0.8362898676647945,0,0,0
12988,0,-0.6998294176260503,0.7491934013665293,1,0,0
6499,1,-1.316186345177169,0.32519447192585943,1,0,0
30186,0,1.4513094383124472,0.8954190301448013,0,0,0
16483,1,-1.0314596322902272,-0.0034308298542087973,1,0,0
14661,1,-1.212202376917199,2.6146021611948487,1,0,0
30530,0,3.0784167274014176,-1.1277617395736355,0,0,0
22308,0,0.927355778756238,-1.0010814798422054,0,0,0
23632,0,0.9657936820227244,0.20688193437759017,0,0,0
30979,1,2.3364459881236392,-0.15131616008968912,0,0,0
18799,0,-0.6073784273372941,-1.1120098057265115,1,0,0
7756,0,-0.9564331459846119,-0.8498138019423658,1,0,0
12828,0,-1.013023554240567,-0.890029639107184,1,0,0
2446,1,-1.327823507277391,-0.5945085831903922,1,0,0
29372,1,4.112493969655665,1.9314658184475109,0,0,0
16723,0,-0.1550309542596592,0.42728953267696934,1,0,0
3640,0,-0.5704622663337735,-0.6561384177090012,1,0,0
8801,1,-1.2456778332632281,1.4771012939017703,1,0,0
12229,0,-0.6379925298572654,-1.8274337581865756,1,0,0
24066,0,1.1456455294819274,-0.5295803108371271,0,0,0
5395,0,-0.8463088857596183,1.8488397454451746,1,0,0
18747,0,0.8317034085583987,1.582294834873178,0,0,0
16858,0,-0.5128036550771679,0.18034425514065988,1,0,0
31072,0,3.582195658600872,-0.49600514851193694,0,0,0
12170,0,-0.7431175281662935,-0.7323476230308934,1,0,0
14184,0,-0.4696035109481057,0.6043437549921556,1,0,0
12318,0,-0.5692901234400314,2.06447102089536,1,0,0
19040,0,0.9793214072809733,-0.8455905345474609,0,0,0
28296,0,0.35455223455544604,-1.0812728279977482,1,0,0
15553,0,-0.8125017385993597,-0.3551085473638432,1,0,0
15064,0,-1.193170059068605,-1.003082376635446,1,0,0
25236,0,0.43707554950318656,1.003269282608872,1,0,0
22218,0,0.0904215621652905,-1.3150995466210953,1,0,0
18155,0,1.5971108588065248,1.729377954152505,0,0,0
4767,0,-1.503404518871302,-0.814630036468759,1,0,0
25457,1,0.7382672719575024,0.8660329512443818,0,0,0
17368,0,-0.11578328092147053,1.6792258280847765,1,0,0
11472,0,-0.8242702845962501,-0.32953103510973336,1,0,0
15546,0,-1.4283537289526838,-1.0449714818258602,1,0,0
5392,0,-1.204593085339997,0.38144904983015393,1,0,0
14512,0,-0.6389566681636919,0.5666325335171092,1,0,0
24056,0,1.2017068493073555,-1.5305347929077406,0,0,0
9415,0,-0.582534693159171,-0.34462082105597586,1,0,0
18908,0,0.05384589353851301,-1.9153085265824707,1,0,0
25834,0,0.6561442526434871,-0.6210611206001523,0,0,0
24491,0,0.3484260005660855,-0.5329005808097049,1,0,0
28554,0,0.5440121311532702,0.7228097997739186,1,0,0
31536,0,3.1966704039665297,0.7259263712708358,0,0,0
31153,0,3.1025030643809552,-1.422486350767458,0,0,0
28215,0,1.7907873789746538,1.7222179451098267,0,0,0
28227,0,-0.19355387329696958,-0.3589254708134293,1,0,0
3508,0,-1.1790827432886897,1.2664423214451337,1,0,0
24255,0,-0.05061111582499687,-0.4622954559217734,1,0,0
26415,0,-0.0678681210202694,-1.292586510260602,1,0,0
19924,1,0.2193028551472789,1.735352931014099,1,0,0
29744,0,2.5493478777770764,0.23315397337295862,0,0,0
13568,1,-1.0842484080791686,3.4084335329777806,1,0,0
2880,0,-1.244299596126435,-1.4446268175414692,1,0,0
22761,0,1.0737570816626776,2.3326786687273118,0,0,0
4572,0,-0.7349017384581703,-0.9142689627985886,1,0,0
21155,0,0.6301030831830743,-0.484742898469773,0,0,0
24150,1,0.6555259024158795,3.755268377870428,1,0,0
3989,0,-1.123773823378514,-0.9592767864383906,1,0,0
30669,0,2.0483845580525304,-0.13836840053060828,0,0,0
22317,0,-0.5490326327470565,0.4475448721944122,1,0,0
2537,0,-1.3395859263674157,-1.675440169676633,1,0,0
28707,0,0.08170888402126447,0.6939066354466881,1,0,0
26629,0,0.46548977243236384,-0.5494704175030771,1,0,0
26790,1,-0.09949279898799526,2.004713920575684,1,0,0
19786,0,-0.30059522355643764,-1.8101809240106197,1,0,0
17166,0,-1.357312843003456,-0.041687013153901456,1,0,0
10705,0,-1.2228539708877635,0.7560026463278599,1,0,0
8625,0,-1.5518848258567843,0.18993891814591263,1,0,0
20961,0,0.4928251292024196,-0.1698586695280212,1,0,0
26572,1,0.35320900920411524,3.2412850692684727,1,0,0
27077,1,1.330002615624619,2.2819194817058395,0,0,0
11787,0,-0.3435799117311351,-0.1298008982603957,1,0,0
10121,0,-0.5685901586951456,1.6007654144142531,1,0,0
21122,0,-0.08177791108919953,0.39595963578985327,1,0,0
2109,0,-1.596530672304334,-0.8771091899960343,1,0,0
9334,0,-0.39036022574385165,1.8358603356536796,1,0,0
21628,0,0.37788881058873147,-0.39742533784758927,1,0,0
13806,0,-1.4801982194921115,-0.4978104639714645,1,0,0
2473,1,-1.398266125044154,-0.44478463116319195,1,0,0
32094,0,3.0241053800990376,-0.5901492249462061,0,0,0
7072,0,-1.4681930226171016,0.20544882083506968,1,0,0
3390,1,-0.8854876023921968,1.4053208649047144,1,0,0
29568,0,2.141717182025047,-1.8106479371347566,0,0,0
14976,0,0.16819312915151566,1.9881502803359403,1,0,0
25211,1,0.1416588499762348,0.8884869731237299,1,0,0
10116,0,-1.2687632095543082,-2.094651231107302,1,0,0
9838,0,-1.355361266979574,0.4485158473100154,1,0,0
18652,0,1.1021150644226005,1.8656226611823545,0,0,0
20101,0,0.1882873058631747,-1.09548822007115,1,0,0
1657,1,-1.395068676974519,0.16523721447156664,1,0,0
15801,1,-0.9385912328148684,1.4158078248378447,1,0,0
15330,0,-0.08809563073079804,-0.4680957049036251,1,0,0
4151,0,-0.1362606770945263,-0.8081864894025812,1,0,0
17309,0,-0.7303450754183651,-1.267326267136155,1,0,0
14954,0,-0.6713395878768885,0.7927571295116368,1,0,0
20237,0,0.4503095355948379,-1.1361517730333737,0,0,0
28996,0,0.4381433107466346,0.8857360419711252,1,0,0
29519,1,3.187222389221086,-0.3931136975851303,0,0,0
13917,1,-0.6184266726991726,1.4743511380240732,1,0,0
27112,0,1.9673471034656869,1.0319130673545307,0,0,0
9635,0,-0.32232370746105987,2.8558181587546145,1,0,0
34,0,0.6834228547750201,-0.8763882054128018,1,0,0
23414,0,0.6845806762521197,-1.5729472609132336,0,0,0
19229,0,0.5724743525853736,-0.38460713968054744,1,0,0
5510,0,-0.3831991075671913,-0.13078670366795891,1,0,0
5001,0,-1.4426075763184338,-1.0439654458913596,1,0,0
17482,0,-0.8704837072416319,-0.9180227068141684,1,0,0
295,1,-0.9771134108411501,3.0130441309593907,1,0,0
30472,0,2.744992935539435,-0.0640920959208625,0,0,0
24105,0,0.3455504133481218,0.4683937275835894,1,0,0
28841,0,0.695199038680511,-0.5994599264097287,0,0,0
24103,0,-0.545020258821643,0.9430220450475589,1,0,0
12688,0,-1.2118922263088534,-2.1269941358067617,1,0,0
16332,0,-1.1824029863108714,-1.3744771933639452,1,0,0
18749,0,0.06328391255807123,-2.0265460380066505,1,0,0
4519,0,-0.7347846701613591,-0.7940558628331033,1,0,0
18639,0,0.08963188107749305,-0.7825352223746089,1,0,0
5864,0,-1.2615996970478636,0.8713559860499842,1,0,0
26819,0,1.1828948344065306,-0.5640571732212085,0,0,0
16887,0,-0.5186731362975288,-0.3214040634571409,1,0,0
13996,0,-0.9544474204958874,0.9626894423154688,1,0,0
20115,0,0.6489967563759389,0.7368920343463657,0,0,0
30048,0,2.6305519530480925,-0.31173501935057063,0,0,0
22607,0,0.16440804557061447,0.8687411709265604,1,0,0
20949,0,-0.4589141787690503,0.43853760231021643,1,0,0
11892,1,-0.9315638423310392,2.481056676213248,1,0,0
14446,1,-0.9678672195974475,2.302289926253067,1,0,0
24535,0,0.9603100376517116,-1.0269599994246847,0,0,0
913,0,-0.45685169598983555,1.4544732452127127,1,0,0
16644,0,-0.9384310901297944,-2.0350473875190676,1,0,0
6563,0,-1.2031797386436416,-1.9867618070667918,1,0,0
5597,0,-1.0664468480178078,-1.4204745729831,1,0,0
8934,0,-1.0086355586693145,-0.6151958563171518,1,0,0
12242,0,-0.31142403690997733,2.952704381041634,1,0,0
13122,1,-0.7443054223780582,0.8075144884535641,1,0,0
3825,0,-1.0634930400678748,-0.816623525171289,1,0,0
12102,1,-0.2551831334587624,0.5040957008714881,1,0,0
21695,0,0.3004961257090103,-1.0158096637510896,1,0,0
25408,0,0.21086471807383547,0.5419996269850642,1,0,0
7367,0,-0.9038947981548547,-1.288827224334203,1,0,0
18370,1,1.071532251025758,1.7841321374313905,0,0,0
6713,0,-1.4888346258035592,-0.4595617031252947,1,0,0
23366,0,-0.16803660316640276,-0.998709499161978,1,0,0
14579,0,-1.3718013961183568,-0.6609059453004982,1,0,0
27854,0,1.1004750335584825,-1.6496826335051222,0,0,0
22020,0,-0.14075063646748323,-0.9806847497118825,1,0,0
4355,0,-1.4160470491469765,-0.42556969730366706,1,0,0
32063,0,2.9357141089583614,0.9669512693398024,0,0,0
4718,0,-1.3183373268797014,0.019307422685530526,1,0,0
10520,1,-0.5091120268647784,-1.04722571214101,1,0,0
30353,0,2.455488019471952,0.6297197179275552,0,0,0
15408,0,-0.8085701480279522,0.7399901206183414,1,0,0
19804,1,-0.31966792861714766,0.39746260951422346,1,0,0
1648,0,-1.1746462066331114,-2.2702350381258403,1,0,0
26476,0,0.8030867132116133,-1.0555874574524873,0,0,0
536,1,-0.803315657161194,2.9288279051464925,1,0,0
24923,1,0.5013212624997413,1.2355289441316317,1,0,0
32005,0,2.314263760464387,0.610911517292433,0,0,0
31126,0,2.0601768000196525,-1.0830597097264427,0,0,0
30703,0,2.236414334942242,-1.1686534954922772,0,0,0
10776,0,-1.392055660116722,-1.646007277523356,1,0,0
23907,1,-0.253704044524823,1.5517956509081037,1,0,0
26313,0,1.8939299365685307,-2.5039719666502083,0,0,0
28444,0,0.5859674962841193,-1.7570404956585788,0,0,0
10542,0,-1.3937069958323847,0.13050901576626636,1,0,0
6460,1,-1.0725496873457916,0.39201921368642634,1,0,0
22811,1,0.2656859883526055,1.1794603948244706,1,0,0
9915,0,-1.5131878605408258,-0.3134584384032842,1,0,0
13924,0,-0.7475158146519942,-0.08071514095262207,1,0,0
2020,0,-1.2321618679903399,-1.1082335347974936,1,0,0
30526,0,2.2010044622245823,-0.5551795838227297,0,0,0
28346,0,-0.10286856945482509,-0.609147708017191,1,0,0
3131,0,-1.325162276017186,-0.22585265218490397,1,0,0
20486,0,0.17414652444081788,0.09458595096586946,1,0,0
9544,1,-1.0838571113426814,0.3589921878212767,1,0,0
5925,0,-1.5908743976377653,-0.5948880170493929,1,0,0
2610,0,-1.246287560053959,-0.33580744636270027,1,0,0
13230,0,-1.044899296161597,-1.7524063985782452,1,0,0
3737,0,-1.4066387963106914,-0.5270232833817394,1,0,0
28751,1,-0.31328080041193174,-0.3107497352477459,1,0,0
5206,1,-0.5316290047805702,0.41290902614053565,1,0,0
22387,0,0.0461166429919064,-0.5147209143513666,1,0,0
21978,0,0.6940228925671664,1.1402542054152913,0,0,0
1706,0,-1.1626449845925366,2.0638016916574986,1,0,0
7168,0,-1.0035661723327234,-1.2286047756880707,1,0,0
18577,1,-0.07675550412371823,1.7403306473782438,1,0,0
12447,0,-0.6526597429468642,0.5427090202348445,1,0,0
22567,0,0.2744563285200452,-1.2026081258377967,1,0,0
28826,0,1.4130466825483194,0.6103083969079871,0,0,0
14414,0,0.038864320881027224,1.8548814432934897,1,0,0
10062,0,-1.144173524307555,-0.9495279048284595,1,0,0
22377,0,0.3154989990387751,-0.5844695679133521,1,0,0
1562,0,-1.477385957144534,-1.7020516098155374,1,0,0
19993,0,0.9579064431652405,-0.9262250491173927,0,0,0
31174,0,3.3010465672436142,-1.2117668833564548,0,0,0
7803,0,-1.6716594152555138,-0.01471967318675542,1,0,0
6358,1,-1.1519485682834845,0.9559443229192552,1,0,0
9370,0,-1.2571346170084905,0.12988484325654812,1,0,0
29456,1,2.6221058181970784,-1.629385121415309,0,0,0
14478,0,-0.3291126170566253,2.910173908160905,1,0,0
20810,0,-0.1094023660336913,-0.6802013812867209,1,0,0
28383,0,0.27044039789842933,0.08208516222155902,1,0,0
6895,0,-1.443872578252331,-0.7654685315035175,1,0,0
17248,0,-1.1545940625666888,0.6877950895031011,1,0,0
8824,0,-1.0952288944672757,-0.20300040910007866,1,0,0
7121,0,-0.2457249877323582,1.0542449051903238,1,0,0
15199,0,-0.6754636951456616,-0.6708432993693245,1,0,0
30063,0,1.7820664118499552,-1.4862348122564109,0,0,0
14690,0,-0.34453219231050913,0.797578183318942,1,0,0
30897,0,2.207889981167782,0.1614122475389722,0,0,0
11389,1,-1.035138535893726,0.22703935798235308,1,0,0
23186,1,1.1481276776653921,1.8144904036591045,0,0,0
31041,0,3.111784097800565,-1.577493665859497,0,0,0
26254,0,0.3720510335968058,-1.1246173725238047,1,0,0
15387,0,-0.9423591654152607,0.18595674603255397,1,0,0
22768,0,0.9893563172584715,0.9417338839209215,0,0,0
11519,1,-0.9605096505063373,0.7195311543010323,1,0,0
15487,0,-0.6416807344780341,-1.1675289464315604,1,0,0
22478,0,0.9913777251365498,-0.08451336648060571,0,0,0
16523,1,-1.2056684506392572,1.3838725822549738,1,0,0
6782,1,-1.2676890510792718,-0.04629183655859294,1,0,0
29885,0,1.9720661065267653,-1.166360617151114,0,0,0
30319,0,2.5968678583139813,0.4844139477800898,0,0,0
5451,0,-0.8848863255474468,-1.3452780187291424,1,0,0
26562,1,0.016682214447564507,3.5026824348605365,1,0,0
5737,0,-1.3172585813933848,-1.5301923461490838,1,0,0
5486,0,-1.2174757112589842,-1.4345371738819892,1,0,0
29108,0,0.7848085648575851,-1.8377032866603094,0,0,0
7785,0,-0.7236733507375633,-0.7130680444449647,1,0,0
143,1,-0.5097300680931363,4.050942892202949,1,0,0
20554,0,0.53377662398537,-0.863712367933912,1,0,0
6472,0,-0.5780550654545071,2.131471427018955,1,0,0
30652,1,2.4489368086514687,-0.5587105482167158,0,0,0
1005,1,-0.6677052019402344,3.0147917739195873,1,0,0
19193,1,-0.44308228083072576,1.743679474277741,1,0,0
7391,1,-1.3408213501578026,0.5367345624247978,1,0,0
18257,0,0.9211416298346501,2.926016956784595,1,0,0
27239,0,1.0757033259494837,1.054890544783976,0,0,0
29809,0,2.665089365845865,-1.2018828347973103,0,0,0
30696,0,2.480451199925347,-1.6295595040969355,0,0,0
28738,0,0.03634619364900587,-2.039892286312702,1,0,0
25453,0,0.3505442472319536,0.49581089856667254,1,0,0
28660,0,0.2290826856277412,-0.4501874317138765,1,0,0
25561,0,1.0764192930247205,-1.7689906806787026,0,0,0
23873,1,-0.45569673130288235,1.1710887869753634,1,0,0
14689,1,-0.4609290612218999,2.79844753278498,1,0,0
26613,1,0.4213903129818397,-0.8304282935431152,1,0,0
6419,0,-0.51426796909387,-0.5795617154674773,1,0,0
13763,0,-0.835518505625105,-0.04034179148831073,1,0,0
20383,0,0.641627793399821,0.8618836354649948,0,0,0
18725,1,0.5389108188707131,2.280721339234369,1,0,0
6196,0,-0.7002318989091001,0.27742121302661366,1,0,0
13575,0,-0.08443069476847956,4.381200209846512,1,0,0
22128,0,0.4270446404816166,2.0614688716792875,1,0,0
28352,0,0.28169641935992845,-0.20853746257317335,1,0,0
1345,0,-0.7694048407386379,-1.2999796735245641,1,0,0
32460,0,5.950452277426572,1.3433800905637752,0,0,2
8546,0,-0.7025514241827939,-1.0010393787682696,1,0,0
8888,0,-0.936524018286144,0.4901526913779149,1,0,0
1659,0,-1.950582840132237,-0.6641298224331285,1,0,0
13779,0,-1.0315490305418809,-0.935788638969471,1,0,0
11623,0,-0.5778342565105736,-2.0492368279736235,1,0,0
27412,0,0.37378254164681013,0.47630522532954533,1,0,0
5608,1,-0.6588686133666956,-0.3344321915562407,1,0,0
2073,1,-1.0687798761098264,-0.06225964256367551,1,0,0
22130,0,0.6673943129827974,-0.9603410730933337,0,0,0
27544,0,2.3553317579397754,-2.334212012787812,0,0,0
24107,1,-0.12153389906112219,1.7416294698641344,1,0,0
26935,1,0.31644278569972956,2.3026225940623273,1,0,0
21135,1,0.19814603711752923,-0.024964182766709656,1,0,0
1799,0,-1.160124302962181,-1.0798926460887228,1,0,0
28579,0,0.5400907509902138,-0.6053108826518789,1,0,0
22430,0,0.12000845490659748,-0.3774844094851148,1,0,0
4933,0,-1.073048769848797,-0.3707415355602915,1,0,0
1527,1,-1.4753144454206206,-0.09640201983645809,1,0,0
3219,0,-1.1601718862633925,-1.2651363577678485,1,0,0
22354,0,-0.039400637017527364,0.04041720854286232,1,0,0
22068,0,0.45486916644902187,-0.4619938255786212,1,0,0
13980,0,-0.4642456728911681,0.4855120161270573,1,0,0
23429,0,2.1591029640697386,-1.8816346391321899,0,0,0
28788,0,0.8694475440004487,-2.0198448087041405,0,0,0
31194,0,3.023186178352888,-1.03379984390593,0,0,0
23081,0,0.4897549533827326,0.24539655916366626,1,0,0
17254,0,-0.5986197294737903,-0.6255937050702496,1,0,0
11387,1,-0.8735956884398323,0.9872685997158855,1,0,0
24700,0,0.6506694331532054,-0.6564271996968232,0,0,0
5125,0,-0.9826912949292813,0.006260021826158674,1,0,0
30262,0,2.2001870380497506,-0.06272831329560725,0,0,0
1120,1,-1.1650653804392213,2.4040148613291348,1,0,0
13860,1,-0.8944270316454217,2.503399153922754,1,0,0
18153,1,1.6610435983211256,2.6942788918877727,0,0,0
606,1,-1.2187332169699332,3.4058248059228853,1,0,0
19298,0,0.4761936497706969,-0.70448749431323,1,0,0
22942,0,1.0672877769222031,1.1863449531479218,0,0,0
29968,0,2.413167203481968,0.0035874537674888823,0,0,0
19637,0,-0.20790676955836776,-0.36709163119205995,1,0,0
26877,0,0.08350703581238286,-1.679415660376774,1,0,0
14541,0,-1.3014870044612197,-1.1831787108371599,1,0,0
26032,0,0.6477534695163142,-1.1421941710791816,1,0,0
25866,0,1.025755839683623,-0.7292598976689595,0,0,0
17431,0,-1.3853315471275733,-0.8717530402731577,1,0,0
2573,0,-1.4584740490532115,-1.253229549944166,1,0,0
8549,1,-0.8941453586607416,3.001852961035753,1,0,0
8261,0,-0.9483393830638577,-0.4646086306946641,1,0,0
565,1,-0.5018523596534166,2.461972583602811,1,0,0
11486,0,-1.0081025079349213,-1.059056539245914,1,0,0
6271,0,-0.49072305564342955,0.410960646625964,1,0,0
16573,1,-0.9225673738255941,0.41117042550829097,1,0,0
15588,0,-0.6797694341740977,0.6228183551913101,1,0,0
19875,0,-0.29785208327529,-0.18084501463353742,1,0,0
16320,0,-0.9716215364401756,-0.8514018406223376,1,0,0
16292,0,-0.9185984234781507,-1.4867400991660116,1,0,0
9789,0,-0.925887927971324,-1.4813526587415584,1,0,0
25324,0,1.7239656847116671,-0.7751467265771586,0,0,0
23762,0,0.4132632826332024,-0.8129673783924065,1,0,0
2910,0,-0.9677858961940559,-0.44621899397412695,1,0,0
16220,0,-0.29098266119166216,-0.08192084163568993,1,0,0
3286,1,-0.7923428141569477,0.029927044735267735,1,0,0
28868,1,0.16850076343321693,1.6214319165982145,1,0,0
23750,0,0.017692132129537873,0.19398943591624945,1,0,0
28612,0,-0.12915950433216103,0.30778655891931617,1,0,0
14146,0,-0.850692998091518,0.19137118767390449,1,0,0
22960,0,0.3074886271975049,0.83799599580907,1,0,0
10454,0,-0.7630617743082333,-0.6391132884900451,1,0,0
19589,1,-0.1935391656277933,-0.41256493569986835,1,0,0
27865,0,1.826823511191033,-1.6001953048747612,0,0,0
23327,1,0.5003643334446553,-0.40589410490973304,1,0,0
11549,0,-1.189717460345716,0.2686618492308717,1,0,0
12791,0,-0.8472404322163919,-1.438656633039256,1,0,0
4537,0,-1.1927060802027647,-0.9568468677772057,1,0,0
14535,0,-0.8509387893616438,-1.4029563353321652,1,0,0
16365,0,-0.2766960355065847,1.0879195174908467,1,0,0
29557,0,1.9197976840520565,-1.3605562021412447,0,0,0
17174,0,-0.7161086026311173,1.6452444128408248,1,0,0
6742,0,-0.9637954947431683,1.2411596751446978,1,0,0
12756,0,-0.13645376772756226,-0.8195482569534807,1,0,0
10350,1,-0.7171479301071856,2.48560214080345,1,0,0
12095,0,-0.7036986981709126,0.7744766383586734,1,0,0
9256,0,-1.1916867957678432,-0.06320840640589416,1,0,0
7517,0,-1.3161374060998832,-0.1454670468722144,1,0,0
29015,1,0.31338203816650684,0.3504115373597982,1,0,0
15526,0,-0.4796472634780951,0.002669575871045368,1,0,0
13328,0,-1.5293994761202097,-1.9255268129337269,1,0,0
7430,1,-0.6078660345354167,3.347150559731304,1,0,0
556,1,-0.08453569933473834,2.738774185667671,1,0,0
27821,0,1.0557978798299772,1.9090132271974254,0,0,0
4419,0,-1.0150221020718047,1.0108786826003193,1,0,0
21156,0,0.21559366675007208,0.5951872147332488,1,0,0
16422,0,-0.18676242435256277,-0.009313885392196977,1,0,0
13293,0,-0.9465671465498531,-1.9484826753349702,1,0,0
29857,0,2.7361795879394797,-0.40914148027307845,0,0,0
4750,0,-1.3160519193444855,0.17980602011409724,1,0,0
21660,0,-0.27424615710649647,-0.47381740701365577,1,0,0
10213,0,-1.1702975913447047,-0.3661658216483164,1,0,0
13104,0,-0.7414033886310066,0.19611493790970747,1,0,0
10678,0,-0.7085994878424643,0.06677847953053846,1,0,0
5785,0,-1.2576738963900227,1.0633994117210221,1,0,0
5792,1,-1.2377241475161844,1.6155456420295522,1,0,0
5880,0,-1.1929425050415001,-0.4593448504942745,1,0,0
26758,1,0.8503842042239387,1.0425333317160108,0,0,0
12272,0,-1.5473726824136127,2.2790035860899422,1,0,0
21399,0,0.2895442779820179,-0.6466785756697264,1,0,0
24057,0,0.9769121203934515,-1.2834285454198104,0,0,0
16570,0,-0.20964382964264697,-0.9516659537106009,1,0,0
29063,0,0.5002715312348213,-0.467582860877445,1,0,0
7933,0,-1.2821481613922765,-0.6257712653688434,1,0,0
7797,0,-1.5484981414314174,0.7755394225224286,1,0,0
19242,1,-0.5453171782388073,1.6771505407092284,1,0,0
1111,0,-1.3196621552505454,0.04775323185698192,1,0,0
1663,0,-1.2816429664206883,-1.7879230221520468,1,0,0
1012,0,-1.0794817638041538,0.9549910882586332,1,0,0
12876,0,-0.93833954463427,0.4126206887872061,1,0,0
17114,0,-0.6084510031803223,-1.9875199730851685,1,0,0
19318,0,0.23912012516497047,-1.0665955587535365,1,0,0
16679,0,-1.027586459852376,-1.0324430091852064,1,0,0
11826,0,-0.5889711927881757,-0.0112968622374814,1,0,0
30715,1,2.985210688267177,-1.0373626189509129,0,0,0
1628,0,-0.3027729786916813,-1.0073894264120062,1,0,0
14449,1,-1.2294810206897842,2.8389882363820194,1,0,0
23534,0,-0.31725646051158896,0.3183845873555242,1,0,0
21345,0,0.0061515432371206605,-0.7734025345400979,1,0,0
28708,1,0.5684075397267081,2.3839782362072293,0,0,0
28517,0,-0.33701391811257314,0.3436997614445617,1,0,0
3399,1,-1.2605583524214612,-1.9184488372337458,1,0,0
5866,0,-0.9486408835743798,-1.1597842225919928,1,0,0
6194,0,-0.6802940641739534,-0.49317210895566516,1,0,0
25871,1,0.9587343743545514,-1.0710609996401657,0,0,0
16166,0,-1.3942126653336968,-0.3326046632397454,1,0,0
24669,0,0.5272346375223801,1.067808554749572,1,0,0
21408,0,0.04302578205903212,-0.13897043211537935,1,0,0
480,0,-0.9830628195642505,-1.061886479244672,1,0,0
13191,0,-0.09530096023281145,3.6678151709742006,1,0,0
28601,0,0.493062985470588,-1.0962824524082193,0,0,0
14125,0,0.03077071388655591,0.7443668974035765,1,0,0
24486,0,0.0423114310625747,-0.12183493494607707,1,0,0
17460,0,-0.8230299767788062,-0.6361606937520012,1,0,0
1997,1,-1.343452094390005,1.8405117445690953,1,0,0
11181,0,-0.966993319647015,1.3386720538686092,1,0,0
11684,0,-1.1997140559357455,-1.327545345755095,1,0,0
7052,1,-1.1777024135282004,1.1344265830526643,1,0,0
4600,0,-1.172302313784056,-1.2637035462855921,1,0,0
10127,0,-0.674395328219214,-1.0143171145174845,1,0,0
22177,0,0.7039422675572559,-1.936577655964357,0,0,0
25632,0,0.40930959526077315,0.42378910925198443,1,0,0
21744,0,0.374723728368823,-1.2832882625628577,1,0,0
19214,0,0.256483306209146,-0.5649245571591893,1,0,0
17824,1,-0.3693608086786675,3.401359124985723,1,0,0
24340,0,-0.07278282694920665,-1.6626171344971195,1,0,0
12452,0,-1.163544999310585,-0.7975971929075965,1,0,0
22840,0,-0.1961244455154987,-0.15338006450745095,1,0,0
28151,0,0.4928735157820786,2.471554359648532,1,0,0
2001,1,-1.5984265800555726,2.671878184439559,1,0,0
29153,0,2.938782104185976,0.7353326665258071,0,0,0
9240,0,-1.352586428603486,-0.6626858303088268,1,0,0
29933,1,1.5874215948136385,1.9028455543523177,0,0,0
9566,0,-0.4394787903278874,0.12481119320464777,1,0,0
13528,1,-0.8458856261444575,1.3039091832880423,1,0,0
751,0,-0.8442555933565249,1.7828813543967812,1,0,0
10965,1,-0.819708137006694,0.3091965063670834,1,0,0
7345,1,-1.2771896952975552,-1.3250794040923133,1,0,0
2223,0,-0.9270571852666475,0.09497531754430628,1,0,0
30794,0,2.2816737187657186,0.7100024775724745,0,0,0
23047,0,0.8570718367952047,-1.6765348877400061,0,0,0
10668,0,-0.7192578422192111,-2.247944417409131,1,0,0
31963,0,3.172928326865507,-1.5979981576826328,0,0,0
13536,0,-0.3729563885718511,-0.6101359434938617,1,0,0
4710,0,-1.388390753927173,-1.752811527862345,1,0,0
7076,0,-0.8600012479727716,1.3586998947497932,1,0,0
19916,0,0.8414634977611232,0.23577774420038689,0,0,0
28717,1,0.3757200499397844,1.8274174527734728,1,0,0
14306,0,-1.0565649726333886,0.11710498258466052,1,0,0
26300,0,1.0422937509216692,-0.24099815895430537,0,0,0
29831,0,2.113052384897829,-2.2720012227420665,0,0,0
23712,0,-0.10392941497960877,-1.5878205000014218,1,0,0
28620,0,0.5486649350531085,0.8838890192611134,1,0,0
11335,1,-0.5070890909843264,3.227397641384437,1,0,0
9299,1,-0.8293668683505877,-0.5941498411365713,1,0,0
4996,0,-0.9453456301699108,-0.17344064546394344,1,0,0
30504,0,3.5586024995098304,-0.9913608699268444,0,0,0
8821,1,-1.196911535011335,1.266478417419001,1,0,0
21791,1,-0.07919509482988743,0.09271263769201969,1,0,0
9511,0,-0.05020497623328558,1.2007818173094462,1,0,0
6629,0,-0.7103094413898502,-1.364294557131853,1,0,0
14876,0,-0.11035642344426574,1.6589671570782816,1,0,0
14319,0,-0.6183298973366417,-0.5990971227856807,1,0,0
3892,0,-0.4662286200829545,-1.6186374667608279,1,0,0
15745,0,-1.1792866957565833,0.5016416073856464,1,0,0
22069,0,0.5836101920623115,-0.6769404313614058,1,0,0
6619,0,-1.257627144237334,-1.0743512197096212,1,0,0
3663,0,-1.3781713849936401,-1.5090805485066099,1,0,0
28541,0,0.6910603976562054,0.19717791482742053,0,0,0
19101,0,0.7611214083969732,-1.276485449606757,0,0,0
31101,0,3.71133393158389,-2.4061373525050156,0,0,0
7586,1,-0.6480875121415247,-1.9720034486284115,1,0,0
26412,1,-0.2448585863429623,2.0147021393028743,1,0,0
16072,0,-1.480177788121248,-0.25915980608541,1,0,0
31038,1,2.5877217073112546,-0.34074715833544567,0,0,0
19673,0,0.4385399529000775,2.76387515483307,1,0,0
32434,0,5.306466224750338,-0.009051621737039203,0,0,2
28237,0,1.3122287286346406,-0.8065414880402516,0,0,0
24744,0,0.5420109296784941,0.20449823636152964,1,0,0
4003,0,-0.9072484434532384,-0.8691693300305099,1,0,0
26244,0,1.182324202374194,-1.2071371207885013,0,0,0
7426,0,-0.7610226723081875,0.32464546100233777,1,0,0
14230,0,-0.6176103037791462,-1.0451697901561525,1,0,0
28641,0,0.41167214756665194,0.22949800437541495,1,0,0
28613,0,0.608072429941112,-0.34296235337222086,0,0,0
3123,0,-1.3379713916701876,-0.7695696587639531,1,0,0
13729,0,-0.6767907050600218,-0.9472633981889416,1,0,0
21211,0,0.0434154292981029,-0.8490449069980391,1,0,0
20997,0,0.6115047634025866,0.4703458678459078,1,0,0
227,1,-0.40740730266515723,3.227443946529602,1,0,0
23134,0,-0.15789994785667702,-0.9638804218989143,1,0,0
6359,0,-1.026338222513799,-0.8802946004060881,1,0,0
10172,0,-0.2122556311569471,1.2953762179594595,1,0,0
13062,1,-0.8892881768328037,0.9814526424042944,1,0,0
19994,0,0.7115404621829099,-2.0054072203247943,0,0,0
9520,0,-0.4007795984349244,-0.8452499812805053,1,0,0
27952,0,1.095799226778505,-2.105117242775036,0,0,0
25808,1,1.0492551717604928,2.1600117336100833,0,0,0
3042,0,-1.0396380424179579,-1.942549565035885,1,0,0
26045,0,0.2856018239460014,-1.7880392639692992,1,0,0
17917,0,1.051706549080148,1.7259768179632713,0,0,0
6145,0,-1.590162827087263,0.36910334895957003,1,0,0
25941,0,1.0222404873080218,-2.1339224065233258,0,0,0
15320,0,-0.9415491333762269,1.0803866865411405,1,0,0
3419,0,-0.35644741713652023,0.31544353592024826,1,0,0
25548,0,1.3752716266848626,1.4196973491269629,0,0,0
28399,0,1.0909047740593645,-0.7462566019672241,0,0,0
506,0,-0.7819071674891045,1.8079456614212635,1,0,0
31938,0,3.1118319385917377,-2.1923030959643843,0,0,0
7610,0,-1.0561972366666668,-1.3905825240360368,1,0,0
20958,0,0.34965428190426806,0.01817172857279291,1,0,0
19133,0,-0.03701306212305535,-1.1949273936746037,1,0,0
550,1,-0.7013432087399061,-0.9137391673716465,1,0,0
19236,0,1.4878687140612892,2.5739681622085544,0,0,0
6518,1,-1.2433675003234066,0.17618816491727002,1,0,0
18946,1,0.4393658328617088,-0.6243054230366176,1,0,0
9530,0,-0.9426777447589457,-0.6167983344045741,1,0,0
24121,1,0.7332881854117018,1.676458027951192,0,0,0
1457,1,-1.1392577061008113,-0.662221068544113,1,0,0
14160,0,-1.0896308790042744,-0.6290768848520925,1,0,0
7109,0,-1.030073767472777,-0.38986882772475234,1,0,0
22796,0,1.3382688867113333,-2.150947715796113,0,0,0
15569,0,-1.172655735692446,-1.9344933978370198,1,0,0
23497,0,0.36622183630807076,0.3398818539873234,1,0,0
11156,1,-0.7926230164797504,1.4467007377047476,1,0,0
22852,1,-0.031144323929714758,1.597349304856657,1,0,0
26828,0,1.257619907463928,-0.50384860074989,0,0,0
23650,0,0.5102603201169206,-0.48085483536708556,1,0,0
1461,0,-1.640271123960398,-1.5226816013453055,1,0,0
1064,0,-0.23020925890937136,1.6839218487769607,1,0,0
15867,0,-0.280960956907975,-0.5726174756119926,1,0,0
6918,0,-1.4215455527440843,-2.303147460174084,1,0,0
13713,0,-0.555464837470703,0.5422115146962997,1,0,0
32454,0,5.028278501119841,0.4525454927216313,0,0,0
3016,1,-1.145330643481487,-0.10444757275936896,1,0,0
2496,1,-1.755492513816335,-1.220393079831251,1,0,0
21359,0,0.883504828724444,0.12249955676614749,0,0,0
15587,1,-1.0618368421585291,1.4850934677062435,1,0,0
15159,0,-0.844365327293631,-0.7455586038237243,1,0,0
2845,0,-1.5204434659616692,-1.7611842495075443,1,0,0
29240,1,3.3446712314232396,2.2175026439004912,0,0,0
29841,1,1.764320616691878,-0.28666963129581446,0,0,0
7964,0,-1.0004405203902318,0.1882632418876684,1,0,0
19391,0,-0.47599737220181504,-0.8472429607354588,1,0,0
8626,1,-1.6634551084849696,0.7846135473652919,1,0,0
9941,0,-0.44433259621005117,0.34668424665451064,1,0,0
19330,0,0.24914488933536444,-0.864125552650661,1,0,0
24347,0,0.6842107117802826,0.8550840125124409,0,0,0
11497,0,-1.0673611878531755,0.6826361949823998,1,0,0
27322,1,0.9347106500578983,-0.7526784067009322,0,0,0
12576,0,-0.4056906934867277,-0.16509287380143345,1,0,0
24278,0,0.7646557911348404,-0.28241705201902884,0,0,0
17501,1,-0.9583656893184175,2.222439800796284,1,0,0
13281,0,-0.7602420553051223,-1.220795653025146,1,0,0
25283,0,0.7646307421754165,-0.6770368437602545,0,0,0
19587,0,0.6446059881127156,-1.9212413015506213,0,0,0
5636,0,-0.6039850966847274,0.03366274728071579,1,0,0
6611,0,-0.57193246372885,1.1339401520080343,1,0,0
10345,1,-1.1140316806014174,2.5867230276661637,1,0,0
31875,0,4.171909196644291,-0.8379296168108439,0,0,0
20436,0,0.35111752750564723,0.03333180817462077,1,0,0
4859,0,-1.2287927470290467,-1.0552232014976963,1,0,0
13146,0,-0.46243197323831065,1.2853214578296406,1,0,0
28776,0,0.033079540729571276,0.2869719320254156,1,0,0
10877,0,-0.8690584063940878,1.9178437613795853,1,0,0
17183,0,-1.0727817670250948,-1.059979697853979,1,0,0
24053,0,1.7218535654941505,1.1457033763817952,0,0,0
21054,0,-0.3188994062384933,-1.6309577896304328,1,0,0
17602,0,-1.1629392916798842,-0.3578065287905585,1,0,0
10674,0,-1.0020321626990394,0.08150776282427717,1,0,0
6361,0,-0.8314223307663332,0.17891047339781616,1,0,0
5299,1,-1.4139751011257402,0.8694309427358058,1,0,0
28112,0,0.8196809272732266,2.5180288062659266,1,0,0
9026,1,-1.609758151400029,-0.7002002375188517,1,0,0
8552,0,-0.5766206915347436,0.04203293850852556,1,0,0
327,0,-0.04163848265947621,1.632895354042172,1,0,0
5602,0,-0.9358156882022086,-1.556061058947507,1,0,0
1443,0,-1.707558672740439,-1.7936934130127409,1,0,0
31478,0,3.165506490737154,-0.2955070525637961,0,0,0
4454,0,-1.0879746778730037,-0.8634241227761451,1,0,0
18131,0,0.7729633429000448,1.9001336448056378,1,0,0
3933,0,-1.0180614163586597,-2.3646632121111604,1,0,0
8808,0,-1.221879436309397,0.3034191108810872,1,0,0
13097,0,-0.6211037303051281,1.2866630583954408,1,0,0
9662,0,-0.41529108230491735,-0.6697050095202366,1,0,0
7724,0,-0.8702833431952132,-1.9219049398296926,1,0,0
12947,0,-1.0428691490094237,-0.24452762874755207,1,0,0
31446,0,3.2857360520276173,-0.14793571252169885,0,0,0
21611,0,0.42913669642041796,-1.1626954409498003,0,0,0
9455,1,-0.6544385462086577,-1.450825975907312,1,0,0
26172,1,0.6900033988841477,3.1743046548886027,1,0,0
276,0,-0.49492659098860636,2.8360831540826807,1,0,0
14376,0,-0.774940776174149,0.4444946646876018,1,0,0
21612,1,0.13940530167335477,-0.8124512417775728,1,0,0
2031,0,-1.1499561606380155,-0.21427111639323448,1,0,0
20811,0,0.6590817321791074,-1.2260361709502672,0,0,0
15903,1,-1.3401506651973107,2.739363044761373,1,0,0
24648,0,1.058620191268004,-0.17407244212499923,0,0,0
29834,0,1.9185866328903496,-0.39751192705837796,0,0,0
14608,0,0.0078601454754055,0.28552595512208323,1,0,0
31125,0,2.8168143681151285,-0.39499270763112254,0,0,0
28544,0,0.4892145935638455,-0.2607143741337354,0,0,0
22680,1,0.34664465450874943,-0.057325835064518785,1,0,0
26146,1,0.29555450500785707,1.048530904051762,1,0,0
29266,0,2.1640434214891213,1.764090179319742,0,0,0
12450,0,-0.5997561221967775,-0.3168081897473344,1,0,0
24403,0,1.1837559513684346,-0.573502862703569,0,0,0
11786,0,0.03392383700359749,1.7932517727515347,1,0,0
30222,0,2.2668371338434055,-0.7512891257735022,0,0,0
4051,1,-1.2333318220187384,-1.045395692406389,1,0,0
2530,0,-1.6348369179573228,-1.111054171789714,1,0,0
26515,0,0.7985184695243589,-1.2956441054009886,0,0,0
18009,1,1.5374438307614564,-0.4726351301081632,0,0,0
6484,0,-1.105160010940579,-1.990323864973018,1,0,0
17918,1,0.2217151635821837,3.3566472475054403,1,0,0
13088,0,-1.059384512518877,0.8100553815918125,1,0,0
25933,0,0.43130686349983727,-0.2547829596586817,1,0,0
15025,0,-1.0519641991840976,-0.9515125118407259,1,0,0
25514,0,0.8488707511770855,2.672561073860738,1,0,0
3558,0,-1.5697983391792856,-1.4547995821398165,1,0,0
28608,0,1.2330655418393859,-1.3302197776360114,0,0,0
20349,1,0.020815547053029758,1.5649508007237722,1,0,0
9270,0,-1.3125850604157112,-0.010716687886312151,1,0,0
28359,0,1.4659048585806498,-0.6517763349451935,0,0,0
24102,0,0.3261767824484503,-0.9238238130532581,1,0,0
21722,1,0.8943488751443478,0.39503850617538155,0,0,0
27428,1,1.429314255108814,-0.935539675389834,0,0,0
30387,1,1.5769802635856671,-0.42470290798334204,0,0,0
26166,0,0.6645121484093587,2.9114233937245575,1,0,0
724,0,-0.6915904311920312,1.4637648167969444,1,0,0
30799,0,1.7384195319245275,-0.6785842127310195,0,0,0
5883,1,-0.9671434089740933,-0.033897971412102865,1,0,0
13972,0,-0.677960401093277,-1.4949017079180917,1,0,0
10405,1,-0.9620302429375239,2.320308589568933,1,0,0
14924,0,-0.7750438072817122,1.3324278505778826,1,0,0
18969,0,1.1625022081935168,0.26347004564651716,0,0,0
25818,0,0.09788933226401839,-1.0874515643497815,1,0,0
8705,0,-1.0436942167135126,-0.5494502952083304,1,0,0
17617,1,-0.5479164990646027,2.653632163667338,1,0,0
1092,0,-1.301283285720858,0.11152854988235482,1,0,0
17808,0,-0.7601729950717354,-0.9589669364810782,1,0,0
10721,0,-0.8802218761864967,0.7207957723477809,1,0,0
2740,0,-0.9795326026638228,0.052042867398040635,1,0,0
9293,0,-0.9963396946381323,0.7880134237976716,1,0,0
22109,0,1.0489550313347304,-0.05625134610171599,0,0,0
25697,0,1.7513592097755952,-0.49240861178820466,0,0,0
15256,1,-0.7804508821637303,-0.5305059048198353,1,0,0
7677,0,-0.43344891642634126,-0.728051590240474,1,0,0
13527,0,-0.9511955840212348,0.7995218740683931,1,0,0
9407,0,-1.245148474710754,-0.8668731376786035,1,0,0
8430,0,-1.384635832163873,-1.4275488340785398,1,0,0
24955,1,0.9003705025226433,0.3177776015050147,0,0,0
20378,1,0.6455614312848148,-1.7984791253071208,0,0,0
12456,0,-1.3000330266122482,-1.3190644661800277,1,0,0
19464,0,0.467474706932967,-0.8257289897458704,1,0,0
4639,0,-1.041229826643702,-0.2123154480461189,1,0,0
5999,0,-0.9618227663025846,-0.4812069519386028,1,0,0
29440,0,2.663397188092527,0.045249892174130266,0,0,0
1368,0,-1.1452374721704162,-1.3795391660056797,1,0,0
20467,0,0.4266058681529039,0.06278604797162667,1,0,0
18178,1,0.774890014900835,2.031367549169016,1,0,0
27743,0,0.4089783136405968,-0.4306868207274532,1,0,0
19055,0,0.6246966770494754,-0.7068903429615563,0,0,0
27758,0,2.5244288230746763,-2.305299737050667,0,0,0
24517,0,1.1263223941471965,-1.8365847422823818,0,0,0
1507,1,-1.1254190796150687,-1.0093783852343554,1,0,0
32019,0,2.038033820681542,-0.01274033077982524,0,0,0
24266,1,1.2414371988468915,2.20735706470917,0,0,0
14932,0,-0.8145414633371676,-0.20186999830570762,1,0,0
9048,0,-1.2040244875467618,-0.8799219379517091,1,0,0
21231,0,1.0565514603833053,-0.4862974703586143,0,0,0
17835,1,0.5870570658663342,4.030954915134783,1,0,0
10796,0,-0.35865715930053105,1.5919186459783286,1,0,0
13998,0,-0.5016901936287544,0.7846475936393668,1,0,0
21241,0,-0.16566122801055624,-0.4671798592770548,1,0,0
23042,0,0.6507118434627008,-1.6059772393058978,0,0,0
19273,0,-0.593089229360371,-1.0123763293238022,1,0,0
9385,0,-0.1963843710148904,-1.1003916908332936,1,0,0
13410,0,-0.4235098449270239,0.02580768064203203,1,0,0
1063,0,-0.08158036361337967,0.9252100629704307,1,0,0
15498,0,-0.5516823145798463,1.2762846627796114,1,0,0
12212,1,-1.5282906002112773,1.462901650017819,1,0,0
13896,0,-0.9622990302183027,1.6438747267754257,1,0,0
18823,0,0.40057248013843283,-1.7086798398018141,0,0,0
18032,0,0.3263645852567828,-0.2230049540785849,1,0,0
25687,0,0.9008950762622611,1.4761723355055025,0,0,0
12226,1,-1.2288621326905107,1.0120628656540427,1,0,0
28828,0,0.7006149034665988,-1.2664649722554848,0,0,0
5406,0,-1.3841264043885035,-1.2620303627135108,1,0,0
20582,0,1.403858221804478,1.17250831176502,0,0,0
28874,1,0.8780811410303498,0.03179366339706556,0,0,0
7866,0,-0.6951609148446299,-0.13595154570502532,1,0,0
5694,0,-0.026671327912361993,-1.1859743665954618,1,0,0
16654,0,-0.7341103200000937,-0.8937125591662287,1,0,0
13354,0,-1.3884812744367048,-1.079834469547455,1,0,0
5031,1,-1.274720141905002,0.2148618218487257,1,0,0
9178,1,-0.2391073360742468,0.6790069021603069,1,0,0
11330,0,-0.7896040726802956,0.9575036357565574,1,0,0
5568,0,-1.035202838734336,-0.392425410902762,1,0,0
28432,0,1.7267401217276364,0.5249651039289527,0,0,0
13465,0,-0.025251820422182387,1.5318993882482796,1,0,0
9670,0,-0.0659847785180763,2.6862041173143445,1,0,0
579,0,-1.313977443405156,0.3484457482057088,1,0,0
5032,1,-1.1891358892896187,0.4667277861327436,1,0,0
21637,0,-0.1083505075994978,0.3855359186354019,1,0,0
7616,1,-0.4165043768685447,0.21659937434727694,1,0,0
13937,0,-0.6755923373114665,-1.2385011572344224,1,0,0
17638,1,-1.0612088652292777,0.3543056388053273,1,0,0
27292,0,0.5768605307594492,1.4970714724856973,1,0,0
18117,0,1.0650840391151475,-1.7967389615999143,0,0,0
9672,1,-0.3780337460094259,-0.23639253043906,1,0,0
1666,0,-1.3519920215178296,-1.12751849161397,1,0,0
30140,0,2.617835245418111,-1.4842015006233746,0,0,0
7654,1,-1.116147148740897,1.250170885616102,1,0,0
21200,0,0.5298239782117338,-0.5460499531449515,1,0,0
18943,0,-0.21842389296454032,-0.1304800296567296,1,0,0
14313,1,-0.4391057406501547,2.808869799361284,1,0,0
27920,0,0.07676714136960568,-2.310745640171477,1,0,0
16437,0,0.1775204985095304,2.651857795032276,1,0,0
29743,0,2.440420729744175,-0.8496509043342408,0,0,0
30966,0,3.2830216069450753,-1.5919872679349794,0,0,0
21550,1,0.5056157760142436,0.06233335235521763,0,0,0
16693,0,-0.5634619229866463,0.0017149453713365959,1,0,0
23825,0,0.6524651369139031,0.45068052043851353,0,0,0
8039,0,-0.9644675330471293,-1.4788256465761938,1,0,0
7928,0,-0.9242176182991735,3.1864874973066546,1,0,0
9220,0,-0.8159058252446169,0.29423730590642555,1,0,0
13405,0,-1.451911304800167,-0.9318703958803771,1,0,0
11760,0,-0.3001439677414284,-1.6064519253977874,1,0,0
12077,0,-1.0207739873161235,-2.2692575817774308,1,0,0
262,1,-1.9060519341077045,0.7334936004645425,1,0,0
29207,0,2.0764488847158478,2.724480351393906,0,0,0
3336,0,-1.529196663697441,-0.8378954205345872,1,0,0
6810,1,-0.6535287606378666,1.671709781790971,1,0,0
26920,0,1.2242659768701165,-0.3980821792117843,0,0,0
11564,0,-0.9272142515171491,-1.3265960964693895,1,0,0
10523,1,-0.7764160022130213,1.4666963298739741,1,0,0
24159,0,0.5656964565542048,-0.5018307472171237,0,0,0
16402,0,-0.525220828907378,-1.0206214896134045,1,0,0
24679,0,1.8302316684199238,-0.8927935804777405,0,0,0
15974,0,-0.858514121022148,-2.152512551567264,1,0,0
30494,0,2.474415531961613,0.027749597329965098,0,0,0
21638,0,0.2799843458128649,-1.1005561608463925,1,0,0
12921,1,-0.02589309209316571,2.0507735731791397,1,0,0
1781,0,-1.159041932758982,-0.5778395262267368,1,0,0
3536,0,-1.4064185411757393,0.8943952023943622,1,0,0
32462,0,6.302955035486775,-2.751756221652091,0,1,2
27696,0,0.8742847812009135,-0.16032313380577456,1,0,0
2891,0,-0.8147585191411854,0.03959783899413953,1,0,0
21977,0,0.4605515825236584,-0.07861234594662457,0,0,0
6173,0,-0.9552071047691976,-0.525011112968841,1,0,0
16701,0,-1.2181491247380005,-1.4332202606838529,1,0,0
32146,1,1.7954201860842918,0.9783886421966367,0,0,0
4247,0,-0.32825400233083796,-0.9138561521339844,1,0,0
19325,0,0.015401955072041779,-0.9768541233475683,1,0,0
11895,0,-0.40465077338481614,0.39315764095455824,1,0,0
2182,0,-1.2679717838148992,-0.8703005850257244,1,0,0
10962,0,-0.9017907582848715,-0.08887732103792716,1,0,0
15214,1,-0.41167570367906514,2.5369970431150732,1,0,0
1524,0,-1.3371467354241808,-0.674420350494521,1,0,0
24089,0,1.4439650458089945,3.3259834835137903,0,0,0
18721,1,0.08322682563696493,2.225902144638517,1,0,0
12732,0,-0.5936153365671178,0.2583624930766514,1,0,0
28836,1,0.11784436809093216,-1.0864106191881688,1,0,0
1682,1,-1.491579726038569,0.2784047820075947,1,0,0
28312,0,0.7675215689696324,-0.24689049135580998,0,0,0
23449,1,0.37631549300376305,0.9135968046308105,1,0,0
14266,0,-0.31357509217839674,1.7421335556118256,1,0,0
15915,0,0.9457822419316351,1.0531676654073483,1,-1,0
1878,1,-0.7187544715441857,1.0772428969682022,1,0,0
21082,0,1.5301566223297685,-1.5391793821088975,0,0,0
22026,0,1.7298525448858366,-0.26349104776414967,0,0,0
25710,0,1.268606999140591,-0.09210013714195443,0,0,0
11468,0,-0.44748250002176254,-1.369468068478911,1,0,0
13829,0,-0.06988168043948736,2.009891975713235,1,0,0
6474,0,-0.4261119529355411,-0.1903689768967483,1,0,0
25644,0,1.3953056418531733,-1.1651464418425401,0,0,0
3303,0,-1.3309809519580453,2.5171701016648473,1,0,0
26609,0,0.8193862629284593,2.1299347503257726,0,0,0
10150,0,-0.22594733267961953,1.7215805744376935,1,0,0
7799,1,-1.0051319316291885,0.8247615458030296,1,0,0
19902,1,0.8155303640848751,1.130330985017636,0,0,0
9043,0,-1.00378519920297,-1.2103743148216748,1,0,0
28110,1,-0.4883608207181601,-0.20813637182360994,1,0,0
26739,0,1.4377192874083171,-1.5282533111036567,0,0,0
8826,1,-0.24655412849125993,-0.11965817429861798,1,0,0
8841,0,-0.8819113288051326,-1.8134483427911159,1,0,0
1383,1,-1.3774276093929982,-0.6564906277423058,1,0,0
15451,0,-1.2345742146733614,0.8277392680327875,1,0,0
7662,0,-1.348247273468517,0.6511527671551772,1,0,0
10083,1,-1.3856666525678716,1.5432734668205883,1,0,0
17264,0,-0.8494576539953554,-0.7916377319589567,1,0,0
20382,0,0.06171327264607911,-0.07758935318608733,1,0,0
10670,0,-0.47024198966482667,2.623613545773422,1,0,0
9993,0,-1.3390538229984268,-0.4516350728184663,1,0,0
14805,1,-0.7010867891255134,2.889428410400639,1,0,0
19261,0,0.2855305553606705,1.8759837316352277,1,0,0
1965,1,-1.7772697303008387,-0.8963479323456351,1,0,0
12528,0,-0.6536696832495226,1.450547865450853,1,0,0
14274,0,-0.47087754139117904,-1.1039185488899819,1,0,0
17348,1,-1.1669479330974013,0.45991886022673023,1,0,0
5794,1,-0.593842179930196,0.9025575445717925,1,0,0
9914,0,-0.8760513852079509,1.468927495750288,1,0,0
5457,0,-1.3254600618896244,-0.5091185853634528,1,0,0
10402,1,-0.8099283951726431,1.4305514383462634,1,0,0
6217,0,-1.3616127630043129,-0.21053593085011335,1,0,0
8788,1,-0.44342910488342824,-0.9622322575007665,1,0,0
21240,0,0.9764558441275067,-2.0469323882526917,1,0,0
2167,0,-1.3773014254443912,-1.5436107857778054,1,0,0
9947,0,-0.3216411256233799,0.6002317437693097,1,0,0
23916,0,-0.14238941596406565,-0.6191342644250537,1,0,0
15316,0,-0.5299036328161072,-0.5568302776886699,1,0,0
6277,1,-1.2411693115228108,0.3737665868742008,1,0,0
11820,0,-1.0533168544287592,-0.1266938330822457,1,0,0
17669,0,-0.4387832869722484,-0.8027169697480038,1,0,0
30333,0,1.5934570951392868,-1.104160372595719,0,0,0
16674,0,-1.1613724989315464,-2.101319386062029,1,0,0
7497,0,-1.4106468991407068,-1.0332649857478986,1,0,0
19669,1,-0.008943025401605608,-0.059251544970292044,1,0,0
14546,0,-1.3317076279812234,-2.0535147714651205,1,0,0
11962,0,-0.976970692315854,-1.7824786798353804,1,0,0
1073,1,-0.9937671689919209,2.3224308398324065,1,0,0
19840,0,-0.036438618814441416,-1.3629770471634253,1,0,0
10539,0,-0.885431564386877,1.1041824047985964,1,0,0
862,0,-1.2542857239115492,-0.22321368164066813,1,0,0
14795,0,-0.6158174168075422,-0.6406830513372528,1,0,0
20595,0,0.14060916885840113,-0.4726738039814076,1,0,0
28966,0,0.5482716346335855,0.37469728993256163,1,0,0
14153,0,-0.7536149651261347,0.10614626663556063,1,0,0
21885,0,-0.2460203849478084,-0.3552310729834856,1,0,0
26168,0,0.07433721768166114,0.11197155742842953,1,0,0
15404,0,-0.7705861912703923,-1.984931908064797,1,0,0
2968,1,-0.9207965994015648,-0.1104845293724236,1,0,0
31454,0,2.5261943090529604,1.046700292439699,0,0,0
9068,0,-0.7546092007804155,-0.09808619919356924,1,0,0
10237,1,-1.2209397487695821,1.7196298392117264,1,0,0
21282,0,-0.10607198117610253,-1.3612242571334627,1,0,0
3937,0,-1.1362782084620136,-1.5850850484313745,1,0,0
19731,0,0.7319081470227112,-0.06763414747595554,0,0,0
7931,0,-0.7513001532363913,0.4081147028428341,1,0,0
30954,0,2.7843114840489687,-0.7846536959188121,0,0,0
4137,0,-1.0908373756795513,-0.923032859377322,1,0,0
14658,1,-0.7658971193638561,-2.032055513533775,1,0,0
11628,0,-0.5795241289646113,0.2846670947595426,1,0,0
15005,0,-0.4823824414340475,-2.3521559447386093,1,0,0
29729,1,2.990834528286099,1.1653912297984255,0,0,0
12841,0,-0.9086601779523032,-0.4476438059012546,1,0,0
11033,0,-1.373411594488538,0.14175141355915194,1,0,0
8512,0,-1.270900377235704,-0.6155701275315304,1,0,0
8169,0,-1.3182340345451888,0.24548315130082432,1,0,0
30304,0,2.657237153994917,0.4420210852429205,0,0,0
19258,1,-0.3589972688579336,3.3794403927387355,1,0,0
4958,0,-0.7375435766804488,-0.6372637159365148,1,0,0
15210,0,-1.2338888975370284,1.6171680069884282,1,0,0
10160,0,-1.3538064355606274,0.9754207195116515,1,0,0
5990,0,-1.459191609263627,-1.306526394893451,1,0,0
7192,0,-1.5245258955874414,1.2010440735684234,1,0,0
1193,0,-0.4781734869866848,1.5932689066583985,1,0,0
19251,1,0.8321282924942459,0.9505434374901041,0,0,0
9849,0,-0.8021480983477585,1.2094286567444257,1,0,0
28131,0,0.19692995420708345,-0.6441740051338295,1,0,0
5266,1,-1.3253139654901338,0.1491313026744301,1,0,0
8001,1,-1.3076554459476004,-0.15293129998334087,1,0,0
22212,0,0.2544273948082418,-1.2263388194994198,1,0,0
20540,0,0.43270890132044465,-1.642803752099451,1,0,0
15033,0,-1.3850435185850964,-1.9693290711809268,1,0,0
22469,1,0.777243897148969,3.1712733920359906,0,0,0
5626,0,-1.0850216859816684,-1.3844460669206966,1,0,0
9902,0,-0.8092426070955947,-1.09489073906437,1,0,0
6554,1,-0.4762473024141599,-0.5277417537309919,1,0,0
8263,0,-1.1430030907496695,0.23049260261863547,1,0,0
16952,1,-0.7463179608562256,1.334652323189573,1,0,0
27273,1,0.7930965190509863,3.027289426370859,1,0,0
5116,1,-0.16889471435979142,0.36792359553008197,1,0,0
23492,0,1.1210955146888149,-0.23137548161743676,0,0,0
17103,1,-0.9458048541196004,1.84107351687351,1,0,0
6137,0,-1.360625702978304,0.41114962285565426,1,0,0
8340,0,-0.370735499749074,-1.463249501710912,1,0,0
20157,0,0.7669476109820762,-1.3456727828772148,0,0,0
27538,0,0.7469266597151812,1.2644880796445663,1,0,0
10136,0,-1.029733752288452,-1.8203672800365898,1,0,0
17182,0,-0.6249242485901512,1.887937426803892,1,0,0
13099,0,-0.2933215506052904,2.5992152702871576,1,0,0
28885,0,0.8574117398741531,-0.8763961321557892,0,0,0
6831,0,-1.1709070924517184,-1.2791716056493192,1,0,0
5154,0,-1.1751519087557132,-0.1444136589729691,1,0,0
8099,0,-0.7310523332130557,-1.2593433643763243,1,0,0
23484,0,1.0328945781038374,-0.040783292004419006,0,0,0
5788,1,-1.5497548026741892,1.1306923946989744,1,0,0
20951,0,0.427008849894439,0.5049360207566506,1,0,0
17261,0,-0.9991873432576129,1.7556983248774214,1,0,0
29667,0,2.7241980565486976,0.7414641781327352,0,0,0
25696,1,0.4945310929523085,0.7158732432159859,1,0,0
27268,0,0.8054210516558363,-1.1955993314411966,0,0,0
21450,0,0.6044087824153297,-0.4027242799091391,1,0,0
32126,1,1.4010320022517009,-0.1665372496856325,0,0,0
14415,0,-0.6361102041288244,-2.158397879317404,1,0,0
4772,0,-1.1714086404357869,-1.1594883897850623,1,0,0
11253,1,-0.5106569225446317,4.397481183136517,1,0,0
11210,0,-0.13011411262982783,-0.8094200730126052,1,0,0
2235,0,-1.2002461865288978,-0.043966287014581065,1,0,0
22592,0,0.49867955474212794,0.3580289776111882,1,0,0
18493,0,0.6969853765394454,0.12120774129606653,1,0,0
12817,0,-1.3349113713023641,-0.8533923681664243,1,0,0
22608,0,0.15114654151689064,-0.1950322564458274,1,0,0
15879,0,-0.8781392990719463,1.7619786152139516,1,0,0
13810,0,-1.1802291722550664,0.45768326105944857,1,0,0
27956,0,0.8401302011744046,1.3978523394609967,0,0,0
28993,0,0.28721515111828283,1.26378962092103,1,0,0
5424,1,-1.2401524512305586,0.21995793207420045,1,0,0
13166,0,-0.505646347136761,-0.9258425670059736,1,0,0
3228,0,-0.8326399756361661,-0.9847500660465414,1,0,0
2249,1,-1.3237851861044307,2.586202689547955,1,0,0
26378,0,0.714198965839253,-0.35787337075538034,0,0,0
32140,0,2.8654039725473535,-1.769019476756872,0,0,0
25061,1,-0.05863187911252813,0.9829790121727142,1,0,0
18236,1,0.25698494072884503,2.0914524495687985,1,0,0
30414,1,3.7183582895974956,0.0035624629005472225,0,0,0
10190,0,-1.1087499193401351,-0.36080822296758197,1,0,0
27773,0,1.8961516818422417,0.9577271811671226,0,0,0
21107,0,0.07802498133514855,1.8185861839545605,1,0,0
26316,0,-0.09661648221062119,0.9800131595920185,1,0,0
23638,0,0.5333817304932706,0.7659009097554038,1,0,0
21172,1,0.026954194098494887,-0.21868386517550154,1,0,0
23200,1,0.36809255167259924,0.862003866287288,1,0,0
1267,1,-0.9014818403052094,2.276698068701752,1,0,0
35,1,-1.3580014694628055,-0.975755082631905,1,0,0
1984,1,-0.6007401309074796,-0.5998442196637841,1,0,0
13756,0,-0.24969942653895685,-0.6286007495201664,1,0,0
1683,0,-1.1370494837562493,-1.03441578387128,1,0,0
15580,1,-1.1806530573740643,1.583060690400323,1,0,0
26948,0,0.5251151589270598,-1.209764888368303,1,0,0
15705,0,-0.2600616732401494,-0.07545070114087223,1,0,0
5616,0,-0.8392335677983981,-0.5394019465659181,1,0,0
1622,1,-1.3501564908700547,-0.2843931128827765,1,0,0
31286,0,2.4922685127837143,-1.0129590419355234,0,0,0
9642,0,-0.9476045417279328,0.07411437946380756,1,0,0
25821,0,1.134829278170451,2.1093099705899383,0,0,0
2363,0,-1.527662653783929,-1.2973883937030954,1,0,0
13315,1,-0.797025026269582,-0.6614167891990209,1,0,0
16805,0,-0.9027825901728773,1.0119283093414277,1,0,0
3427,0,-0.44914859369102833,0.30038466737094577,1,0,0
24552,0,1.0471252110982794,-0.1737378760549423,0,0,0
16923,0,-0.9833468443705571,0.6771340475927297,1,0,0
26233,0,0.35650585356209036,-1.9100328902770654,1,0,0
23432,0,0.16423148128371864,0.26652622355756533,1,0,0
1871,1,-0.40406129120630274,1.3814944132971654,1,0,0
8106,0,-0.9982521860143393,0.03529900072938873,1,0,0
31918,0,5.525996421084938,-0.9357757991135971,0,-1,0
8586,1,-1.299385349411432,1.4936748793672023,1,0,0
19708,0,-0.062263642734821274,-0.6165732622081702,1,0,0
24924,0,1.0423681658750137,1.1270461563178142,0,0,0
24109,0,1.507887253820275,3.3055937994597997,0,0,0
26132,0,0.7919770931727115,0.6721299483040941,0,0,0
3182,1,-1.1377286052640363,-0.4828689107975947,1,0,0
8991,0,-0.24426549924951482,0.591038989041339,1,0,0
9710,0,-1.5493421500231708,-1.7739991719815114,1,0,0
428,1,-0.564684097178699,2.614230890071804,1,0,0
13397,0,-0.9629138881992,-0.7035242504636028,1,0,0
9464,0,-0.6799201286427187,-0.596066078601527,1,0,0
18191,0,0.08887738937800183,-1.2011998065246063,1,0,0
32284,0,4.324590051471811,2.0249035947856315,0,0,0
16684,0,-1.1967991733013628,-1.3201043936818346,1,0,0
21571,0,0.7588984442272915,0.45833223403770224,0,0,0
12740,0,-1.0262194188148888,-2.2142927760065545,1,0,0
6854,0,-0.7915720740643621,0.8496289923552718,1,0,0
29236,1,1.9688273331232493,0.917908074689922,0,0,0
16733,0,-0.8687871802417632,1.5531501500946565,1,0,0
28813,0,1.0645221264386306,1.1748513945691432,0,0,0
4540,0,-0.3463652923525554,-0.762055014801669,1,0,0
29025,0,1.978345664614239,-2.454569778700903,0,0,0
20272,0,0.851722917901146,-1.058857532702487,0,0,0
7463,0,-1.150219144743659,-0.11674704598282627,1,0,0
14187,0,-0.33205297549284113,1.4213383636399322,1,0,0
15630,0,0.25499178842869147,0.36339865751855077,1,0,0
4394,0,-1.2806277717557057,-2.2116987541785176,1,0,0
10369,1,-0.8488354727727775,1.6738887761391403,1,0,0
24175,0,1.1319915549678699,1.0819943916700616,0,0,0
24930,0,1.0847031231452458,1.6974250511784603,0,0,0
16143,0,-0.9449378364935737,-0.21457746683475626,1,0,0
14131,0,-0.9957568921731018,0.5211928474733584,1,0,0
9709,0,-0.8995956003578534,-2.354465634252699,1,0,0
24354,0,0.7528834603597533,-0.1639472212209508,0,0,0
19048,1,0.4469485355720211,0.06936720957177676,1,0,0
15425,0,-1.0942729324965637,-1.7530846362734278,1,0,0
2762,0,-0.528655347304107,0.5388398552416821,1,0,0
26371,0,0.11850164065591798,0.6811585836882155,1,0,0
30345,0,2.371965971578169,-0.9414902564862306,0,0,0
3571,0,-1.0661716947084843,-0.9462767938202141,1,0,0
30810,0,2.760174842760537,-1.2208619579402722,0,0,0
11509,0,-0.8527618028801821,-1.7803863538394578,1,0,0
16859,0,-0.9029074241324457,-1.0565842562388619,1,0,0
24244,0,1.383751291442193,-0.16690602601113635,0,0,0
17403,0,-1.560678500779283,-0.9963875690289095,1,0,0
17140,0,-1.2245841116545464,-0.18110442367515556,1,0,0
2766,1,-1.1480999363573179,1.2656038845256288,1,0,0
16590,0,-0.9440446519446501,1.1105736511348077,1,0,0
2461,0,-1.9310517963290075,-1.0586557774998526,1,0,0
8361,0,-1.2437867249606016,-2.0022040454175705,1,0,0
9648,0,-1.0148102711787084,0.2927192677726649,1,0,0
13369,0,-0.4203065410218545,-0.6181430704020505,1,0,0
10023,0,-0.587515013935679,0.3777491740248207,1,0,0
19523,0,0.8338647201456996,1.1057134499474848,0,0,0
9483,0,-1.1531826313067692,0.12519305649422763,1,0,0
31202,0,3.411744899090734,0.8762968764733761,0,0,0
14430,0,-0.4821662135523155,2.8323553543359608,1,0,0
5180,0,-0.8199915586219415,0.10177229994500549,1,0,0
23822,0,0.6703733095395018,-1.9166672309298922,0,0,0
29935,0,2.77521438885344,-0.8908690758713326,0,0,0
8500,0,-0.5583074312248196,0.2420327503322952,1,0,0
13690,0,-0.3694073695210365,-1.4081277716314686,1,0,0
10826,0,-0.3718773620295518,0.14504550268346822,1,0,0
15460,0,-1.0664283815121576,-0.6361530220721305,1,0,0
16889,0,-1.2383581206755438,0.14493827770202938,1,0,0
7658,1,-0.8101085170666954,2.2967131957166256,1,0,0
9212,0,-1.0540542720563768,-0.5449155967428906,1,0,0
10718,0,-1.3181532888929517,0.7829257087586488,1,0,0
27997,0,0.04310038906842096,0.11212809837721822,1,0,0
30708,0,2.892874382609013,1.7654453741581861,0,0,0
32334,1,6.265102467171928,-0.5617968954306671,0,0,2
27422,1,1.8236542754972993,3.4766768005406425,0,0,0
5807,0,-1.465182253807536,-0.6406048976127994,1,0,0
23353,0,0.09539996007248047,-1.0208149713414685,1,0,0
5255,0,-0.8880353764730745,-0.6776415284291264,1,0,0
14736,0,-0.5691917485253886,-2.3504565551304033,1,0,0
6832,1,-0.9529571963939023,2.5387322330260296,1,0,0
26082,0,0.5833087797394805,1.1210185852018395,1,0,0
1902,1,-1.6503772697198003,-0.9426404622156996,1,0,0
20055,0,0.672982522912081,0.5514775639069172,0,0,0
15800,0,-0.8935279148383467,1.4941899323762833,1,0,0
25794,0,0.6570069923086322,0.21994766701163004,1,0,0
23679,0,-0.08550074457865792,0.18789031575711101,1,0,0
29988,0,3.224322435843553,-0.8731153149837078,0,0,0
26087,1,-0.0915792321101451,-0.4390534569538553,1,0,0
1136,1,-0.6744236102976712,1.5209915771659654,1,0,0
24394,0,0.7484551546162078,0.0659420794407147,0,0,0
13029,0,-0.28238755187616493,0.5173053889892414,1,0,0
27460,1,0.7808823612472782,0.9552320272602248,1,0,0
28443,0,0.38388277110739416,0.43964868363045473,1,0,0
8521,0,-0.45930383598913826,0.4069780044440812,1,0,0
6525,1,-0.8969527204163229,-0.08317737202898047,1,0,0
9171,1,-1.8211860581968276,0.8928786560774792,1,0,0
23326,0,0.6182721802383887,-0.4359471500560406,0,0,0
22309,1,0.46730849805713015,1.418654361395509,1,0,0
927,1,-1.3152004835615911,3.106966636801952,1,0,0
26794,0,0.9612795776966395,-0.3533821989871299,0,0,0
12129,1,-0.421196531483954,0.5551401996066746,1,0,0
13295,0,-1.6503544152186223,-1.630936318909963,1,0,0
5244,1,-0.9990296656359755,0.35228797773242987,1,0,0
14895,0,-0.38819780350435257,-0.8391899575770869,1,0,0
7101,0,-1.082602557376456,-1.4013382727225452,1,0,0
26987,0,0.2789294244706556,-1.887038994240866,1,0,0
15752,1,-1.3997835030098886,2.547798280009222,1,0,0
5736,0,-1.268654182428267,0.07156969844569162,1,0,0
7840,0,-0.9000652828790617,-1.0431174554617686,1,0,0
31552,0,3.1784435613019615,1.0751849024641449,0,0,0
18620,0,0.6321282470303736,-1.5039193318596713,0,0,0
14840,0,-1.0534088646000492,-1.169970008173746,1,0,0
24689,0,-0.2661649013251959,0.28685706568327074,1,0,0
27495,0,1.4440645894457675,-1.209716742702553,0,0,0
4307,0,-0.6311395354018464,-1.67690715004421,1,0,0
28058,0,1.1617258654330038,-0.16183331054330458,0,0,0
846,0,-0.478215596769936,1.0419373655652235,1,0,0
9287,0,-1.3670055894933835,-0.032834658052930746,1,0,0
19004,0,0.6199610009293982,-0.8303390236221143,1,0,0
319,1,-0.6798708766359911,2.8137379978650654,1,0,0
16325,0,-0.7361289847331226,-0.28274981290607454,1,0,0
6114,1,-1.4189698454665123,0.1694065518515006,1,0,0
2583,0,-1.5560350619035999,-0.7792712179586443,1,0,0
2593,0,-1.3364905691988425,-0.31407064287492703,1,0,0
30108,0,3.4706929723477247,0.31557270894278294,0,0,0
19092,0,0.24064840434745996,-1.7715893694318767,1,0,0
15707,1,-1.2370852651887165,2.7747056685610985,1,0,0
7710,0,-0.7577172437558374,-1.077854900184015,1,0,0
21301,0,-0.8184904504187888,0.7437349878008657,1,0,0
19803,1,-0.24552121021431902,0.6717090141740538,1,0,0
28183,0,0.40601424162813304,-2.002186349416592,1,0,0
20834,0,0.6220588660762593,-0.6892284370824189,0,0,0
14032,0,0.26384332267570987,0.6890566699903921,1,0,0
8919,0,-0.7809987826808826,-0.6015187687481112,1,0,0
26337,0,0.23637238181990758,0.4039742555099774,1,0,0
5667,0,-1.3567107401089145,-0.8575894546820555,1,0,0
7039,0,-1.0116963769324114,-0.6097452135536852,1,0,0
16777,0,-1.1019115476947718,-1.3970582778132543,1,0,0
18664,0,1.523101468303076,0.981815718359491,0,0,0
10528,1,-1.1726779126642992,1.6528021055596707,1,0,0
27370,0,0.4696584923932369,-0.8128663489723812,1,0,0
18290,0,1.1770228210694074,0.1733961599702893,0,0,0
4807,0,-1.259215699752042,-0.9395667222184192,1,0,0
2074,0,-0.9064904232714691,2.5225721034636215,1,0,0
28567,0,0.6660708499546918,-1.1721812154587703,0,0,0
2665,0,-0.880058470654866,-1.2365297706567417,1,0,0
18292,0,-0.33160947180588385,-0.49747528109090916,1,0,0
16386,0,-0.9708869293377471,0.9163317140484283,1,0,0
31273,0,2.926373268066202,-0.7166292643185259,0,0,0
17694,0,-1.4321290546142988,0.2229046248509145,1,0,0
30542,0,2.003127792545658,-0.11000626315304592,0,0,0
27444,0,1.2486465288294113,1.368043465427703,0,0,0
30137,0,2.16132392658596,0.6399438843375054,0,0,0
2398,0,-0.7690098448590242,-0.6787528558249748,1,0,0
9332,0,-0.818341562790444,2.865754204865254,1,0,0
30292,1,2.547162815511709,0.43791320147350693,0,0,0
27178,0,1.089881158795284,-0.09511512837323867,0,0,0
14492,0,-0.5106482774498602,-1.0511182300537827,1,0,0
22159,1,0.2380793060538661,0.9836920898377931,1,0,0
18417,0,0.49155115974514507,0.9527860676334877,1,0,0
24381,0,0.3562968014403752,0.1579856972802327,1,0,0
12370,1,-0.8467724830592801,3.2270110119163826,1,0,0
22759,0,0.9773588854120391,-0.1373065730652822,0,0,0
8034,0,-0.26914134027687553,-0.32988035312683567,1,0,0
25033,0,1.7575435749681916,0.7932713613336293,0,0,0
10860,0,-0.5082954324512831,-1.0974829528643786,1,0,0
26665,0,1.1639845174260697,-0.4917398346849214,0,0,0
19792,0,1.1518615754282862,-1.2816371541075235,0,0,0
27372,0,1.7345224686976004,-0.2920415375398524,0,0,0
6575,0,-1.1482834515919478,-2.108035611923625,1,0,0
12297,1,-1.2913296638890526,1.4849535762853756,1,0,0
13475,0,-0.8198504500284796,-0.8586012185839471,1,0,0
28768,1,0.6264344818131682,2.6122519975748744,1,0,0
19256,0,-0.16224820483686206,-0.9910556970701974,1,0,0
29791,0,1.9198382754833585,-0.8248368617985449,0,0,0
20267,0,0.3749174466217739,0.49037424349420206,1,0,0
28146,0,1.3619916828852516,-1.439241791101381,0,0,0
18100,0,0.41311596267322803,2.5032642306827273,1,0,0
17899,0,2.2424771851048853,0.47155493002501553,0,0,0
23987,0,1.476662035343882,-1.065240027999511,0,0,0
7154,0,-0.9023919158517409,0.10362446682085967,1,0,0
13741,0,-0.34944321629152486,0.9133077266946686,1,0,0
32470,0,4.91764876467758,0.6210751340795477,0,0,2
8550,0,-0.9821626058686675,1.332382644400896,1,0,0
5714,0,-1.5770235144662306,0.15090895186150755,1,0,0
25234,0,0.3441563129585803,-1.37137820448211,1,0,0
23320,0,0.7862457485025657,-0.9742919053702126,0,0,0
29876,0,2.8019891796238046,-0.8642987129044651,0,0,0
22225,0,1.4866268135265428,0.04205617248200757,0,0,0
17072,1,-1.1759259967258984,-0.45635993132278724,1,0,0
11010,1,-1.426994307434918,-0.8339534914249864,1,0,0
16095,1,-1.616142723756785,1.2816816524006807,1,0,0
21136,1,0.23526927986753873,-0.3171128993630721,1,0,0
15514,0,-0.8855172463736413,0.7562538514520686,1,0,0
8249,0,-0.5740541345016471,0.9434926804856261,1,0,0
22112,1,0.06770928281086314,0.9858357796333559,1,0,0
8593,0,-0.7772790588917223,1.3328373046896573,1,0,0
17303,0,-0.9264174584436505,-0.47078637730874145,1,0,0
1342,0,-0.9886498032365129,-2.113007512990374,1,0,0
15464,0,-0.041816588801195466,-1.639043956616647,1,0,0
13140,1,-0.4230170716924282,-0.3206963113235656,1,0,0
27812,0,1.3889007338650954,0.9897678019879752,0,0,0
12827,0,-1.3768148225332435,0.839617940340349,1,0,0
23690,0,0.6692978442598104,-1.217038879190327,0,0,0
17578,0,-1.1360721164758096,0.22408255006726757,1,0,0
24571,0,-0.13322347747877905,0.5608559830604707,1,0,0
8744,0,-0.4634702721163043,-0.9641764924356275,1,0,0
7635,0,-0.527096718820255,-1.2994317606965278,1,0,0
5344,0,-1.1599425018805791,-0.4149831979831088,1,0,0
27899,0,0.08870199219307953,-0.09916105723983622,1,0,0
10002,1,-0.7768701695434332,-0.8935533346479357,1,0,0
7734,0,0.08900691248753653,3.1327589262527216,1,0,0
30837,0,3.2631545261193686,1.3433311252799085,0,0,0
1279,1,-1.537733364296588,-1.363805005715571,1,0,0
9225,0,-1.1557640051388023,0.2196158201549595,1,0,0
6011,0,-0.9118267050505511,-0.29380535137087976,1,0,0
4869,0,-1.7583541274191818,-1.2751995874263375,1,0,0
1099,1,-0.5939600716023817,2.4042966683227958,1,0,0
2717,1,-0.8579720308786444,1.8138921300367856,1,0,0
15439,0,-0.3760379448415408,1.2235847792523227,1,0,0
32167,0,3.495382707138207,0.7793975387546828,0,0,0
9517,0,-0.3028613870124647,-1.4041916569100141,1,0,0
26615,0,0.23007881140418962,-0.46955911784033505,1,0,0
4509,0,-1.129900720449218,-0.42892425850330324,1,0,0
4254,0,-0.839442269736809,-1.5855096929499959,1,0,0
10242,0,-0.315836288143592,0.18564075889715798,1,0,0
6495,0,-0.5577267244815473,-0.23867487893348838,1,0,0
8530,0,-0.4756112782272204,-0.943760478733114,1,0,0
20881,0,0.06754846070071069,-1.0345573271479362,1,0,0
5073,1,-0.9530789553952871,-0.35419274175151844,1,0,0
8837,0,-1.3126033515478233,-0.657743453751432,1,0,0
17951,0,0.8734782174926636,2.754286560741273,1,0,0
13393,0,-0.5111545160086175,-1.0859333179689545,1,0,0
20985,1,0.7926725555077648,-0.10251937837389814,0,0,0
18525,0,0.45257747328128695,0.9119306087726474,1,0,0
6140,1,-1.1175650885800688,0.7951729239924037,1,0,0
13460,1,-0.43792373384848715,2.0840076417453175,1,0,0
15676,0,-0.18246603099209183,-1.8386633341352463,1,0,0
25402,0,0.5135725060337385,-0.40448751998173943,1,0,0
14881,0,-0.5497796284314445,-2.4112202701442667,1,0,0
3386,0,-0.8536502140840557,1.096727176603411,1,0,0
31350,0,2.6229598495247464,-1.0278797860392812,0,0,0
20346,0,0.26586143314086313,-1.6601693691610286,1,0,0
1324,1,-0.7527861793828459,1.2919406231637507,1,0,0
1338,1,-1.0614456789999123,1.7822246419329346,1,0,0
29448,1,2.1446199247017175,-0.8122073108164065,0,0,0
30035,0,2.1493008621137344,-0.33056019273427956,0,0,0
13137,0,-0.787420208430826,-0.5206120751383166,1,0,0
9025,0,-0.5981926745903376,-0.9068742206699941,1,0,0
31260,1,2.856829660965266,-0.4959808829373686,0,0,0
15359,0,-0.31993475229890467,-1.6533291928421445,1,0,0
8868,0,-0.395682713213631,0.34202271554352687,1,0,0
2612,0,-1.0764621726901622,1.605813998371153,1,0,0
25704,1,0.29054644849165384,5.217906380068909,1,0,0
21210,1,0.1778308261766887,0.15908988349439684,1,0,0
18318,1,0.44727058585325863,3.058260916806471,1,0,0
20455,0,0.5796123325033163,-0.510867798068371,1,0,0
24003,0,1.0411115612392425,1.2666202757672602,0,0,0
15968,0,-0.759198461202886,-2.2677165605433873,1,0,0
7435,0,-0.38872267772057945,0.6904273127584099,1,0,0
32313,1,7.222676968364792,2.6344432087938703,0,-1,2
166,0,-0.1649024988767647,-0.18264777568936968,1,0,0
11766,0,-0.5758879381763776,-0.739001821845626,1,0,0
22620,0,0.19930911021970651,-0.30568551488062345,1,0,0
7181,0,-1.2850314786856074,-1.2153514335249216,1,0,0
30754,0,3.5269877202328828,0.14339054645507748,0,0,0
15710,1,-0.936533653615377,3.007806383759325,1,0,0
26102,1,-0.2837888035184779,1.3099065738936864,1,0,0
44,0,0.5986966648874065,-1.0351481230082145,1,0,0
27606,0,0.5992579061330069,-0.037053922965742794,1,0,0
18432,0,0.3214301399647257,0.7097506622196429,1,0,0
28242,0,0.8435408248218423,1.6892138860277661,1,0,0
10522,1,-1.139599327607558,0.3528089898332896,1,0,0
25506,0,-0.26810215992661435,0.3869450815012769,1,0,0
28115,1,0.8832308400941024,3.9158918500626503,0,0,0
23877,0,0.5247806584213068,2.6331060289938857,1,0,0
14934,0,-0.04137933085559448,-0.6866104316243075,1,0,0
11318,0,-0.6907793361394597,0.1623576564767057,1,0,0
20676,0,0.2766157212619999,-0.2127885003238454,1,0,0
6340,1,-1.328736610560689,1.403851666411142,1,0,0
21518,0,-0.0728842725902619,0.8478937991175832,1,0,0
11471,0,-0.9270387665970888,0.5878072612619755,1,0,0
32400,0,6.086872448260201,-0.6868400068557604,0,-1,2
11591,0,-0.3068695611912424,0.36980313958073524,1,0,0
6921,0,-1.1337539390379046,-1.5781051078560753,1,0,0
13696,0,-0.592541054265494,-0.00914272793490263,1,0,0
5415,0,-0.6354293530068594,-1.013405900515118,1,0,0
4434,0,-0.9677305707565278,-0.022535958872437506,1,0,0
26183,1,0.73090212605973,2.299762584915143,1,0,0
12606,0,-1.478107055157769,-0.4830765285380178,1,0,0
9970,1,-1.3009872783380902,-1.0624468822908346,1,0,0
8918,0,-0.539651031581368,1.1343034134658465,1,0,0
30945,0,3.236051839909783,2.8511392606541692,0,0,0
10478,1,-1.253008808328392,1.1370101386097151,1,0,0
4030,0,-1.1356141034389053,-0.8534775719868536,1,0,0
10829,0,-0.38412928273244373,-0.725764156683006,1,0,0
3095,0,-1.1654113133308386,-2.016548632055164,1,0,0
1140,0,-1.6207486384091985,-0.2685320736724753,1,0,0
32225,0,2.99359203872661,-0.38907953668010214,0,0,0
13206,1,-1.0144333024461816,0.3683811479523023,1,0,0
21485,0,0.3650160324026901,-0.24896827170228297,0,0,0
23124,0,0.6976561821899376,-0.1790516407531232,0,0,0
6282,1,-0.6860248732721006,3.1009180397038376,1,0,0
20954,0,0.9532591068422914,-0.2722462591611463,0,0,0
25942,0,1.645179215536368,0.6183540374319525,0,0,0
11482,0,-0.8551564400740933,-0.11042421911095941,1,0,0
11113,0,-1.3004352435014288,-1.2646488406952048,1,0,0
22810,0,0.9749546169897315,0.1325704414138807,0,0,0
20987,0,0.19358502019003818,-0.6255155033746926,1,0,0
8270,0,-1.4200692775244532,-0.13940449249719178,1,0,0
19200,0,0.726611668838277,-0.8194401905637853,0,0,0
18341,1,1.023792773551865,2.7349093990179267,0,0,0
2810,0,-1.264878980110469,-0.9142361263901893,1,0,0
17648,0,0.015744293724368218,-1.815515614950601,1,0,0
15181,0,0.12961424479590203,-1.2613354006959334,1,0,0
14531,0,-0.19543384173023345,-0.2784547192399043,1,0,0
22203,1,0.9360806579242811,-0.22440833801241183,0,0,0
6860,0,-0.5105237555131369,0.30795243958250357,1,0,0
18404,0,-0.261699837289029,-1.0285924802840791,1,0,0
22916,0,-0.3347977090737979,-0.19972623823704055,1,0,0
1030,0,-0.9256590378358808,0.8288247351861647,1,0,0
10316,1,-0.34419613369377067,1.638445752396634,1,0,0
19947,0,1.083377166048563,1.6872023425016136,0,0,0
14340,0,-0.257618342405407,-0.21835757719207682,1,0,0
19912,0,-0.4058600325253029,1.1784402188419834,1,0,0
6380,0,-1.6906310503661435,-0.634243220252494,1,0,0
14366,0,-0.4006894850100903,1.2954586054560295,1,0,0
27975,1,0.5810300709210492,3.1634236503864104,1,0,0
13711,0,-1.0767742048960882,1.5297751913668798,1,0,0
30038,0,2.2850645028803447,-1.9511889554652166,0,0,0
26950,0,0.95990355863059,-1.4447734744110792,0,0,0
30199,0,1.9818976565506359,-1.6175727442272838,0,0,0
26282,0,0.5688465605481612,-1.0528378439332735,1,0,0
2089,0,-1.1208679476521557,-0.8869155962941919,1,0,0
20299,0,1.5441421020798003,-1.5567238048251064,0,0,0
32414,0,5.901169202630088,-1.7213317877108067,0,0,2
24523,0,0.7989356764075072,-0.707936536275776,0,0,0
28210,0,-0.0016146410911246963,-1.1513920957274295,1,0,0
14485,0,-1.3411615809877673,-1.6870627308663313,1,0,0
16544,0,-0.6802933728499253,-1.407398971115817,1,0,0
3374,0,-1.399528073690641,0.03941089408106356,1,0,0
19992,0,-0.10541401230257277,-1.4640319035141975,1,0,0
30857,1,1.731521179745316,2.0692739020368704,0,0,0
13832,0,-1.1537073255247796,-0.48440033899614016,1,0,0
21738,0,0.19882021251064716,-1.1945326742502897,1,0,0
23716,0,0.8307537399283401,0.31180675044582934,0,0,0
5998,1,-1.060842540451173,-0.08425584367708104,1,0,0
11445,1,-0.6207967606354993,0.7813362507427266,1,0,0
28778,0,0.3555486185055277,3.457592648246651,1,0,0
19505,0,0.5339980233760958,0.1317422442904345,1,0,0
21974,0,-0.42882148857196234,-0.9644444807200865,1,0,0
6378,0,-1.6256995111297938,-0.2186695815474124,1,0,0
18001,0,1.7413190420568856,0.3905970154946587,0,0,0
7243,0,-1.2005288298508654,-0.7333801357916572,1,0,0
31303,1,2.3643027464661857,1.0013817355226906,0,0,0
27644,0,1.8972790876581496,-1.0697598583834238,0,0,0
22597,1,-0.08666735917226467,1.1240063003358174,1,0,0
10660,0,-0.708864172598694,-2.232317368767288,1,0,0
14836,0,0.127484572897908,0.7529860806493622,1,0,0
608,0,-1.3121126884574168,0.322974633462587,1,0,0
12045,0,-1.182060029746742,1.313739441104565,1,0,0
5927,0,-0.6721978215278214,0.565543150078094,1,0,0
5271,0,-0.8258822237545429,-0.6356015660646834,1,0,0
12366,0,-1.3868951135481546,-0.6035282679926919,1,0,0
14423,1,-0.20461708105711454,0.4441869323908631,1,0,0
17587,0,-0.9761759465996364,-1.3293513336071496,1,0,0
19027,1,1.0595328313213266,-2.5480631592921394,0,0,0
26922,0,1.1285267908657917,-0.5093525172471507,0,0,0
14712,1,-1.071852825065019,1.4212463240227702,1,0,0
1508,1,-1.2026576321973803,-1.5008381129572366,1,0,0
31869,0,3.802153302753049,0.9460835369341516,0,0,0
12387,0,-1.0564276262252532,1.387071269894022,1,0,0
7321,0,-0.9845421787399332,0.0004546347970832282,1,0,0
21094,0,-0.4214466471693852,-0.8513745461287778,1,0,0
4366,0,-0.7288782798365007,-1.6656424992353467,1,0,0
5502,0,-1.3191306510587821,-0.542992654260974,1,0,0
23485,0,0.8834626006623189,0.04605110653074192,0,0,0
29259,1,1.4855046110245167,0.036201116025984345,0,0,0
27167,0,0.5410676830133131,1.4243957620724432,1,0,0
24554,0,1.6558016981492274,-1.597801309424547,0,0,0
14259,1,-1.010007047110657,2.033370148000643,1,0,0
23945,1,-0.036196096204805996,1.4755855836163965,1,0,0
24819,0,1.0533254042046738,0.6113080579891196,0,0,0
10807,0,-1.1441856135535142,-0.29634983485912353,1,0,0
570,0,-1.0001412813366084,1.9864987692227596,1,0,0
13704,1,-0.45982791316396354,1.5429745630992784,1,0,0
32058,0,1.742277539318231,-1.2649019293500918,0,0,0
31321,0,4.388043677617771,-0.8899431278926805,0,0,0
28802,0,0.6113870546106458,-0.26681067659308083,0,0,0
24287,0,1.4351184380251032,-1.1691776784546695,0,0,0
26857,0,1.0044309487839538,-0.5674480626358716,0,0,0
31743,0,3.0846270813741485,-1.710020354199486,0,0,0
8081,1,-1.1728115975864228,-0.2749671135904979,1,0,0
27610,0,0.7929086465064769,2.260648821906216,1,0,0
17455,1,-0.6768690953072921,0.14164797246438715,1,0,0
27045,0,0.9986958060336968,1.0606458658430395,0,0,0
9132,0,-1.3713758655413575,-0.1385721257546147,1,0,0
27885,1,-0.3120479860697043,0.3798738430421223,1,0,0
12928,0,-1.009264092930845,0.4059438520150674,1,0,0
6980,0,-0.4832774737625235,-0.9173441077695619,1,0,0
19175,0,0.055222350950838155,0.4507154158734419,1,0,0
13610,0,-0.8904153778235093,1.078470690890323,1,0,0
27074,1,1.3794105223193749,2.69151344584553,0,0,0
20518,0,0.27518380935190556,-0.4538341613014742,1,0,0
24236,0,0.08486290673443236,-0.10500726058176905,1,0,0
25018,0,0.6817098394645796,0.931959428290016,1,0,0
6962,0,-1.0071557484661946,-1.0721693258333824,1,0,0
15877,1,-0.743646455755229,3.209327339648441,1,0,0
4795,0,-1.0583914573403586,-1.8288011225421343,1,0,0
15655,0,-0.09655773532737386,-0.21746800873157207,1,0,0
6633,0,-0.939078855999213,-0.015341946918686303,1,0,0
3938,0,-1.1783192562625608,1.2452398084955372,1,0,0
15561,0,-0.149439861276532,0.9936963355210473,1,0,0
30782,1,2.3982070810310447,1.0831684955562206,0,0,0
15665,1,-0.5158804042508981,1.6022527275663119,1,0,0
20392,1,0.3980414873846936,-0.47505573738910917,1,0,0
12976,0,-0.7886236828577307,0.1294962019005031,1,0,0
25233,0,0.4125076160011646,0.3438150767376293,1,0,0
21392,0,0.5424439066923971,-0.4643323343289029,1,0,0
12465,0,-1.1483948582612873,1.0578735623309892,1,0,0
4026,0,-1.086942863994948,-0.8390913472524146,1,0,0
5995,0,-1.2119106216285276,-1.1320515706197027,1,0,0
8423,0,-1.01514291501738,-1.5360549315786365,1,0,0
4386,0,-1.4766779908971206,-1.5271941578558612,1,0,0
8347,0,-0.8723795296433273,2.8463169056324156,1,0,0
4589,0,-1.3073511887471774,1.2626396127514499,1,0,0
4239,0,-1.3908294254849427,-1.242558023766941,1,0,0
6680,0,-1.1943180212248334,-1.1989800979968863,1,0,0
1755,0,-1.0827662631727963,-0.7692237094292339,1,0,0
22077,0,0.6248833324900093,0.9771423145658047,0,0,0
15119,0,-0.2710513505303557,-1.8296178296555672,1,0,0
18040,1,0.6999704828624878,3.048989365570344,1,0,0
5004,1,-0.6759832155605922,-1.0208531124082134,1,0,0
19382,0,0.22063897552483508,-0.3780452825619068,1,0,0
31184,0,3.3800781815073506,-2.177294378731602,0,0,0
29631,0,2.655497875881492,0.4742822505488217,0,0,0
18702,1,0.7279675808660513,1.8319285641168797,0,0,0
2252,1,-1.09280222045982,1.6165059799394041,1,0,0
11735,0,-0.9739841293629335,-0.3512089420063543,1,0,0
11459,0,-0.8019635486911804,1.0833301095501553,1,0,0
22296,0,0.5200468996361504,-0.32395783225554003,0,0,0
25801,0,0.7311523676390199,-0.5781566626518595,1,0,0
26465,0,-0.06199933120169158,0.8195125071683337,1,0,0
16314,0,-0.9558444187112091,-0.808088539128943,1,0,0
24289,0,0.300674453288382,0.551284154299351,1,0,0
30128,0,2.4016884521687714,-0.1999170038638936,0,0,0
22268,0,0.5972075831198778,-2.112562929079179,0,0,0
29246,1,2.7279842406118586,3.074644669839079,0,0,0
25676,0,1.4865131568053367,-0.9166967618029958,0,0,0
9232,0,-1.1105287273246298,0.0008618181103820372,1,0,0
29535,0,2.2666233384863195,-0.4310905066132456,0,0,0
15302,0,-0.3814526720631525,-0.8995386192152088,1,0,0
12667,0,-0.5245183354654085,1.5930996343155293,1,0,0
21950,0,1.1537585344438774,-1.332351870891552,0,0,0
27525,1,2.119542741398484,3.9135241059542483,0,0,0
4014,0,-1.510751562914706,-1.513050121230349,1,0,0
31878,1,2.714697372695142,1.4896968671173993,0,0,0
10690,0,-1.4756247955819632,0.7548075464299373,1,0,0
11756,0,-0.5608431236821007,-0.31820094965310763,1,0,0
23984,1,0.13825791774521334,1.1697429510578998,1,0,0
1346,0,-1.147061466488475,-2.1388600704953333,1,0,0
19333,0,-0.07552936928991294,2.234061037351145,1,0,0
7993,1,-0.918145713292586,0.7232111046274023,1,0,0
17058,1,-0.7025857224543596,0.11119292258043038,1,0,0
23656,0,0.6307351906764032,2.4252736825296837,0,0,0
27905,0,0.995598717671596,-1.8665205476216757,0,0,0
20375,0,-0.08788919886447513,-1.3825509171402273,1,0,0
25650,0,1.4553088248244277,-1.4281688162991832,0,0,0
8920,0,-0.8756377872049191,-0.005522259486835976,1,0,0
1536,1,-1.0532709469484483,0.847674440422499,1,0,0
16138,0,-0.5115515210130127,-1.614169629798015,1,0,0
29693,0,2.654638427657482,0.526274976058239,0,0,0
28252,0,-0.03486984248492118,-0.12410615153527817,1,0,0
2106,0,-1.080569483664847,-1.6517113181806768,1,0,0
31788,0,3.072420184254627,2.0929485105392005,0,0,0
12269,0,-1.2830311437436506,-0.729147868182889,1,0,0
15366,0,-0.1004602822950939,1.2602074749546637,1,0,0
17428,1,-1.0072070938889597,0.6726286683214405,1,0,0
24333,0,0.3722504835729995,0.5275703163354468,1,0,0
13302,1,-1.1329639591122087,-0.27279672782374637,1,0,0
4257,1,-1.2769953402508087,0.8711524867556909,1,0,0
19072,0,-0.08931631010121904,-0.6769081967039462,1,0,0
5086,0,-1.1481197691346876,-1.076568107450306,1,0,0
12483,0,-0.7448923288102342,-1.125211887732384,1,0,0
7163,1,-1.0332924964066688,2.5038869777553754,1,0,0
6850,0,-0.9259176942176458,-0.5959732137967366,1,0,0
16818,1,-0.7663091062173356,2.978476937499462,1,0,0
10111,0,-0.4154566885933732,-0.1437972859957446,1,0,0
32498,1,6.700025035601188,0.09562730273320699,0,0,2
8847,1,-0.7416047617656271,0.649244538731789,1,0,0
24305,0,0.5622722993031193,3.56046566700858,1,0,0
15340,0,-0.17049259885699236,0.7752357977383435,1,0,0
15443,1,0.12105757067459705,1.961807407576053,1,0,0
31363,0,2.9059110041842464,-1.1508562348597218,0,0,0
4786,0,-1.3165622341547927,0.18349240975669207,1,0,0
169,1,-0.8062134311416639,3.410680108790367,1,0,0
25317,0,0.4777707575847211,-1.3511696212890494,0,0,0
4184,0,-0.7853016223716077,0.08781250399340175,1,0,0
3992,1,-0.5913181197047944,-0.016977264794033678,1,0,0
25814,0,0.6591715583249736,2.096807742283923,1,0,0
17735,0,-1.0587755296104726,1.01654775644695,1,0,0
12708,1,-1.019473908598689,1.4862384426345245,1,0,0
31809,0,2.67025817216187,-0.5096414759807096,0,0,0
12642,0,-1.171995438054449,-0.8159320076032641,1,0,0
5930,0,-0.7220999644459861,1.2878130955008407,1,0,0
1934,0,-1.299789814193866,-2.0297707632304682,1,0,0
10117,0,-1.066537198799001,-0.5511689045053652,1,0,0
26106,0,0.5644375502051123,-1.105973077876771,0,0,0
18673,1,0.30274701897000333,3.0529883552669843,1,0,0
8800,0,-1.0732799279042993,-1.4828961374902079,1,0,0
12150,0,-0.8854959030985258,-1.670107457838169,1,0,0
7247,0,-1.4201002791189028,0.6975699760630332,1,0,0
8122,1,-0.8851984545999694,0.123525748112344,1,0,0
7713,0,-1.2321881825012506,-2.0121296936917408,1,0,0
16960,1,-0.8273823948655308,0.539555273485608,1,0,0
12385,0,-0.705341413560086,-1.4183563194252857,1,0,0
4811,0,-0.9382747932704245,1.1655385860235672,1,0,0
20526,1,0.11763060270783413,-0.09229227945772557,1,0,0
22336,0,-0.26751337300914346,-0.8759046498092309,1,0,0
17990,0,1.4581466362976738,0.022114390744030363,0,0,0
14809,1,-1.1004187677005597,2.1728841919444424,1,0,0
23017,1,0.5988768154140807,-0.46507173012790143,0,0,0
8020,0,-1.3228548331049501,0.40951707068800686,1,0,0
14075,0,-1.021168009463133,-0.6737394996326558,1,0,0
4136,0,-1.4497115730133308,-0.9171013538592172,1,0,0
7551,0,-1.0968779189636593,-0.4169301846193236,1,0,0
12177,1,-1.3004033245260795,2.09409107642733,1,0,0
28297,0,0.9982717002237412,1.4248757273978392,0,0,0
7668,0,-0.33061618887568556,-0.3696232714485839,1,0,0
3030,0,-1.136578645487751,-1.8420719391070515,1,0,0
11843,1,-1.0754866453184302,0.8405178686230017,1,0,0
14315,0,-0.702484790403388,-0.021580945595523163,1,0,0
10911,1,-1.1749082229363965,1.2822301837631562,1,0,0
7091,0,-1.2520295283099943,-0.9092586466994331,1,0,0
10114,0,-0.8761402239085674,-0.6416118608108697,1,0,0
7436,0,-0.8650079587855098,-0.17340536437838366,1,0,0
6668,0,-1.3131853675137692,-1.3389782043757585,1,0,0
20730,1,-0.025376388941000118,-0.5755184750356402,1,0,0
24441,0,0.3895726876350667,-0.23480370644232268,1,0,0
26687,0,1.437290740097656,0.009736472145537509,0,0,0
21844,0,-0.039490388439004466,-0.730719736965249,1,0,0
6539,1,-1.2234484603744158,-0.1941688656273171,1,0,0
28759,1,-0.6334910312410782,1.582927762076169,1,0,0
25035,0,0.33586269111084427,-0.507359939997863,1,0,0
21987,1,-0.20060221789918817,0.7753087831018164,1,0,0
28600,0,0.8558777963383516,0.2661478935893637,0,0,0
4415,0,-1.277354151794557,-0.5558377611119817,1,0,0
6292,0,-0.4814256206621279,2.2586304928027783,1,0,0
31442,1,2.5311703734323148,-1.4562943282894905,0,0,0
23401,0,-0.014120155101544773,-1.4579178114287057,1,0,0
26350,0,0.4992818441749584,2.2291209873994773,1,0,0
30138,1,1.6605940096092273,-0.19582362000786374,0,0,0
29954,0,2.3046362281901116,0.07151665279484613,0,0,0
29323,0,1.5496699971614947,-0.42391778559474086,0,0,0
8056,0,-1.2707636454237081,-0.2896036839075651,1,0,0
24837,0,1.2177785981942073,0.6738933187184925,0,0,0
12425,0,-1.0053791677347608,0.5672366584346481,1,0,0
3667,1,-1.0389331489832037,0.3160280425369031,1,0,0
12461,0,-0.5592375223488958,-1.0914994444031618,1,0,0
21803,0,0.14648756288152096,0.12871517371953908,1,0,0
2196,0,-0.5104458566507525,-0.9178223874267502,1,0,0
7411,0,-0.055534492460381536,0.9077360469158356,1,0,0
8471,0,-0.7223823534388801,-1.9934943861593932,1,0,0
1900,0,-1.1421577562166207,-0.4488198155397857,1,0,0
9127,0,-0.829155441014752,-0.849157418146216,1,0,0
22464,0,0.29092768633128474,-1.388103203915622,1,0,0
32511,0,5.586962290718988,-0.18924974230637015,0,0,0
13758,0,0.3947091425072947,2.8626049336223827,1,0,0
2601,0,-1.256473009403089,-1.71550422320087,1,0,0
13768,0,-0.9499075357769993,0.4156691499179918,1,0,0
23963,0,1.594873274747375,-0.28297176447464895,0,0,0
25349,0,0.7113293453116277,-2.2377488890077077,0,0,0
23736,0,0.7849668701632244,0.543769537917294,0,0,0
21711,0,0.12330893828680953,-1.6233424075691383,1,0,0
22485,0,0.05757177187473674,1.2335170679063867,1,0,0
23442,0,-0.13118134488230163,-0.6118159118777751,1,0,0
16176,0,-1.2850734233215155,1.1710233951919793,1,0,0
14825,0,-0.233782609516908,-1.1337387095819096,1,0,0
16971,1,-0.7166853538463275,2.1392630561149155,1,0,0
7641,0,-1.1443032357607725,-0.5837852750170194,1,0,0
23324,0,0.4495343734474636,-1.107976896039296,1,0,0
3392,0,-1.400080862416034,-0.037609371807848305,1,0,0
2982,0,-1.102887991421976,0.4325627289352591,1,0,0
26904,0,1.2283049913206414,-0.9520516004148976,0,0,0
24801,1,0.676987652419256,-1.3795483777491369,0,0,0
24883,1,0.298985298820863,0.5742452341986127,1,0,0
11632,0,-0.8953000505074137,-0.9968019881030423,1,0,0
32195,0,2.24806466121564,-0.8250222405074503,0,0,0
25379,0,0.7881324919868558,1.1318801752469279,0,0,0
22104,0,0.5513060749682123,1.0363502685337525,1,0,0
13459,0,-0.25484993458311056,0.44098816920832157,1,0,0
4131,0,-1.0930995114816928,-1.0642819346215695,1,0,0
3133,0,-1.4501213980781726,-0.6853989429767025,1,0,0
14243,0,-1.142420355434458,-1.574126644766271,1,0,0
1836,0,-1.464913208879002,0.9559461735786811,1,0,0
31796,0,2.6502786106293694,-1.550580731013355,0,0,0
12846,0,-0.7146479771058171,-1.5585815960210916,1,0,0
2544,0,-1.5482322525000383,-1.6600275485131815,1,0,0
21016,0,0.7993043111539301,0.8236484795715067,0,0,0
27075,0,1.7050041788669994,-1.1499451441823574,0,0,0
21725,0,0.8189622877215609,2.325697692128329,0,0,0
26403,0,1.1181282524929679,-0.342400930385381,0,0,0
4404,0,-0.6405177330641142,-0.22748406400943488,1,0,0
22083,0,0.3805066313577989,-1.3569920978504397,1,0,0
4315,0,-0.7665953579697159,1.6110001708846702,1,0,0
25364,0,0.49493793055725366,-2.003772003508847,0,0,0
18605,0,-0.2862733661107858,-1.835648243870298,1,0,0
10854,0,-1.3734988388284444,0.6305289318814437,1,0,0
12589,0,-1.4108950947091556,-0.1776145337879142,1,0,0
2911,0,-0.87256508288067,-2.035836752792486,1,0,0
32104,0,3.200873025625297,-1.456832207776028,0,0,0
10286,0,-1.1106906133638332,-0.861067052198329,1,0,0
28464,0,-0.17983272608660109,-0.9690803415124927,1,0,0
31467,1,2.851191020208704,2.382258505121721,0,0,0
32576,0,6.57664309618799,-0.526756313369235,0,0,2
16851,1,-1.2344664445124118,1.7156395308860342,1,0,0
10729,0,-0.6463342997959588,0.557977989491437,1,0,0
4798,0,-1.0705402667452562,0.16908545380409906,1,0,0
24926,0,0.9678318370599192,-0.13656662887391396,0,0,0
28683,0,1.1685917511583008,2.5842871665956983,0,0,0
2975,0,-1.0277130758652901,1.1052163357821325,1,0,0
15988,0,-0.6375985787783908,-1.2374640860363375,1,0,0
13376,0,-0.3496406163635464,-0.9001955703690904,1,0,0
16285,0,-0.9105467095570331,-0.4673223548671898,1,0,0
4291,0,-1.541311285476576,-1.0562192474382683,1,0,0
25910,0,0.5921479967197226,-1.7275097265660524,0,0,0
19913,0,-0.14188400046466776,0.9796491073894138,1,0,0
11044,1,-1.1197787664836178,-0.42151293214228186,1,0,0
12998,0,-0.6892510389814424,-0.09015125231424383,1,0,0
16506,0,-1.4758342806820097,-1.3117844857651288,1,0,0
25781,0,1.224098787878753,2.2016178848202017,0,0,0
23875,0,0.5292716144060327,-0.962309211657371,0,0,0
31187,0,2.90009645864623,-1.0187258356405784,0,0,0
5230,0,-1.1107782400757131,-0.10099793014437682,1,0,0
28074,0,1.0014080816091273,-0.8348947035778373,0,0,0
9367,1,-1.3179614922064273,-0.15252702851047972,1,0,0
21072,0,0.6959566334460041,-0.18928807920778762,0,0,0
1292,1,-0.8681349608998423,2.2798858852241985,1,0,0
25438,0,0.6798267082964794,1.6261755788399306,1,0,0
20725,0,-0.07216028514968059,-0.11029723681357768,1,0,0
14404,0,-0.8388226668861057,1.5520924946827628,1,0,0
8365,0,-1.0646646708247438,-0.4416852125646828,1,0,0
12179,1,-1.2097473715342275,1.5233674238503758,1,0,0
13197,1,-0.6526855721330872,3.1906672150261914,1,0,0
19006,1,1.0171832296184111,2.840714277576096,0,0,0
23348,0,2.5009164226354126,3.2058740807721917,0,0,0
2638,0,-0.7271235140220883,-1.80217243005864,1,0,0
12080,0,-0.553945345454995,-2.0466534501508313,1,0,0
10167,0,-0.9145214568168211,-0.33508922257368284,1,0,0
19986,0,0.11436969528326665,-1.8580480122038223,1,0,0
10343,0,-0.838351607386404,-1.3685514739855285,1,0,0
25998,0,1.1824489764162267,0.971658219963627,0,0,0
12892,0,-0.6089407454002413,0.08551962950463395,1,0,0
2299,1,-1.4030294563702357,-0.047271170748770755,1,0,0
20204,0,0.5276793615570796,-0.9001778275768851,1,0,0
11309,0,-0.8478220700378912,-0.23922653670732918,1,0,0
18486,0,-0.21468895233093285,0.08267239337616643,1,0,0
28965,0,0.4555931028286676,-1.6817977141862084,1,0,0
26882,1,-0.06458538123274689,-0.8874531844515553,1,0,0
17143,0,-0.44051460382182467,-0.9622230065183615,1,0,0
31449,0,3.343825237448051,-2.1590800515331905,0,0,0
2873,0,-1.3217701092668481,-0.5529932272546887,1,0,0
6337,0,-0.5949058046355623,1.979376492605258,1,0,0
21233,0,0.6483448726829325,-1.1123414634867472,0,0,0
6523,0,-0.8795888419254067,-1.3675199297998615,1,0,0
1982,0,-1.3286673591089244,-0.9950453771588204,1,0,0
10579,0,-1.1315704620902327,-1.6122515795195151,1,0,0
2273,0,-1.4640275652365216,-0.9306599646029794,1,0,0
9620,0,-1.0825745164977416,-0.7203767581196314,1,0,0
18661,0,1.1529457178745839,1.5733786976712765,0,0,0
30731,0,3.2068190515227464,0.03993253399696724,0,0,0
29543,1,2.4850466290803768,0.702286241208942,0,0,0
10892,0,-0.16615946165590675,-1.2758058279157505,1,0,0
26775,0,1.1606286418428302,-2.024870279337653,0,0,0
190,1,-0.13810288660946032,3.4766978759628513,1,0,0
10245,0,-0.5614955588184508,0.6976863491755054,1,0,0
21413,0,0.5270674101948817,-1.7247906395221886,0,0,0
4043,0,-1.1578379215835035,-1.6225512237993007,1,0,0
7567,0,-0.891321149143374,-0.4910624039973412,1,0,0
21494,0,0.6314663661674458,-0.7962473460869881,0,0,0
13472,0,-0.6677688211960501,0.47274682952592745,1,0,0
1880,0,0.0888765527899833,0.2757987671229317,1,0,0
4665,1,-0.6999267772148327,0.5521117005125779,1,0,0
14867,0,-0.26271759307184683,1.6354429571061753,1,0,0
2775,0,-1.009655765284898,0.5843895728250166,1,0,0
16237,1,-1.071292790360784,0.07187222457277427,1,0,0
32297,0,34.039811945215135,-5.33077791138304,0,-1,1
29383,0,2.0413507107017512,-1.782908086176133,0,0,0
31086,0,2.615203516021665,-0.11998902107812355,0,0,0
19012,0,0.8869098233139244,0.30384089573312234,0,0,0
27636,1,0.6424921343935864,2.397683092565219,1,0,0
13684,0,-0.7709365906682429,0.3716083484979367,1,0,0
410,0,-1.3543599876285468,-1.387014924472451,1,0,0
3173,0,-1.0634564385070793,-1.4705877108167835,1,0,0
23109,1,0.49795369864952044,0.705526910868566,1,0,0
23991,0,-0.08132122882446371,-0.5927469860195191,1,0,0
27489,0,0.8538359560645187,1.0747446265623632,0,0,0
25854,0,0.11350030859783858,-0.660661546615458,1,0,0
280,0,-0.2942000107934356,-2.104278529978125,1,0,0
21767,0,0.7557228603653469,-0.0356485474912495,1,0,0
28763,0,1.3817846317537978,0.06808391614718802,0,0,0
28448,1,1.735097605669149,5.396165808861877,0,0,0
17776,0,-1.1801597681418914,-1.9850267893620843,1,0,0
4185,1,-1.598888753861049,0.6760603892370063,1,0,0
4948,0,-0.8176791565221341,-0.5743812081153211,1,0,0
19159,0,0.2867994749874484,-1.3774385984089677,1,0,0
23525,0,1.1112584940908496,-2.489277848075734,0,0,0
552,0,-0.7399708181057004,2.648224093467974,1,0,0
9457,0,-0.2894588511280529,1.8495205142125113,1,0,0
12977,1,-0.2750079303701489,1.3637502550640166,1,0,0
24198,0,0.21861810414828198,1.2810788611206128,1,0,0
27369,0,0.9791236796863773,-0.45221964494345496,0,0,0
17773,1,-0.6929678750685767,1.364910521565908,1,0,0
22782,0,0.15660691341387734,-0.6223931517278146,1,0,0
30050,1,2.542284091811327,-0.8061358132730462,0,0,0
6727,0,-1.3507299388573926,-1.4025199999768279,1,0,0
11618,0,-1.1331637290021308,-0.3052030795767151,1,0,0
27483,0,0.9065141339080323,-0.4416932908146149,0,0,0
3749,0,-1.530769798538603,-1.1341859345485992,1,0,0
12005,0,-0.9532238877283319,1.0822514318129448,1,0,0
29182,0,3.89459731737102,-1.0302160914534961,0,0,0
1213,1,-1.5323099264424342,2.7128858430263523,1,0,0
4116,1,-1.0199257111019093,1.3077939208151583,1,0,0
25329,0,0.18011238837636157,-1.2061999065917552,1,0,0
32537,0,6.888705309907829,-0.0850300305316349,0,0,2
3165,0,-1.4455607175045255,-1.404413370546813,1,0,0
11161,0,-0.8098226561510258,-1.7227855644116994,1,0,0
7902,0,-0.9747539409124019,-0.9621950900346852,1,0,0
24901,1,0.5548599387800506,1.6208809744951214,1,0,0
23787,0,1.6544287813184304,-0.6149693590889835,0,0,0
14612,0,-0.25828210359494463,-0.696743291946071,1,0,0
1268,0,-1.0900485689611978,0.9996636685134658,1,0,0
21675,0,0.9319889548527093,2.9843646392760443,0,0,0
12834,0,-0.20738638129199868,0.9318658239037696,1,0,0
14799,0,-0.5083743602088223,-1.9626700570822588,1,0,0
13626,1,-1.6459949990853386,1.925622298061608,1,0,0
27291,1,1.665407865177227,2.4031854115318754,0,0,0
3238,0,-0.899690522348108,-0.1671139957903664,1,0,0
20244,0,0.20569780202078225,-0.37304782838770995,1,0,0
17657,0,-0.7148341568261788,-2.2117934126464394,1,0,0
22474,0,0.8513022015519351,0.36990240614945086,0,0,0
3446,1,-1.0122525558324562,1.2889927300940294,1,0,0
12968,0,-0.5207112764480343,-0.46777645808041973,1,0,0
1985,0,-1.5133477868249252,-0.40904738194750956,1,0,0
26956,0,1.7846068934048287,3.0894238879257343,0,0,0
9502,0,-0.19866251291371093,-0.13096378944047898,1,0,0
5735,0,-1.7364130306535512,-1.1517837444403132,1,0,0
11970,0,-1.118916360198775,0.9191981736699022,1,0,0
509,1,-1.4224211767390151,0.14514503311811716,1,0,0
7859,0,-1.2458064246804947,-0.9611102407422358,1,0,0
4134,1,-1.4185820985112312,0.08629988543653953,1,0,0
21394,0,-0.1998104813390317,-0.7176458368585223,1,0,0
1898,1,-0.6461742368523113,3.2179918778530823,1,0,0
4115,0,-1.0452859512996953,0.2146832571072303,1,0,0
1230,1,-1.4255195064699537,3.022158208983237,1,0,0
19164,1,0.6435421022511733,-1.214034558968759,0,0,0
11537,0,-1.4233626575769331,-0.011341276519593615,1,0,0
23575,0,0.1977705883862819,-1.2198577757220892,1,0,0
31178,1,2.4207537853568275,1.781384655512371,0,0,0
32009,0,1.8162394167464675,0.11595460846492199,0,0,0
5119,0,-0.7307096463280328,-0.682857132841465,1,0,0
19814,1,1.1890466064329002,0.4671979009730768,0,0,0
24593,0,0.3165054422239061,1.4388346120286692,1,0,0
12464,0,-1.0083381061479695,-2.484120380616774,1,0,0
28798,0,0.22688563874333703,0.1358135777861274,1,0,0
21721,0,0.18775115455460586,-1.3951777233200244,1,0,0
29118,0,0.47437805691535667,0.9767460912394897,1,0,0
11444,0,-0.30264928812974623,-1.27160719757193,1,0,0
19319,0,0.6881362055652454,-0.8145168104946074,0,0,0
30749,0,2.26486099599468,-0.8750403581541567,0,0,0
10384,0,-1.0303975484692394,-1.0414715784076394,1,0,0
4527,0,-1.4055963790751778,-0.04031683602449426,1,0,0
6003,0,-1.2921480669193908,-1.5573590638560202,1,0,0
22297,0,0.832901290794922,-2.0038925845998365,0,0,0
4243,0,-1.0194726783333354,-1.3218281812122663,1,0,0
8937,0,-0.6858866612536004,0.556754994518739,1,0,0
29422,0,2.5061478457629125,-0.902979588108181,0,0,0
28958,0,0.13166333488969145,0.06833218694074132,1,0,0
6290,0,-1.1143203313792023,0.19852732235835036,1,0,0
30685,0,1.7000697798271782,-0.10312523807158143,0,0,0
9983,0,-1.328399967137228,0.8315539833731472,1,0,0
11406,0,-1.1639574080955157,-0.5109042285170607,1,0,0
19285,0,-0.5521286598009195,-1.9037139137840335,1,0,0
31335,1,2.675939311922398,1.0833930594175334,0,0,0
28986,1,0.3613553977420418,-0.0011193875541668369,1,0,0
4976,0,-0.8641229629603033,-0.2737185951348365,1,0,0
6076,1,-1.0227085245558993,-0.06371938299924872,1,0,0
28491,0,0.6837961700360141,-0.5689361618251937,0,0,0
30559,0,2.0196314991253197,-0.29431924183183344,0,0,0
17729,0,-1.4843675797134714,-1.2232876578598066,1,0,0
28422,0,0.25410842538629613,-1.5039694648292958,1,0,0
30253,1,2.63035925620973,0.07482356639939182,0,0,0
351,1,-1.2787174617731731,0.37942694820608797,1,0,0
7240,0,-0.20966682306864315,-0.04785126597464402,1,0,0
30723,0,2.8373446004199585,0.5992460438381093,0,0,0
12262,0,-1.5277613574994924,-0.8438454043616694,1,0,0
20028,0,-0.4485384553273044,-1.5849229725471934,1,0,0
29329,0,2.0696459975421218,0.3149968920561453,0,0,0
19209,1,0.41508089746847526,3.0752172433031033,1,0,0
9151,1,-1.685756937998638,0.5093684869877257,1,0,0
8929,0,-0.8272185622163201,0.3605804837054049,1,0,0
23606,0,0.4740266842427703,2.849442514144348,1,0,0
31068,0,3.0232289542509942,-0.36719333956755457,0,0,0
29331,1,2.0392173831580105,2.1913147463401494,0,0,0
3118,0,-1.4618093187225016,-0.2087494561731562,1,0,0
17385,0,-0.21145781742271239,2.3790001935439964,1,0,0
316,1,-1.1715367398735712,-0.4627637006300171,1,0,0
12868,0,-1.219843694320522,-1.06417292119812,1,0,0
15976,0,-0.8924512388828306,-1.0769346555063235,1,0,0
17313,0,-0.740358791212158,-1.5416747828128037,1,0,0
1119,0,-1.5952732249163661,1.2268668759685997,1,0,0
7765,0,-1.049668412605435,-1.461551743013026,1,0,0
1614,0,-1.6381391837380923,-1.2572292357174149,1,0,0
8272,0,-1.1615912233271029,-0.27859247485567645,1,0,0
29006,0,0.07474275976439901,1.0120569290353814,1,0,0
705,1,-0.5580917926365082,2.6108214309216766,1,0,0
24173,0,0.7922544154774271,1.1768236313661251,0,0,0
20773,0,0.8416441175689017,-0.023710095743592244,0,0,0
15686,0,-0.01787840529030261,-0.1917457088304227,1,0,0
14042,0,-0.45707644754848986,0.6995024352410857,1,0,0
13207,0,-0.3391949031254853,-0.8250298433417962,1,0,0
30312,0,2.7547407063879445,1.680785781997386,0,0,0
27252,0,1.29100311705823,0.029391920240013428,0,0,0
17106,0,-1.1044690861166442,-0.20141503636519287,1,0,0
7008,0,-1.060126570869589,0.009449718315692066,1,0,0
12833,1,-1.5042687464187063,-1.0018986940008865,1,0,0
30533,0,2.515339980215164,-1.1127231968484395,0,0,0
1238,0,-1.2717996934325615,0.09691516587119707,1,0,0
18700,1,0.49209625357863607,2.973737157725201,1,0,0
15863,0,-0.45854459119595387,0.29713459998183506,1,0,0
29228,1,3.264012511820847,3.269098923543106,0,0,0
24458,0,0.4022349599656498,-0.043962652775894215,1,0,0
31607,0,2.9260540643349815,-2.053830137054086,0,0,0
30066,0,3.0291111488122384,-1.9117679099955003,0,0,0
23265,0,0.38745392118081884,-0.10701997040289642,1,0,0
7265,0,-0.5682454400122398,-0.5214911645103488,1,0,0
23342,0,0.18271762443285114,-0.9194222560860446,1,0,0
12275,1,-1.0409262487362505,1.3183504709851062,1,0,0
11797,0,-0.6627755385755407,-0.718012224372611,1,0,0
4020,1,-0.8340321024363789,-1.0433225036325908,1,0,0
29476,0,1.9972853852119024,-0.7826782133077541,0,0,0
14897,0,-0.6696938336943506,-1.2758360858280164,1,0,0
19260,0,0.43108245221776476,-1.5495496634741779,1,0,0
14358,0,-0.9495854019402139,-0.5585341982019814,1,0,0
7462,0,-0.8271761670040728,-0.4539626661789465,1,0,0
6124,1,-1.2909679682877988,1.2015266734838028,1,0,0
22074,0,0.7113713976684475,-0.6629431687914498,0,0,0
11294,0,-1.1322601843893136,0.13129671081282077,1,0,0
24545,0,1.35372187273219,0.08635400272916818,0,0,0
5382,0,-1.5538252221086257,-1.2659233851480158,1,0,0
11259,1,-1.0119966055810419,1.2352273592643084,1,0,0
12796,0,-0.8845737724719781,-0.24796575500077767,1,0,0
2465,0,-1.1447841564007792,-0.8651438532254996,1,0,0
29647,0,3.0880656779975992,-1.5224999076173624,0,0,0
22455,0,0.08716862793337007,-0.4151285602827459,1,0,0
29388,0,3.086510244773402,0.45280943659044576,0,0,0
848,0,-0.29446222836061064,0.5595183130359981,1,0,0
27592,1,0.6552145377741502,2.109502629781635,1,0,0
11084,0,0.07347740386825996,0.9865609493202061,1,0,0
16935,0,-1.3187630721311865,-0.8579210826583159,1,0,0
24960,0,0.4547650692091699,0.4856899518490393,1,0,0
14348,0,-0.5864655664571032,1.1168678533408045,1,0,0
1205,1,-1.166274518388741,2.561355856597317,1,0,0
24130,1,1.031109875915635,1.7755476466746678,0,0,0
10097,0,-0.5201516002741686,0.5831844693453763,1,0,0
13630,0,-0.38733141620506484,-0.11294953802450432,1,0,0
1495,0,-1.243844592668261,-2.0874320332954075,1,0,0
7838,0,-1.268073641217635,0.14930634934816656,1,0,0
758,0,-0.26770755189864276,1.2722672036622635,1,0,0
28119,0,1.0806310442927576,-1.0361464570527954,0,0,0
13507,0,-1.0127926496730255,-1.5210671833314133,1,0,0
6678,0,-0.5386590703736905,-1.2977003161651783,1,0,0
9975,0,-1.1559688486348059,0.7895427160960559,1,0,0
21578,0,0.20910865026397343,-0.8411134041986179,1,0,0
26535,0,-0.3275552643379728,-0.6092264641514133,1,0,0
17150,0,-1.275125054216688,-1.495841544776307,1,0,0
9473,0,-1.045563952710719,-0.24775622962062582,1,0,0
5530,1,-1.2878450615476693,-0.3458014788011441,1,0,0
22376,0,0.8810224076927197,0.7748493487205462,0,0,0
16958,0,-1.168259318610981,-0.8205769422346486,1,0,0
3501,0,-0.7753751364798068,1.2340727648511518,1,0,0
29121,0,7.285973139008375,0.607300261593185,0,-1,0
18276,1,1.0155885824493796,2.3909194072351445,0,0,0
15290,0,-1.3525035992086556,1.2724123629716153,1,0,0
21913,0,-0.10579090932026845,1.2553604474508961,1,0,0
20184,0,0.923898469500085,1.0428632578452826,0,0,0
18685,0,0.6102429261335097,0.7746989841654564,1,0,0
8830,1,-1.4783379024998007,-0.2804963758829101,1,0,0
29074,1,1.12312734557222,2.037666439862603,0,0,0
29626,0,2.755171758822809,1.1809542451809962,0,0,0
3888,0,-0.9476713319169373,-0.05485998920970707,1,0,0
14275,0,-0.2849333542272716,1.1428842952509952,1,0,0
16745,0,-0.7590492961974092,-0.7749202441371061,1,0,0
16202,0,-0.4930334658971417,0.2786558069476002,1,0,0
27108,0,2.07356220093497,0.7703024380008471,0,0,0
23696,0,0.7620333000294265,-1.9641732942968761,0,0,0
21877,0,0.27731071479375075,-1.2878949949022476,1,0,0
14382,0,-0.8411877828792873,0.11653871040139895,1,0,0
3489,1,-1.3337817851679539,1.0860877296005482,1,0,0
680,1,-0.7497689359283475,1.2856832182551077,1,0,0
6500,0,-0.8875252931574676,0.714731627676227,1,0,0
3889,0,-0.9099098151494939,-1.4129675796757046,1,0,0
29993,0,1.9358450857338365,-0.26586767055829136,0,0,0
6442,0,-0.9296870640672493,0.8428427800554896,1,0,0
21787,0,0.3682471621546718,-1.1408724042348848,1,0,0
12267,0,-0.35196671694782394,1.0798165875629226,1,0,0
3658,0,-1.5259362719844864,-1.0839829679330728,1,0,0
16895,0,-0.8472831062073155,-0.35226118586655275,1,0,0
6004,0,-0.9028207215112908,-1.2935827311526686,1,0,0
22252,0,1.6471550036536398,-0.7153349368220836,0,0,0
459,1,-0.3846694559183332,2.331194584278906,1,0,0
21965,1,1.02979964876085,-2.0066196870713546,0,0,0
8487,1,-1.0784044592484097,1.4349162686293337,1,0,0
5975,0,-1.3415550114092787,-1.2090775295878766,1,0,0
31720,0,2.983959543518363,-1.2391515001553586,0,0,0
9652,1,-1.28063345153542,1.2133944194055248,1,0,0
28116,0,0.1587249109978615,-0.13191522752640628,1,0,0
16721,0,-1.624665654774433,-1.336026307592131,1,0,0
8987,0,-1.1774143340105787,0.0910386602029062,1,0,0
22721,0,-0.15324556656320318,0.1130578319598709,1,0,0
29045,0,0.13617924892059094,0.16645928098941493,1,0,0
8743,0,-0.6584806708247045,0.293304530517877,1,0,0
24196,0,0.7784002939845345,1.6281613948164795,0,0,0
3404,0,-0.8840460720279116,-0.5711199076256973,1,0,0
28379,0,0.13498364455149325,-0.4081409299704097,1,0,0
30891,0,1.9819191617993297,0.3614108902267081,0,0,0
17366,0,-1.0857680726307108,1.0609321789874417,1,0,0
18272,1,0.3013559673427572,2.4974698398334945,1,0,0
2543,0,-1.478968077971439,-0.8793268505217888,1,0,0
32247,0,2.574777428032661,-1.0413301326690967,0,0,0
14592,0,-0.2605327688458984,0.34958278199486625,1,0,0
31946,0,2.6931221289836467,-0.7631301197900842,0,0,0
20068,0,0.458411393053812,0.42407460236891337,1,0,0
31833,0,3.3327610767179054,-0.28387621627121923,0,0,0
252,0,-0.34897913091716354,2.2637179661909337,1,0,0
19018,0,0.38396315561970856,-1.7601580097933247,1,0,0
31112,0,3.1500389517700835,-0.7510309811232595,0,0,0
17164,1,-0.8244810442003662,2.9061705661252017,1,0,0
4464,1,-1.1075829441161025,-0.14983857449508453,1,0,0
17139,0,-1.5168295384412667,0.41807833703646485,1,0,0
26323,0,0.7896858860155213,1.1153641538978647,0,0,0
30009,1,2.876145822737761,0.9052629172825839,0,0,0
31722,0,2.6913521821893243,-0.13748305460737092,0,0,0
12404,0,-1.2291036958479145,1.485074826649239,1,0,0
18459,0,1.1309203325577253,0.6792833412275666,0,0,0
3974,0,-1.2740296731333112,-1.6242254442425852,1,0,0
426,1,-0.7055518018584629,2.375934402761585,1,0,0
16049,1,-0.5050723077913056,-0.9619951282832806,1,0,0
32312,1,5.554953325907237,2.0324815333339923,0,0,2
4259,0,-1.3016095253741684,-1.5220334366879997,1,0,0
27814,0,0.8807443680008619,0.04683169380114525,1,0,0
5881,0,-1.0799394730207519,-1.1065003686905492,1,0,0
23063,0,0.16493377455370753,0.4133153965445332,1,0,0
30591,0,2.788516889199033,-0.722417956776079,0,0,0
11451,0,-0.5424585798270616,0.42561021950308614,1,0,0
2093,1,-1.1335362618448546,-0.05006184629554751,1,0,0
29760,0,1.942151695981776,0.647401238118843,0,0,0
13640,1,-1.2287965516606318,1.7523900775777743,1,0,0
20259,0,0.3808977058696159,0.5497105327220176,1,0,0
25262,0,-0.022535388280133163,1.0172827103285529,1,0,0
11170,0,-0.9075516336930108,-1.0662207534671941,1,0,0
22935,0,0.8564207638681786,0.8777162393124529,0,0,0
2472,0,-1.4032753563813531,-1.562634588310387,1,0,0
24277,0,0.9892418062417053,-1.5634448766863076,0,0,0
25057,1,-0.620055345049573,1.4237264836578547,1,0,0
366,1,-1.008736521098926,-0.0015127295032971305,1,0,0
686,1,-0.971635221185085,2.1619981712981318,1,0,0
25528,0,0.9935097162286944,-0.6403196605226296,0,0,0
13936,0,-1.3152609927538197,-1.057242500865207,1,0,0
25496,0,0.580643458686617,-1.0410003575218048,0,0,0
14254,1,-0.27690837551610975,1.6079108937125128,1,0,0
14824,1,-0.3900673649888277,0.9030532974142891,1,0,0
9853,0,-1.1688521812728345,-0.18327607108538269,1,0,0
16998,0,-0.14835181120437263,-1.430082269574934,1,0,0
3907,1,-1.1604055527782842,-0.5162666213863067,1,0,0
12026,0,-0.5213073725094022,-0.4330795916338415,1,0,0
16014,0,-1.3259597403778138,-0.23978762166661205,1,0,0
22245,1,0.41854160988323696,-0.24414088534654527,1,0,0
29896,0,1.8259876245576923,0.6775772720122285,0,0,0
15608,0,-0.6481523366736106,0.666726987898405,1,0,0
15868,0,-0.13135441725858446,-0.9084951637829799,1,0,0
3903,0,-1.6824386746945623,-1.3945576179974635,1,0,0
22837,0,0.02874194483002359,-1.47497823039965,1,0,0
22379,0,0.7999882489695207,1.3647101228701854,0,0,0
30545,0,2.0062961456692956,0.34819011935318217,0,0,0
7155,0,-0.864077231737289,-1.2273548990276073,1,0,0
20888,0,-0.11659560829575327,-0.22574826134566772,1,0,0
20411,0,0.31569890428171943,-1.9178527894805393,1,0,0
23155,0,1.238281619735962,-0.14205992403130602,0,0,0
19509,0,-0.3951397283758112,1.1527010547791818,1,0,0
31597,0,1.9772327989059144,1.7496979912877386,0,0,0
8867,0,-0.8920311981246415,0.42002520877669225,1,0,0
10635,0,-1.1172404406676122,0.9267431352120363,1,0,0
22508,0,0.09079007041759715,-0.6442990610322465,1,0,0
10645,0,-0.49032405520818545,-1.304953932963214,1,0,0
13338,0,-1.3554279162471472,-0.3967251851130978,1,0,0
28406,0,0.0864429092232058,-0.8564757960526048,1,0,0
19301,0,0.36006205029613075,-0.8943782304997376,1,0,0
13669,0,-1.4006135097875914,-1.5091747508795799,1,0,0
24331,0,0.7845435840625242,0.7553320389607294,0,0,0
30539,1,2.7049831410237903,0.9166924421918963,0,0,0
30583,1,1.4689854489139902,0.9851545070007316,0,0,0
14998,0,-0.4363117491500612,-1.3812847278586993,1,0,0
25284,0,0.24540856761716276,1.1725344866718428,1,0,0
24814,1,1.649883450447177,0.12107219129146936,0,0,0
11929,1,-0.8232450123028433,0.9375876293857615,1,0,0
26991,0,1.0104555323033302,-1.830291245088746,0,0,0
28831,1,0.13722680098959236,-0.06272844320421046,1,0,0
24378,0,1.101285148761464,-1.8496241995009215,0,0,0
4263,0,-1.129865745201603,-1.603180419414571,1,0,0
17717,1,-0.9622514132764111,0.11402752640322754,1,0,0
11866,0,-0.9256062849423049,0.24908834715232142,1,0,0
9584,0,-0.6907630730971317,0.3475354809098827,1,0,0
18967,0,0.8487549679137734,0.3998674008140822,0,0,0
3699,1,-1.2481863028089488,0.5968306194371091,1,0,0
13053,0,-1.1503562057365937,-0.24351657069184296,1,0,0
21032,0,0.06541378351916213,-0.39157105511245577,1,0,0
19901,1,0.08617959548858084,1.606300273555968,1,0,0
29429,0,2.700000320864235,-1.345675749381101,0,0,0
17349,0,-0.8606458198942666,0.7481297460929315,1,0,0
20797,0,0.0023692330447048857,0.5976437090778687,1,0,0
21355,0,1.3335582492289793,-1.3854239563544188,0,0,0
26171,0,1.1479103852432733,-0.960182755199978,0,0,0
24447,0,-0.19019835909858618,0.46041379763543594,1,0,0
26554,0,1.2924247297734415,-1.1344200332994647,0,0,0
11503,0,-1.0057284701376363,-0.7322916119394323,1,0,0
9024,0,-0.8427473870120128,-0.006255157903443664,1,0,0
13904,0,-0.6531462162807423,0.8262880339983486,1,0,0
13202,0,-0.4397512134940828,-0.7852243936231496,1,0,0
7882,0,-1.0942751542111233,-0.1501312767707605,1,0,0
263,0,0.08947260899953177,1.3591756799610066,1,0,0
10934,0,-0.46359545572552346,0.7637357638485082,1,0,0
10564,0,-1.421334794664122,1.577188117626092,1,0,0
18461,1,0.7447222279022201,2.471595945533387,1,0,0
3759,0,-1.4532243485438452,-1.2061596605400342,1,0,0
18478,1,0.4098156365212071,1.8819384509793162,1,0,0
5531,0,-0.6069230813416878,-1.877601792806769,1,0,0
26980,1,2.099309083948524,3.503167809521535,0,0,0
14762,1,-1.1308817681208665,2.836098133996894,1,0,0
4484,1,-1.0278396087176718,-0.24131482822883188,1,0,0
27375,0,1.4211960768363943,0.5770188948261716,0,0,0
29801,0,2.528823206579416,-0.30461663579191256,0,0,0
30461,0,2.2676067392720918,-1.9895863550624113,0,0,0
12152,1,-1.3872674292119418,1.404985456659633,1,0,0
30620,0,3.1634356288443826,0.288999594054025,0,0,0
4681,0,-0.2468084296672914,-0.37131809452771086,1,0,0
31886,0,2.8034956241409237,0.1409396512233742,0,0,0
18355,1,1.2476733202231587,1.8991993200621553,0,0,0
82,0,-0.26923164370778596,2.7602928070344963,1,0,0
14503,0,-1.032012318805297,0.4000997452814891,1,0,0
8574,1,-1.2864250453995318,2.2257118440584263,1,0,0
31548,0,2.2200387834708413,-0.7772263757716771,0,0,0
1262,0,-0.8813828520129344,-0.5367277041006191,1,0,0
28132,0,0.27013883315204446,-0.9182928269415802,1,0,0
2539,1,-1.2158482573973246,0.4204502046253093,1,0,0
6517,0,-0.5359199017214539,-1.2995562869412958,1,0,0
7485,0,-1.4908613646159419,1.0951246355520587,1,0,0
26796,1,0.5917334119804669,1.7608886738336007,1,0,0
818,0,-0.7605810628110964,2.0260701728560453,1,0,0
858,1,-0.5072763376503668,1.85729682680831,1,0,0
12119,0,-0.5232865582968927,0.5144215976750852,1,0,0
8635,0,-1.3645392809608448,0.7221552206535351,1,0,0
29373,0,2.951295541278092,1.03200385214569,0,0,0
23869,0,1.7262019441109848,-2.234986145870586,0,0,0
25412,0,0.5363417846623714,-0.8425006215351178,1,0,0
11111,0,-1.3307442983404243,0.6746661839819451,1,0,0
2559,0,-0.7695895210747329,-1.012994190801745,1,0,0
25306,0,0.48713806901684814,-0.07285241084294862,1,0,0
12341,0,-0.8318586169852308,-0.4557192772505882,1,0,0
23611,1,0.3303402080987352,1.6391412725278252,1,0,0
16226,0,-0.61494317314599,0.5856872679892633,1,0,0
2714,0,-0.939954992880565,0.19017422713890164,1,0,0
1832,0,-0.5639349733283553,0.4110054267698005,1,0,0
29994,1,2.3955258076521666,0.34751263992640696,0,0,0
16480,0,-1.0345461037789614,1.0243571141929257,1,0,0
538,1,-1.275059976602194,0.7721612946548915,1,0,0
21770,0,0.34387664729578465,-1.22582904490343,1,0,0
12317,0,-0.5446038913399709,-0.31064320698078735,1,0,0
29065,0,1.6196717608330355,1.268046584736752,0,0,0
24868,0,0.08453064557263015,-1.0128651093592722,1,0,0
13455,0,-1.0803297608761937,1.6648324562636732,1,0,0
7389,0,-1.1986943331530235,0.6143206504341092,1,0,0
11093,0,-0.8474717059593051,-1.4485573430721261,1,0,0
9807,0,-0.34815144056906844,0.7288069474145236,1,0,0
30874,1,1.7409474202720685,0.36920720096028586,0,0,0
293,0,-0.2334918364361482,1.861093566699257,1,0,0
30320,0,1.5339977741954869,-1.5941590817620235,0,0,0
11913,1,-0.5961771533622939,1.1675351740932882,1,0,0
31685,0,3.252892896386263,-0.35181472405589376,0,0,0
15798,0,-0.5078431752786069,-1.9651638247044365,1,0,0
29951,0,2.896792449828588,0.2853418801074183,0,0,0
12733,0,-0.6166637269540461,-0.1971344821541719,1,0,0
5787,1,-1.2928154686083975,1.4316263242801541,1,0,0
15259,0,-0.15523108742683703,-2.1144066733494546,1,0,0
7642,0,-1.1272685901033193,-1.6741781536664366,1,0,0
32220,0,2.8839380262861987,-0.6514739628911019,0,0,0
26722,0,1.9243389735224172,-0.771922407421208,0,0,0
26043,0,-0.31380706605091124,-1.7191190081330538,1,0,0
13815,0,-0.34453603044132375,0.5761716507866123,1,0,0
3179,0,-1.4406322840162005,-0.9039362406873472,1,0,0
5375,0,-1.0746978015643138,-0.2172143515337135,1,0,0
3522,0,-0.5443396920091904,0.2657063116899078,1,0,0
5722,0,-1.3879157426135105,-0.5882414629607392,1,0,0
19365,0,0.646629612482594,-1.5240010780449107,0,0,0
7412,0,-0.7052394623151851,-0.054297486459577896,1,0,0
9142,1,-1.9597329804880168,2.20759902883069,1,0,0
16066,1,-1.1600637361435941,-0.5561068604321514,1,0,0
32253,0,4.642045580054549,0.4670364628501846,0,0,0
26121,0,0.40255962652396426,1.700912898445112,1,0,0
3104,1,-0.7521296045492557,0.2092408566664657,1,0,0
2970,1,-1.5405665664760777,-0.5681735291811312,1,0,0
18114,1,0.3959836142503913,0.09866457568605806,1,0,0
1306,1,-0.9948824221839191,2.091030782601161,1,0,0
383,1,-0.4449664489363999,2.965461827602018,1,0,0
9371,0,-1.0772327818491452,-0.8864376759581589,1,0,0
27260,0,1.1929596257176251,-1.3835136242024506,0,0,0
25163,0,0.1103977861484855,1.375318083417607,1,0,0
21440,0,0.6884503009550882,0.4008658651665177,0,0,0
8839,0,-0.8949018295240796,-1.349892891603796,1,0,0
30346,0,2.58152687893191,-1.8366773528621136,0,0,0
18450,0,0.29056694345448963,0.44833534607531667,1,0,0
29992,0,1.8109933774495786,-0.23187609863945008,0,0,0
10895,0,-0.8420036819718145,-1.5159712875971167,1,0,0
25206,0,0.47966965316711985,0.1595177688089493,1,0,0
19111,0,0.5134207736489492,0.8320444286846242,0,0,0
23628,0,1.8848906578374247,3.6626258233027946,0,0,0
18468,1,0.988312187283553,1.8418334005077541,0,0,0
12808,1,-0.4720545587797763,1.2680565234430883,1,0,0
13303,0,-1.1314087572143037,-1.1130870882201604,1,0,0
12550,1,-1.038981550524918,1.1908063652181242,1,0,0
1583,0,-1.1216028602973662,0.8580330995082572,1,0,0
13899,0,-1.309692446989453,1.6919011155735741,1,0,0
9735,0,-0.8414355070574859,1.1472071458698634,1,0,0
12250,0,-0.32283342683865457,-0.5833006577091625,1,0,0
5336,0,-1.2137301952556439,-0.6860359094291667,1,0,0
24343,0,0.8302658941671835,-0.9807871619068367,0,0,0
1103,0,-0.979892469241708,1.530233965438064,1,0,0
17136,0,-1.3399180627756484,0.045895101087469206,1,0,0
3013,0,-1.041958948670456,0.48584716491099417,1,0,0
30483,0,1.8414344291859015,1.2128281626004407,0,0,0
17640,0,-0.5900691830700112,-0.28546586130213164,1,0,0
21041,1,0.17212964771332293,0.9159803958698232,1,0,0
22378,0,1.4116578827575712,-1.1796571563576845,0,0,0
28773,0,1.5786295763351845,-1.460149321114294,0,0,0
2064,0,-0.8405922501128932,-0.6851162321910036,1,0,0
22163,1,0.23922028275589344,0.4917272688946039,1,0,0
32302,1,5.8760642766647635,3.8016951491020756,0,0,2
19851,0,0.4317897810912569,1.045011070432375,1,0,0
16671,1,-0.5692438771840197,-1.477389647025687,1,0,0
14345,0,-0.49681400067818926,-0.9369512474246839,1,0,0
7033,0,-0.9721776644312086,-0.4839962630763565,1,0,0
29843,1,2.559314461922901,0.14833731454316224,0,0,0
30785,0,2.2994413196759504,-1.6311223783271298,0,0,0
5390,1,-0.6116588874770902,-1.010752388058817,1,0,0
20672,0,0.39408985349937603,-0.454697091013972,1,0,0
5145,0,-1.0431906473180395,-0.6396995123864697,1,0,0
3010,0,-1.4615567812764871,-1.5569817796407983,1,0,0
20080,1,0.3871978051999813,1.9603931280887583,1,0,0
19952,0,0.5604113524103622,1.3746416658027432,1,0,0
32566,0,4.271251808447564,-0.22597193988408198,0,0,0
13606,0,-0.34770938722255984,1.2123656734578812,1,0,0
7358,0,-0.8985002949315734,-0.3379573014675107,1,0,0
20774,0,0.20093774095017386,-0.5742398134435835,1,0,0
7669,0,-1.398867600087825,1.2256583373270487,1,0,0
2552,1,-1.435828964639537,-0.19645271334201853,1,0,0
22861,1,0.21169100015599643,1.2764239232329124,1,0,0
27793,0,0.09063954806773758,-2.3388223460700615,1,0,0
3175,0,-1.2973703047529173,-0.37713759289244736,1,0,0
25132,0,0.8404142381461044,-0.10752550759942302,0,0,0
16536,0,-1.2460702756545154,-2.083131165856515,1,0,0
3151,0,-1.5349306448405031,-0.5705611770656365,1,0,0
27278,0,0.14234991593917234,-0.22267709099797445,1,0,0
5339,0,-1.5082168222179122,1.033973668857272,1,0,0
1535,0,-1.1242205734201478,0.048811317711662014,1,0,0
26376,0,0.18074148830984835,1.6544654841907573,1,0,0
14530,1,-0.9742659922874373,0.3560307806282819,1,0,0
946,1,-1.2455476789354158,2.545485904527396,1,0,0
4900,0,-1.0807844601866836,-1.4244894399528092,1,0,0
9675,0,-0.7949575677145365,-1.025765806175788,1,0,0
25425,0,0.5738867676088729,-0.2376717642170293,1,0,0
25931,0,0.5678493543217125,-0.056279011766055195,0,0,0
2432,0,-1.0339770070050152,2.5249764424532546,1,0,0
20090,1,0.8117888291254051,-0.13686363115057376,0,0,0
22081,1,1.6772613361798907,-0.4382081818509826,0,0,0
25784,0,1.2897253764468093,1.9071112739415284,0,0,0
25280,0,1.0516707819859694,0.5100193537833609,0,0,0
4452,0,-1.1117019557558627,-0.10355570127149095,1,0,0
14548,1,-1.0005879194979033,-0.2318070493673659,1,0,0
14580,1,-0.9410593885224078,-1.8913211491737385,1,0,0
5805,0,-1.205453590429676,-0.5719524574029925,1,0,0
10869,0,-0.8176597337765067,-0.32768886020972293,1,0,0
19964,0,0.24205746910674195,0.30007902637386236,1,0,0
20289,0,0.5863981090558399,-0.6114100702331654,1,0,0
27968,0,0.10850425763569799,-1.3351830879517494,1,0,0
24860,1,-0.3984589257461673,1.0566328648323284,1,0,0
23645,0,0.5206648264012097,-0.40773557370402486,0,0,0
8480,0,-0.9085773133533841,-0.46607228346192514,1,0,0
14232,0,-0.7107011019394257,-0.4972521615140028,1,0,0
23419,0,0.7491369350243019,-0.7300036310781662,0,0,0
7770,0,-1.2602213512486895,-0.4897850396553513,1,0,0
3299,0,-1.0727134838893215,-0.1996039793714232,1,0,0
11417,0,-0.4616914164910237,-0.7853801409998046,1,0,0
24260,0,0.8499859147847365,-2.1919653336420484,0,0,0
21510,1,-0.17680261938066055,0.7425590809551518,1,0,0
7186,0,-0.5277858315208709,-0.7948866456046357,1,0,0
9098,0,-0.39201512263518895,-0.4327894065346121,1,0,0
18386,0,0.5066753679423167,1.8982462853542257,1,0,0
10961,1,-1.5584083936105502,0.332261220445288,1,0,0
18497,0,1.2264744843026676,1.196153155553974,0,0,0
11635,0,-0.8085166883003422,-1.6668104451909327,1,0,0
5554,0,-0.9305431651416692,2.371080191456321,1,0,0
19563,0,0.4818572760988984,-1.2117434370476026,0,0,0
27653,0,0.43830179888789156,-0.6350705964161907,1,0,0
2704,0,-1.3912645018316603,1.712102688101889,1,0,0
29724,1,1.7728698832955112,1.2224619634392058,0,0,0
13554,1,-1.3414317578826165,2.1842011216959243,1,0,0
11952,0,-0.10919877802608621,-1.3015433983650102,1,0,0
20986,0,0.2804340301584094,-0.04756578323167328,1,0,0
32095,0,2.3659198837694015,-0.05124962455532443,0,0,0
12047,0,-0.9700412763795911,-0.45358771251698776,1,0,0
3276,1,-1.3624376426549132,-0.710805529340383,1,0,0
20160,0,0.8656507682472717,-0.8619558644851826,0,0,0
1275,0,-1.3761842352031113,0.9699800403203525,1,0,0
3418,0,-0.9398516818586292,0.04544805322737487,1,0,0
1611,0,-1.4530000174994082,-1.378049550942466,1,0,0
17152,0,-1.118751562092621,0.7638448219736237,1,0,0
21491,0,-0.40446557860386856,-0.11607151254798682,1,0,0
10954,0,-0.940998433276622,1.0143714566889523,1,0,0
18195,1,0.9146719272263902,2.018758034727642,1,0,0
20710,1,0.2851791415923117,2.8578577298594863,1,0,0
32164,0,2.8021129965669433,-0.8700111991976249,0,0,0
18121,0,1.1743373666898915,0.135992459936443,0,0,0
23838,0,0.18468496894201006,0.8000453400699326,1,0,0
2743,0,-0.6390343968438498,1.4497354481497813,1,0,0
20944,0,0.5029083099385097,0.036459578582766425,1,0,0
3801,0,-1.0099757248200876,-1.2800595985910068,1,0,0
16766,0,-0.631065650017239,-1.176412707387006,1,0,0
9543,0,-0.5994047220775965,-0.31811385923277,1,0,0
3447,1,-0.5619107349785852,-0.42649382255707285,1,0,0
7916,0,-1.1074855845272211,0.5201324469037605,1,0,0
11875,0,-1.1640354371854396,-1.1583371121871,1,0,0
21543,0,0.23475658639804478,0.5623867581925021,1,0,0
843,1,-0.45067311703586443,2.1089812123326177,1,0,0
4747,0,-1.8690051791480948,-0.6739905365642502,1,0,0
23386,0,0.24244778852332033,-1.134553538421066,1,0,0
162,1,-0.7882626226998335,3.1883550448709603,1,0,0
14099,0,-0.20049207630015323,0.02289283095821147,1,0,0
5068,0,-1.0922869240057669,-0.308322078969615,1,0,0
8631,0,-1.0077600908895459,1.4676061278646766,1,0,0
26671,0,0.6405216414631191,-0.9423877426324072,1,0,0
14226,0,-0.37524553426820395,-0.8452818049073539,1,0,0
2945,1,-1.6419800398161206,-0.44679750664162005,1,0,0
4189,0,-1.4822794646396207,-0.312230704082072,1,0,0
30087,0,3.8790251295692886,-1.546082154708747,0,0,0
8913,0,-0.8940696955369475,0.48524920961106327,1,0,0
29164,1,3.3395320599591924,3.1414266077338477,0,0,0
16356,0,-1.0358254631083892,0.10415030204205733,1,0,0
30711,0,3.487721358264616,-0.21484710297841242,0,0,0
30817,0,3.634714290314053,2.7758148948469983,0,0,0
7996,0,-1.149083093387855,0.38253666929810953,1,0,0
3119,0,-0.8609608589629852,-0.25110786769752064,1,0,0
8638,0,-1.6608624974696384,1.3476114500024745,1,0,0
9824,1,-1.3068366591435665,1.6425806349298064,1,0,0
10082,1,-0.7527206333878959,0.7102041169154811,1,0,0
17163,0,-0.827655022203253,0.4406343929917784,1,0,0
20665,0,0.308193147173875,-0.8536913913314896,1,0,0
20804,1,0.024113550988205244,-1.4293174147227243,1,0,0
26249,1,0.32333155358468507,0.5817041818819513,1,0,0
21141,0,1.546181562154956,-0.8560383213841035,0,0,0
14151,0,-0.7509917480197591,0.027212648354289312,1,0,0
22205,0,0.47823609771732384,-0.8065806993144541,1,0,0
8624,0,-0.28434216998597395,-1.03188487452761,1,0,0
21945,0,0.09700695834859988,-0.9322200641374558,1,0,0
19749,1,0.7618592531585433,-1.0787748068664451,0,0,0
13344,0,-0.3569946457168339,0.6076261704327802,1,0,0
22843,0,0.9118636087716733,-1.4343156803384474,0,0,0
15158,0,-1.446567648916732,-1.3131097934113598,1,0,0
2561,0,-0.6223180558527098,-1.1322868097403254,1,0,0
21533,1,0.10601965291807972,0.0909982791512066,1,0,0
28403,1,0.3838510008354779,2.1299696126413754,1,0,0
6205,0,-0.7719774638014368,-1.7682995420492782,1,0,0
21153,0,0.6389534066884913,-1.0563235838602865,0,0,0
27947,0,-0.456717048085716,0.40699673396749175,1,0,0
18898,0,0.2029567629750419,-2.0221775133488142,1,0,0
27494,0,1.5549492873378106,-0.7577884869946352,0,0,0
24578,0,0.9478416651033836,0.27362345803582366,0,0,0
28030,0,1.0124742244828462,-0.9496884152786744,0,0,0
21202,0,0.12239156018816569,0.11897045817093649,1,0,0
7090,1,-0.8676483274140686,0.39258095144820476,1,0,0
27455,0,0.6464001581441405,-1.876376060381434,1,0,0
8097,0,-1.2425823998749472,-0.3728269148951221,1,0,0
17659,0,-1.1294940394683806,-1.87343763515058,1,0,0
29530,1,2.6267539033845497,-0.7495681151231053,0,0,0
24958,0,-0.34887821116501183,0.8378447761611101,1,0,0
1813,1,-0.7197412839515487,-0.4139757474038555,1,0,0
5053,0,-0.8707137380652584,-0.38486358474428456,1,0,0
4118,0,-1.2503266725015192,-0.07246365135843964,1,0,0
28748,1,0.46726689041556335,0.42427090827948605,1,0,0
2192,0,-0.5403613626519806,0.8459655975010558,1,0,0
103,0,0.6152382234795019,2.6567601987433527,1,0,0
1730,0,-0.795559332259426,-1.9793825205235762,1,0,0
214,1,-0.4786834607937028,2.480596931690578,1,0,0
21668,0,0.13649518759715099,-0.14150388678565046,1,0,0
31224,0,2.1687522743942194,-0.1015170355090897,0,0,0
5084,0,-0.6367781201545044,1.3621458905383077,1,0,0
15276,0,-0.3264058199906856,0.381852198312473,1,0,0
736,1,-0.2972395971816183,2.11308384379428,1,0,0
11561,1,-0.17121329237578534,1.4294175067483328,1,0,0
16110,1,-0.993837512050819,2.1933225949328645,1,0,0
19998,0,0.2602689293623431,-0.6692554513107053,1,0,0
11543,0,0.13580769481216795,3.747032033464263,1,0,0
357,1,-1.4825579979811205,0.04340740957693377,1,0,0
22438,0,1.0661542458006659,-0.2554577511573823,0,0,0
7702,0,-1.4296866344400736,-0.08920761645368662,1,0,0
21265,0,-0.34638044858759587,-0.865517201656522,1,0,0
16020,1,-1.1805147260435567,-0.2483912663761671,1,0,0
731,0,-0.8668020498427566,0.28397689544562565,1,0,0
17110,0,-0.5336226685034965,-1.6726838908663935,1,0,0
9857,0,-1.4643226830763967,-0.9082741027058773,1,0,0
9633,0,-0.22569044275385672,-0.3396411385367877,1,0,0
26053,1,0.412684777850471,0.579618114175793,1,0,0
22864,0,0.46820682324361873,-0.6719710701293322,0,0,0
14700,0,-0.4089521891172625,-2.412120430356707,1,0,0
6751,1,-0.9541741881310789,0.9762599699118919,1,0,0
221,0,0.11265032775973655,-0.8659618590306317,1,0,0
15418,0,-0.7002539095785049,-1.5349508523312339,1,0,0
3257,0,-0.83897949820851,-1.2075913147547814,1,0,0
13190,1,0.0196036439609786,0.2400852683304907,1,0,0
31795,0,2.668099969742424,1.037709865973521,0,0,0
14409,0,-1.039859392949269,-0.5824066807334232,1,0,0
5862,1,-1.0162744723113304,0.2854564268803658,1,0,0
19506,0,0.7974537522456466,1.144598554570323,0,0,0
32149,1,2.5889605627615033,1.0156152995674548,0,0,0
30528,0,2.24707457655384,-1.2633712975036198,0,0,0
26726,1,0.410263202845016,1.6535279724062002,1,0,0
488,1,-0.7125867624492784,2.6945628398661774,1,0,0
26279,0,1.298135546706732,-1.270478194097323,0,0,0
8661,0,-0.3789857688193461,2.4911051821105414,1,0,0
13903,0,-0.3992808554758157,-0.5922145618179678,1,0,0
22772,1,0.3370081082996122,-0.5458436135076191,1,0,0
866,0,-1.2416347673686257,-0.4816918774816072,1,0,0
9071,0,-1.1371614529882972,0.43787378306344854,1,0,0
6006,0,-0.7953566040399159,-1.3510536926647363,1,0,0
15420,0,-0.05568866782959659,0.1751193565190955,1,0,0
22494,0,0.3279858794747196,0.5172063337258578,1,0,0
8899,1,-1.1676285681886769,0.0377651262379393,1,0,0
19813,1,0.4118082962351738,-1.5017532851822677,1,0,0
27584,0,1.0702539825209068,-1.6752404768888474,0,0,0
9589,1,-1.1006520687496828,0.8234599593425351,1,0,0
27192,0,0.16265045197051844,-0.14426643350627383,1,0,0
3484,0,-0.5309150385684176,0.3828077374898102,1,0,0
11500,0,-0.49565053434378026,3.85493197402838,1,0,0
3309,0,-1.5551230278397128,-0.6053802578933924,1,0,0
19518,0,0.1890977716500474,1.0421213160345972,1,0,0
31884,0,2.5344191597425407,-2.2641922330360074,0,0,0
9630,1,-0.27198225637447726,1.2254763761861258,1,0,0
5201,0,-0.5783688749909967,0.7675150260116099,1,0,0
18310,1,0.6759357786249678,1.8507707827748734,1,0,0
2008,1,-1.2435010957231896,1.0884255609627003,1,0,0
27502,0,0.5421864699028199,-1.0018770015641725,1,0,0
11688,0,-0.8498678813219526,-0.60903005392498,1,0,0
19903,1,-0.2840557374990812,1.3755990067269812,1,0,0
1201,0,-0.9591885210644555,0.45836222648280006,1,0,0
19723,0,0.5135999180466981,-0.5927630570092282,0,0,0
10445,1,-1.1646792710487006,1.289095307539678,1,0,0
20605,0,1.0179164634146758,0.272747766348003,0,0,0
13436,0,-1.078622579934801,0.719298635205867,1,0,0
2808,1,-1.1448322287641413,-1.0092596644589298,1,0,0
15088,0,-0.6153751247105727,1.732393924639107,1,0,0
30978,0,1.8147440011755962,-0.2585880532394014,0,0,0
22209,0,0.7161793171197949,0.8482712001157656,0,0,0
11348,0,-1.3488001799657598,-0.34728564864590555,1,0,0
6296,0,-1.0393504575159542,0.1025650688993424,1,0,0
27783,1,0.7469759539735302,-1.097763297958504,1,0,0
15076,0,0.17046813367376917,0.9148333395222906,1,0,0
13317,0,-0.42663202057614,0.19146812385458567,1,0,0
25015,0,1.3992897807773323,-0.07050117732740889,0,0,0
28363,1,-0.6267013188980876,1.3203937696926544,1,0,0
4730,0,-1.3878372702028332,-1.8775010890507098,1,0,0
25427,0,-0.014923183088617042,0.39733399536172914,1,0,0
13643,0,-0.9421359562589181,1.7901764431520697,1,0,0
15344,0,-0.4910023716115476,0.9447539654260579,1,0,0
24772,0,1.2866766379886265,-1.3836784994758382,0,0,0
6043,0,-1.365176041384416,-0.8701641254056409,1,0,0
7089,0,-0.9790882709782488,-0.531538070459521,1,0,0
23426,0,0.6298874214991218,-0.6324173037861559,1,0,0
26431,0,-0.5355604433864978,-1.259332591299745,1,0,0
3562,0,-1.213678432346855,-1.5903471248155572,1,0,0
21715,0,0.3398367717830569,0.2699329131660592,1,0,0
7629,0,-0.3689387419808431,-0.5417713310912238,1,0,0
25064,0,0.9608118472263268,0.8547549889524962,0,0,0
7889,1,-0.607195632199433,0.4016617569800634,1,0,0
20839,0,1.1537880376843301,-0.49667090111796347,0,0,0
15017,0,-0.6508055829125771,-1.1636112906765044,1,0,0
17858,0,1.905959125858371,0.29519554091172046,0,0,0
21652,0,0.480635937196405,-0.09205029691489981,1,0,0
24401,0,1.0736702563783396,1.6635390035315512,0,0,0
7028,0,-1.339294903185231,-1.4886327461352409,1,0,0
19782,0,-0.3484979208398949,-1.4317003638004848,1,0,0
13329,0,-0.5143252571992379,-1.6760626997577732,1,0,0
31551,1,2.789798342580177,2.211838459914191,0,0,0
11505,0,-0.6632352577256947,-1.2064916072002991,1,0,0
20351,0,1.1710469221025714,-2.243011038129558,0,0,0
4316,0,-1.0284950881673283,0.7299959730446722,1,0,0
19491,0,0.3605036474838077,0.6722357338263417,1,0,0
20236,0,0.03469242273573505,-1.3054079837792196,1,0,0
29874,0,2.9589996677067223,-0.23387556773824275,0,0,0
15885,0,-0.09176662447012032,-1.4333087627785714,1,0,0
10287,0,-0.9819340941364747,-0.1259482038165246,1,0,0
6375,0,-0.6066756438589086,-0.7519586154578146,1,0,0
3445,0,-1.0307132728082116,0.5097464489549913,1,0,0
2077,0,-0.8527261775118805,-0.7703403537013518,1,0,0
11032,0,-1.3771323344501736,0.2838841917459143,1,0,0
26287,0,1.8207535990731276,0.235602572465213,0,0,0
14857,0,-0.661270318718172,-1.4710397497977203,1,0,0
22964,1,1.2886664237852044,5.179282343080921,0,0,0
821,0,-0.2878428052814654,1.5026976856188408,1,0,0
27057,0,0.49591577991346736,-1.0575989385954176,1,0,0
25947,0,0.012712834998780365,0.2655449415233506,1,0,0
21953,0,0.6861205004594678,-0.3929400647205203,1,0,0
26759,0,1.758054125495751,-2.281710070748594,0,0,0
12859,0,-0.4260521413449017,0.9024690562674773,1,0,0
30309,0,2.8054854529328335,-1.535053273344295,0,0,0
21696,0,0.6943045148763869,0.20111616789574555,0,0,0
22410,0,0.005900259311124223,-0.12839217126939723,1,0,0
7342,0,-1.070261965532582,-1.0280879484072185,1,0,0
16668,1,-1.4229287612160948,0.486108743893187,1,0,0
32353,1,5.878180636634453,-1.2557783986601379,0,0,2
23364,0,0.3073780193716792,-1.0284810685020565,1,0,0
26955,0,0.3053785394230818,-1.2895616920460526,1,0,0
24977,0,0.5230428901439029,-1.23853619030451,1,0,0
5858,0,-0.5407278241606487,1.5498781068325145,1,0,0
18648,1,0.8371884800245781,1.2460725286803387,0,0,0
3379,0,-0.7484726304052308,0.6524851327271359,1,0,0
6348,0,-0.7959372727943735,-2.050236107609883,1,0,0
31267,0,4.129505731931749,0.4217853515341812,0,0,0
13731,0,-0.8549552069152819,-0.09008871493704908,1,0,0
21649,0,1.168049077403902,0.00863808825910671,0,0,0
7820,0,-0.4726528057609558,1.7164350190915227,1,0,0
9143,0,-1.411553333839387,-2.143903230262373,1,0,0
17471,0,-0.7795245727319609,0.193492118595133,1,0,0
32162,0,2.0354257819041406,-1.0059845524036553,0,0,0
11081,1,-1.2685758824795241,1.5501012804380359,1,0,0
1636,0,-0.8184436196059003,-1.3818632885199225,1,0,0
2948,1,-1.630006171948973,0.07617328566867136,1,0,0
27383,0,1.5158503157001244,-0.5716974471633707,0,0,0
29111,0,-0.30101403760854,-1.6793157512565517,1,0,0
3081,0,-1.133193633594792,-0.8002748700220628,1,0,0
21174,0,0.17267734870001408,-0.39071428157816884,1,0,0
1259,0,-1.395643492279982,0.10575099438275491,1,0,0
19178,0,1.5782601332967616,-1.6112277036985916,0,0,0
7486,0,-0.40559459536181336,2.422809330399941,1,0,0
29990,1,2.1747496784807225,0.09359066410780591,0,0,0
17262,0,-0.5265999871185781,-0.616981616001713,1,0,0
8843,0,-1.035104676979045,-1.5155783555280251,1,0,0
8151,1,-0.45675730514385815,0.19499472077479096,1,0,0
31529,0,2.9257134292617124,0.9574588272401411,0,0,0
18088,0,1.9850420147450751,-1.4683631773700967,0,0,0
19480,1,0.7547218518325621,0.006096884359179142,0,0,0
10700,0,-1.0682481836835407,0.06525941765091037,1,0,0
20225,0,0.5201320690817416,-1.1850704923332527,0,0,0
18790,1,-0.35544262802790294,-2.0801169431193727,1,0,0
6383,1,-1.5537074392260062,0.12919188243949153,1,0,0
27801,0,1.7602706147557596,-0.3419293465227225,0,0,0
19800,0,0.6496021032150859,-1.5337129916563093,0,0,0
7492,0,-0.4898813808786001,-1.5407317031848609,1,0,0
7876,1,-1.2946339690205735,0.8641833025681736,1,0,0
11026,0,-0.5343074390930213,1.66552757897781,1,0,0
20058,0,0.10602122482121204,-0.05792959385347403,1,0,0
28713,0,-0.10178577636594027,-2.248457074474851,1,0,0
15072,0,-1.1431778710496439,-0.7719004695484333,1,0,0
5081,0,-0.25859583693797383,-1.5620801124109278,1,0,0
18797,1,1.0064511395781304,-2.027833629408953,0,0,0
8114,0,-0.369882241779168,-1.063718868909557,1,0,0
3321,0,-0.9988904686151793,-0.5572698765703131,1,0,0
4078,0,-0.9594914921408411,-0.805446416095469,1,0,0
14749,0,-1.0641308796980113,-0.9163801045875661,1,0,0
10725,0,-1.3446598352210593,0.23109621043296175,1,0,0
26659,0,0.9779194106541497,-0.4486894643489932,0,0,0
8373,0,-1.0026629359559394,-0.8077066547525175,1,0,0
27271,0,1.175157437469995,-1.7663166670193642,0,0,0
5143,0,-0.7003306089308928,0.26431486273227356,1,0,0
7482,1,-1.3354654754691968,-0.2333715440381794,1,0,0
25502,0,1.4210151476840867,1.070315679680873,0,0,0
18295,1,1.5481762862219803,2.8053967661754218,0,0,0
23065,0,1.057829688851719,-0.03705091510192708,0,0,0
21056,1,0.7791168543216883,-0.6781423653864243,0,0,0
31344,0,2.007971151868305,-0.8230148553702608,0,0,0
12469,0,-1.1773979470327027,-2.3070851017061527,1,0,0
19651,0,-0.4182525434708343,-1.5211361043548746,1,0,0
31123,0,3.498165607417407,-1.1809871276465005,0,0,0
27423,0,-0.2561528493215566,1.0896596744982046,1,0,0
16765,0,-1.054196003949698,-0.6288544697196561,1,0,0
28168,0,1.262480195271234,-1.3622748008857701,0,0,0
4207,0,-1.2492384488619637,-0.03220337372314114,1,0,0
11029,0,-1.6152993818020749,-1.217329838988327,1,0,0
25586,1,0.15722855951513218,0.9222295732853959,1,0,0
18566,0,-0.31918890050704796,-1.612817982187263,1,0,0
14337,1,-0.9059599235884969,1.9116506193001268,1,0,0
6527,0,-1.329013448047918,-1.7806402251358524,1,0,0
5828,0,-0.42776404626505243,-1.0258108152794592,1,0,0
20650,0,0.019436240641856915,-0.4738636876062427,1,0,0
5155,0,-0.826101581789888,0.7640185103691555,1,0,0
6280,0,-1.2588420785874195,-0.9847731670288138,1,0,0
22595,0,0.044758281621213335,-0.10402824774023155,1,0,0
19076,1,-0.663983082846907,1.793286351976789,1,0,0
13584,0,-0.9360225487737309,1.199382495400665,1,0,0
26514,1,0.1549578481813432,2.650043342934743,1,0,0
29224,0,4.103411709267576,0.7175579490455913,0,0,0
5462,0,-0.920357629225528,1.6193517422824588,1,0,0
22905,0,0.6553422075998833,-1.3950797570269367,0,0,0
14961,0,-0.5554931778630043,-1.462333561198669,1,0,0
23101,0,0.23543307002743072,-1.3994008366492372,1,0,0
30831,0,4.03223317873381,-0.22975878290583512,0,0,0
21567,1,-0.1716134678736511,0.6430833311593832,1,0,0
22895,0,1.3167755418992433,-0.019629954815384862,0,0,0
14854,0,-0.8829006942062155,-0.663750306120283,1,0,0
3542,0,-0.8669079860908808,1.0000141593593104,1,0,0
1182,1,-1.142413115322418,2.1519840419155947,1,0,0
17972,0,1.387681575232296,-0.8546314113767195,0,0,0
4365,0,-1.8600359123044046,-0.4992499875083804,1,0,0
26638,0,1.2903527326507354,1.2003163090903184,0,0,0
31549,0,3.1558240371778767,-1.2628084774352175,0,0,0
16032,0,-0.5252054580384498,0.7079276538110515,1,0,0
19222,1,0.5202388608507467,-1.4495680748693518,0,0,0
5078,0,-1.0074889096647126,-1.0422034322944231,1,0,0
14425,1,-1.5058134429014272,3.5173788335758247,1,0,0
17,1,-0.016811626465467723,4.61896852943879,1,0,0
16096,0,-1.197448112968164,-0.2537664334174712,1,0,0
17024,0,-0.6991457068802591,-1.0302900734974478,1,0,0
11266,0,-0.796948307790231,0.42401803056108794,1,0,0
13502,0,-0.7839347916007281,-0.9755404463175179,1,0,0
25746,1,1.3453890643512818,0.47621849327307747,0,0,0
14028,0,-0.8646871512854161,0.1429068317730834,1,0,0
15456,0,-0.08706234315236033,0.3227668381053272,1,0,0
31032,0,2.7425182826620818,-1.695242419875375,0,0,0
13116,0,-0.9731645322728111,-0.5044287095946663,1,0,0
26777,0,0.24275820623615732,0.43311310910827455,1,0,0
26071,0,2.362992069193128,0.3901656901158546,0,0,0
8467,0,-0.5940096879730027,-2.3093172746674946,1,0,0
32318,1,5.3803242204879425,2.496580277259158,0,0,2
10803,0,-1.214505244056291,1.2325110288874956,1,0,0
4077,0,-1.0776707441831017,-0.22991821200814,1,0,0
2797,1,-0.6592335250534979,0.5774815949936178,1,0,0
2979,0,-1.4317006375489425,0.02237718314297514,1,0,0
852,0,0.2959508062438211,1.343918008841432,1,0,0
2650,0,-1.257534952336347,-1.650729179684347,1,0,0
29077,0,-0.3814501439658739,-0.7031348499164216,1,0,0
2305,0,-0.9020649976341193,1.1316827875560371,1,0,0
17284,0,-1.3020589738506592,-1.792404745741861,1,0,0
11749,0,-0.6351148020630631,-0.0590161673569521,1,0,0
25459,0,0.4120295965892621,0.5960632033974845,1,0,0
19368,0,0.4609948295089179,-1.397080105226479,0,0,0
20192,1,0.45941730916941304,-0.48673133636102334,0,0,0
27550,0,2.29830728523802,-1.4901485377031483,0,0,0
1713,0,-1.3003306582977128,-0.9328141693091239,1,0,0
2303,0,-1.3680366327120252,-0.879355352486078,1,0,0
9322,0,-0.35922716027757684,-0.013698657068535791,1,0,0
28875,0,1.0914993833802298,1.9700752859473873,0,0,0
12971,0,-0.6818515169415093,-0.7209615245054874,1,0,0
3464,1,-0.779469533492208,0.9103854653353172,1,0,0
11609,0,-1.0301150219840267,-0.04964995763925463,1,0,0
7203,0,-0.16376610010864376,-0.586854714297481,1,0,0
27572,0,1.1594179114097392,1.213220253968037,0,0,0
31226,0,3.158298291556201,0.43894455238890256,0,0,0
24717,0,-0.04570166420602883,-0.7221606153575134,1,0,0
31822,0,4.103160823684336,1.480824660729411,0,0,0
31076,0,2.704552702902008,0.14576283463722417,0,0,0
25822,0,0.9804105190281752,0.27166159791279443,0,0,0
19686,0,0.3874509440584842,-1.970214295459131,1,0,0
17637,1,-1.2327544734230438,2.364808752433076,1,0,0
21763,0,0.9617054167134561,-1.3474185551685478,0,0,0
18621,0,0.5382892461679406,1.6137192906496565,1,0,0
25396,0,0.27652827778973943,0.06138655888296572,1,0,0
24185,0,0.4477778613844435,-2.047408986322332,0,0,0
9217,1,-1.2333643098007527,1.2782372712857148,1,0,0
21375,0,-0.09879080473380522,0.021232673681854428,1,0,0
17021,0,-1.174317729397694,0.39803598417892644,1,0,0
2069,1,-0.8609209453017643,0.07824476455387634,1,0,0
10655,0,-0.7218338907611158,-0.2678951383996882,1,0,0
17019,0,-1.1441952304029552,-1.80378827247704,1,0,0
9015,0,-1.0453495335203553,-0.04272758533826217,1,0,0
11539,0,-0.7583852669336558,-1.0545149090808752,1,0,0
15888,0,0.28179479840837185,-0.9876657109756695,1,0,0
2337,0,-1.5061756562880275,-0.7545083419929879,1,0,0
17724,1,-0.20476454755718498,0.0005936198008871657,1,0,0
24087,0,0.308529664607782,0.6435483245513332,1,0,0
543,1,-1.1169089540686448,4.063524392852202,1,0,0
28486,0,1.2123069867083045,-0.19824030293314554,0,0,0
30374,0,2.4880800083175654,-1.313487010852687,0,0,0
1486,0,-1.2232467533132032,-1.0527055514222028,1,0,0
10425,1,-1.2475761760941004,0.3883751544264767,1,0,0
6200,0,-0.7157862111783203,0.13599082637396925,1,0,0
31279,0,2.383679060183874,-1.000710005793948,0,0,0
11871,0,-0.5040295509315313,-2.1274190724722537,1,0,0
26625,0,0.519111498873773,-0.714407861237375,1,0,0
14278,0,-0.5460401431271849,1.2596022373090083,1,0,0
27855,0,2.082141859955327,1.0110992353765762,0,0,0
3143,0,-1.5923442309154459,-1.4666932188679003,1,0,0
